transaction_amount,transaction_frequency,account_balance,transaction_duration,num_items,discount_pct,customer_age,days_since_last_txn,customer_tenure_months,credit_score,risk_score,pca_1,pca_2,pca_3,kmeans_cluster,hierarchical_cluster,dbscan_cluster,gmm_cluster,anomaly_label,anomaly_score
12.92,11,1726.4,1.36,1,7.39,37,4.02,7,684.0,25.24,-1.5435,-0.8159,0.0172,1,1,0,5,1,-0.4265
110.88,13,22670.46,17.61,2,9.37,57,0.07,38,667.0,27.99,-0.1218,-0.5794,-0.9078,0,0,0,1,1,-0.4653
454.11,5,15036.56,16.82,12,10.24,29,9.05,44,682.0,18.05,0.5863,2.0915,-1.1042,0,0,0,7,1,-0.5073
11.74,13,2777.54,1.55,3,3.72,25,3.89,13,668.0,21.39,-1.9121,-0.9016,0.1021,1,1,0,5,1,-0.4025
32.62,18,3206.14,3.07,3,,24,0.5,14,608.0,17.56,-2.6262,-0.6587,-0.3035,1,1,0,0,1,-0.4192
90.83,15,1078.74,1.16,5,1.27,39,7.82,16,550.0,49.92,-2.331,-0.0845,1.082,1,1,0,8,1,-0.4799
10.13,22,1671.15,1.34,2,1.98,22,0.38,9,646.0,20.44,-2.9708,-1.6488,0.1758,1,1,0,0,1,-0.4497
368.71,8,13616.14,0.15,5,13.37,47,4.94,39,708.0,10.29,0.2982,0.292,-1.4517,0,0,0,3,1,-0.4427
141.1,9,9525.73,4.94,9,5.3,39,11.35,37,695.0,4.56,0.1323,0.2843,-1.244,0,0,0,3,1,-0.4629
17.35,15,1575.41,9.34,3,1.16,48,1.75,7,706.0,32.02,-1.3837,-1.1214,-0.2291,1,1,0,5,1,-0.4471
412.19,6,10377.33,7.02,5,11.03,39,0.94,21,687.0,17.26,-0.3489,0.4148,-1.0574,0,0,0,3,1,-0.4223
11.33,16,1689.57,3.06,4,9.99,42,3.07,11,617.0,43.19,-2.1712,0.4221,0.0726,1,1,0,0,1,-0.4347
25.11,14,2219.24,1.32,6,6.3,34,3.45,10,610.0,24.28,-2.1347,0.1209,-0.4277,1,1,0,0,1,-0.4133
8.46,16,930.05,1.4,1,8.42,28,2.35,5,730.0,29.86,-2.021,-0.751,0.2115,1,1,0,0,1,-0.4384
185.32,7,12059.98,2.19,9,14.72,43,0.18,41,707.0,23.37,-0.0911,1.6463,-1.8893,0,0,0,3,1,-0.4574
1055.02,7,100210.38,23.87,3,3.86,37,12.11,63,805.0,3.89,3.4853,-1.2708,0.3586,2,2,1,2,1,-0.5376
7.2,12,1950.07,1.95,4,6.21,45,1.23,18,626.0,27.58,-1.6077,-0.3551,-0.615,1,1,0,0,1,-0.4222
199.43,10,17424.72,0.89,2,12.22,42,4.94,42,765.0,10.95,0.3105,-0.6124,-1.0321,0,0,0,3,1,-0.4518
9.57,20,2305.5,2.05,7,6.03,29,2.41,10,552.0,11.79,-2.9063,-0.1061,-0.816,1,1,0,0,1,-0.4698
27.26,12,678.27,3.78,3,2.81,30,4.41,16,620.0,10.61,-1.7671,-1.2057,-0.2995,1,1,0,5,1,-0.4114
12.84,19,1502.89,5.04,3,6.09,18,3.95,14,691.0,59.37,-2.6244,0.1052,1.5148,1,1,0,5,1,-0.4427
501.87,6,16342.8,3.35,3,9.24,53,16.67,19,712.0,11.05,0.8697,-0.2767,-0.1287,0,0,0,7,1,-0.4638
19.18,10,1548.68,4.91,3,7.93,25,2.56,12,637.0,31.75,-1.9732,-0.0274,0.2345,1,1,0,5,1,-0.3951
16.32,23,949.24,2.33,4,6.04,43,0.07,9,711.0,25.53,-2.1332,-0.8056,-0.7526,1,1,0,0,1,-0.4679
516.58,2,40147.56,50.47,10,14.9,50,27.11,23,684.0,59.91,1.8561,3.5939,0.9455,0,0,0,4,-1,-0.5698
92.53,21,2632.37,8.87,2,0.5,19,7.78,1,653.0,14.4,-2.5017,-1.6942,0.7089,1,1,0,8,1,-0.488
1987.56,1,113804.11,2.67,3,4.15,42,28.46,54,775.0,11.18,3.8991,-0.8619,1.4337,2,2,1,6,1,-0.521
11.68,16,2088.26,0.71,6,5.87,32,1.77,4,627.0,33.22,-2.5259,0.2139,-0.1479,1,1,0,0,1,-0.4355
235.79,4,10091.06,7.45,7,,38,1.16,21,762.0,28.32,-0.0313,0.764,-0.9522,0,0,0,3,1,-0.4448
11.97,11,2741.43,4.63,4,8.82,18,1.85,10,743.0,29.38,-1.6686,0.1688,-0.0199,1,1,0,0,1,-0.4287
30.47,14,2735.69,8.91,2,7.52,32,2.59,9,672.0,13.8,-1.6564,-0.8706,-0.4666,1,1,0,5,1,-0.3985
86.94,12,2225.03,0.74,2,4.56,18,0.49,20,664.0,17.54,-1.9966,-1.1377,-0.0123,1,1,0,8,1,-0.425
1320.27,6,57263.38,10.74,7,12.87,46,14.96,42,704.0,30.07,2.1477,1.4569,0.5145,0,0,0,9,1,-0.5057
805.06,4,52005.29,2.84,13,12.54,41,6.77,19,778.0,75.19,0.7865,3.5405,0.7692,0,0,0,9,-1,-0.5792
60.28,9,1435.7,6.17,8,1.69,30,3.79,11,623.0,17.43,-1.6097,0.0937,-0.6402,1,1,0,8,1,-0.4442
297.89,8,16013.23,10.71,6,6.28,59,1.95,28,717.0,4.81,0.5642,-0.4172,-2.0013,0,0,0,3,1,-0.438
946.95,4,82635.98,25.62,2,4.76,52,3.53,49,768.0,1.19,3.004,-1.4413,-0.7285,2,2,1,2,1,-0.4953
1818.79,4,48841.8,3.43,12,16.0,18,3.93,32,670.0,38.97,0.5694,3.2712,0.2127,0,0,0,9,-1,-0.5876
259.96,8,48908.45,17.89,5,12.74,18,8.32,36,,33.69,0.0849,1.1322,0.6499,0,0,0,9,1,-0.4719
399.71,12,12933.74,14.32,3,6.38,36,18.32,42,703.0,57.85,0.1886,0.3568,2.0332,0,0,0,7,1,-0.4955
1613.66,5,101922.4,64.84,1,2.0,65,42.5,69,820.0,1.05,5.6153,-1.8923,0.5294,2,2,1,6,-1,-0.555
1688.08,4,122660.78,16.07,4,3.86,56,9.15,47,700.0,29.34,3.1999,-0.3786,0.9673,2,2,1,2,1,-0.5309
15.91,7,796.23,0.2,6,5.28,34,0.58,5,549.0,11.61,-2.1611,-0.0332,-0.9552,1,1,0,0,1,-0.476
59.44,19,1293.07,18.34,5,3.64,38,1.02,17,620.0,14.28,-1.8071,-0.7855,-0.8985,1,1,0,8,1,-0.4561
44.14,15,1985.18,9.57,1,6.06,19,3.38,3,615.0,55.42,-2.8481,-0.1606,1.7404,1,1,0,8,1,-0.475
3507.7,5,57670.81,36.4,4,4.36,41,20.54,67,783.0,2.36,4.1621,-0.7253,0.5109,2,2,1,6,1,-0.541
1236.63,2,84334.0,1.42,2,0.73,49,36.03,60,794.0,3.22,3.7687,-1.8123,0.8472,2,2,1,6,1,-0.5389
36.08,10,52793.57,39.0,7,21.36,54,13.26,22,693.0,58.03,0.9792,3.2093,0.2894,0,0,0,9,-1,-0.5706
321.68,10,23784.55,13.06,7,12.29,58,3.8,42,676.0,3.03,0.7426,0.4095,-2.2233,0,0,0,1,1,-0.4683
341.02,7,15418.86,13.07,4,7.81,44,2.59,57,738.0,18.19,0.8996,-0.4175,-1.0979,0,0,0,1,1,-0.4364
488.02,7,71147.07,39.29,4,20.44,30,2.5,37,710.0,57.91,1.0104,2.404,0.7755,0,0,0,9,-1,-0.5612
1990.36,4,20381.61,16.37,11,14.87,27,2.63,33,648.0,46.16,0.5186,3.1369,0.0956,0,0,0,9,-1,-0.5721
148.55,4,3918.34,7.86,2,8.72,37,17.03,35,701.0,17.98,0.4778,-0.2944,0.364,0,0,0,3,1,-0.4597
171.86,9,16612.06,14.52,5,5.75,40,10.78,21,693.0,16.32,-0.018,-0.1403,-0.2653,0,0,0,1,1,-0.4225
17.49,12,2989.49,16.6,2,2.44,39,0.81,11,647.0,73.49,-1.9125,-0.0148,1.5485,1,1,0,5,1,-0.4733
281.58,6,16899.16,5.9,4,9.73,53,6.34,41,737.0,24.7,0.8,0.0299,-0.8215,0,0,0,3,1,-0.4241
17.96,14,818.81,0.82,1,1.21,18,1.34,15,666.0,59.33,-2.6523,-0.8165,1.7901,1,1,0,0,1,-0.4529
16.51,14,485.54,9.11,3,0.15,18,1.94,9,660.0,35.38,-2.3666,-0.9249,0.808,1,1,0,5,1,-0.4375
16.59,15,2833.77,1.74,1,8.78,18,4.82,13,625.0,59.25,-2.7681,0.1428,1.8249,1,1,0,5,1,-0.4634
250.37,12,14913.67,8.61,5,7.96,63,2.39,26,747.0,8.65,0.414,-0.5385,-1.9338,0,0,0,3,1,-0.4427
110.43,7,16008.78,16.39,4,13.56,47,6.07,39,710.0,3.98,0.6765,0.1114,-1.6193,0,0,0,1,1,-0.4411
171.14,6,63306.89,1.91,11,20.18,47,16.99,14,686.0,66.6,0.3741,4.1575,0.8651,0,0,0,9,-1,-0.6034
3685.82,6,130511.67,0.92,1,3.31,54,47.06,17,786.0,6.48,3.1861,-1.5645,1.4612,2,2,1,6,-1,-0.5557
1801.68,5,123670.94,9.67,2,4.54,48,0.04,37,754.0,29.62,2.4772,-0.9071,0.7421,2,2,1,2,1,-0.5255
6.43,13,1647.77,2.72,3,3.18,32,19.55,14,642.0,35.65,-1.3143,-0.414,1.6031,1,1,0,8,1,-0.4726
294.94,7,16849.17,13.06,6,7.86,56,4.28,45,688.0,15.03,0.8008,0.0333,-1.5159,0,0,0,1,1,-0.4463
373.77,7,15031.54,15.74,1,8.82,49,1.32,62,,6.24,1.0207,-1.2795,-1.3823,0,0,0,1,1,-0.4769
287.01,6,13063.07,5.82,2,13.07,53,0.04,43,785.0,31.54,0.7278,-0.0178,-1.0421,0,0,0,3,1,-0.4774
1977.02,2,53466.44,2.16,3,3.69,44,18.79,75,754.0,8.62,3.5165,-1.1212,0.7447,2,2,1,2,-1,-0.5605
613.44,4,48202.25,0.6,7,,39,0.81,36,717.0,47.08,0.4326,1.0757,0.1126,0,0,0,9,1,-0.4811
8.15,13,1160.66,7.6,6,2.07,24,5.09,5,741.0,50.64,-1.7752,0.3256,0.8636,1,1,0,5,1,-0.4665
10.52,16,1472.98,17.67,6,6.46,18,0.48,11,788.0,61.16,-1.7993,0.9602,0.7684,1,1,0,5,1,-0.5159
8.48,11,1040.36,6.87,1,2.09,34,4.61,10,595.0,43.59,-2.1081,-0.8868,1.119,1,1,0,5,1,-0.4334
41.25,16,1868.42,2.45,3,2.26,19,0.59,12,655.0,14.57,-2.4151,-1.3199,-0.1136,1,1,0,0,1,-0.4176
42.09,20,2975.23,17.77,2,1.15,25,1.11,13,714.0,14.62,-1.8148,-1.7658,-0.1727,1,1,0,8,1,-0.4537
116.34,11,26680.57,34.06,2,9.63,29,6.37,18,784.0,5.73,0.4162,-0.5825,-0.561,0,0,0,1,1,-0.494
18.59,17,1188.9,2.41,2,9.66,32,1.53,4,706.0,21.14,-2.0443,-0.6154,-0.3872,1,1,0,0,1,-0.4317
1231.29,12,20177.19,9.41,3,6.24,40,6.29,48,711.0,17.88,0.894,-0.8456,0.0385,0,0,0,7,1,-0.4878
352.17,14,17780.53,6.6,4,12.68,39,3.62,33,684.0,35.82,-0.6876,0.5091,-0.1599,0,0,0,3,1,-0.4431
3382.67,2,122489.94,14.55,1,2.82,36,9.33,74,740.0,2.36,3.7576,-1.8254,0.7345,2,2,1,2,1,-0.5171
142.25,7,8465.55,3.71,4,6.5,54,0.69,28,716.0,3.22,0.0795,-0.8973,-1.8954,0,0,0,3,1,-0.435
334.72,4,13746.51,25.17,5,12.17,49,1.51,46,682.0,28.33,0.8336,0.8214,-1.142,0,0,0,1,1,-0.4558
1349.58,0,43194.91,6.53,1,4.12,29,10.5,46,772.0,2.35,2.2987,-1.4503,0.5229,2,2,1,2,1,-0.5235
258.39,15,1851.62,4.51,3,5.73,23,0.75,5,686.0,42.56,-2.2441,-0.2097,0.7327,1,1,0,7,1,-0.4295
79.69,11,18607.63,0.99,7,13.46,34,8.67,35,801.0,23.74,0.1139,1.0431,-0.8144,0,0,0,3,1,-0.4698
113.52,17,940.5,2.03,1,3.91,35,0.72,10,668.0,11.62,-1.9768,-1.773,-0.44,1,1,0,8,1,-0.4335
18.6,12,2037.9,4.42,3,3.33,27,4.18,12,650.0,10.78,-1.7443,-1.1229,-0.2684,1,1,0,5,1,-0.4054
21.06,21,1280.92,4.38,1,3.47,26,1.0,14,627.0,22.51,-2.73,-1.6223,0.2403,1,1,0,0,1,-0.4339
94.69,2,47058.59,10.38,6,22.17,44,,35,755.0,62.28,0.8899,2.9732,0.2136,0,0,0,9,1,-0.528
883.09,1,64385.64,127.42,1,3.36,57,8.35,63,797.0,22.65,3.819,-1.1777,0.0937,2,2,1,2,1,-0.5486
1244.56,3,58108.04,43.42,3,0.16,54,11.14,55,692.0,2.31,3.3611,-1.428,-0.1092,2,2,1,2,1,-0.539
13.14,11,3998.62,1.15,5,7.99,30,0.46,8,663.0,20.5,-1.8701,0.0488,-0.6937,1,1,0,0,1,-0.4119
29.34,23,1866.49,4.52,1,6.34,18,0.54,11,659.0,20.96,-2.9353,-1.3542,0.2339,1,1,0,0,1,-0.4797
18.56,11,2641.43,0.78,2,9.29,39,0.1,11,614.0,11.11,-1.8182,-0.7356,-0.9281,1,1,0,0,1,-0.4365
17.25,19,667.35,0.36,5,9.61,25,5.05,14,650.0,28.08,-2.4148,0.2187,-0.0288,1,1,0,5,1,-0.4336
1117.52,5,51864.03,26.22,5,13.56,41,7.76,12,645.0,47.01,0.8161,1.7779,1.0651,0,0,0,9,1,-0.5111
444.94,11,9680.07,7.6,6,10.82,48,9.86,36,725.0,9.6,0.5462,0.2417,-1.1676,0,0,0,3,1,-0.4453
470.25,9,11092.57,0.41,7,,38,11.63,23,751.0,37.64,-0.0057,0.9203,0.2958,0,0,0,7,1,-0.4635
43.27,19,1097.24,3.21,4,8.34,30,2.05,11,672.0,25.5,-2.2504,-0.2684,-0.3049,1,1,0,0,1,-0.4067
4.1,12,128.42,3.78,5,1.25,19,3.51,8,614.0,33.98,-2.5119,-0.2903,0.6273,1,1,0,5,1,-0.4427
10.37,15,1614.44,0.42,4,8.13,24,2.91,10,653.0,17.74,-2.2385,-0.2948,-0.3325,1,1,0,0,1,-0.4095
31.11,12,2921.02,2.86,3,7.21,18,2.86,13,715.0,55.36,-2.0651,0.3282,1.2108,1,1,0,0,1,-0.4445
247.59,9,12779.93,12.58,6,5.35,54,2.95,40,738.0,19.51,0.5922,-0.2476,-1.3889,0,0,0,1,1,-0.4343
1096.79,5,64019.84,6.27,5,11.07,32,1.54,22,749.0,29.5,0.9303,0.7244,0.2208,0,0,0,9,1,-0.4862
16.83,9,2968.18,3.27,1,2.88,18,1.08,17,649.0,58.57,-2.2901,-0.4548,1.6821,1,1,0,0,1,-0.4541
82.46,17,1765.06,5.68,4,2.63,33,0.68,11,661.0,23.89,-2.071,-0.9186,-0.2798,1,1,0,8,1,-0.4062
90.46,11,1231.11,4.36,2,2.5,39,9.47,5,583.0,44.47,-1.9291,-0.5253,1.3237,1,1,0,8,1,-0.4598
15.34,22,2675.45,0.68,3,2.29,36,3.3,5,658.0,16.7,-2.4466,-1.5023,-0.2432,1,1,0,0,1,-0.4416
2164.9,7,55917.29,4.34,4,16.18,34,28.74,24,766.0,62.71,1.6486,2.0454,2.715,0,0,0,4,-1,-0.5851
14.72,13,2112.11,1.39,3,1.77,25,3.88,3,623.0,26.18,-2.422,-0.9248,0.4844,1,1,0,5,1,-0.4158
6.44,16,1461.26,8.66,3,7.42,18,3.66,4,627.0,6.99,-2.4302,-0.7169,-0.2796,1,1,0,5,1,-0.4413
18.97,14,928.15,5.44,1,2.62,27,7.07,12,632.0,42.12,-2.1544,-0.933,1.3594,1,1,0,5,1,-0.4224
1029.65,1,137315.36,4.1,2,0.47,53,5.36,36,793.0,0.07,3.054,-1.9784,-0.1988,2,2,1,2,1,-0.5413
12.18,7,2260.59,4.69,4,2.77,34,6.06,10,581.0,11.63,-1.565,-0.719,-0.2887,1,1,0,5,1,-0.4357
668.27,6,22550.65,21.83,1,8.08,53,7.37,58,759.0,8.75,2.119,-1.1757,-0.8236,2,0,0,7,1,-0.5001
1261.99,5,110537.32,46.29,1,2.96,56,16.92,78,814.0,4.94,5.2223,-1.7415,0.5165,2,2,1,2,-1,-0.5582
208.99,9,11089.68,12.79,3,13.74,47,3.15,45,648.0,19.85,-0.0272,0.1548,-1.0646,0,0,0,1,1,-0.4463
456.44,10,9913.92,33.99,4,6.82,29,13.93,60,696.0,16.86,1.1018,-0.2097,0.1627,0,0,0,7,1,-0.4979
10.65,18,1715.0,3.79,2,5.86,40,3.78,21,712.0,32.6,-1.5214,-0.9377,0.0075,1,1,0,5,1,-0.4249
354.32,10,5789.39,11.41,2,9.46,48,3.23,1,671.0,21.05,-0.8377,-0.3468,-0.4671,1,1,0,7,1,-0.4742
17.49,11,211.39,14.31,6,6.34,28,2.11,5,701.0,12.68,-1.376,0.0336,-0.9452,1,1,0,5,1,-0.4272
51.33,12,1439.1,1.6,3,7.34,31,9.84,11,588.0,52.51,-2.1778,0.4129,1.4774,1,1,0,8,1,-0.4384
2490.94,4,38258.61,14.48,6,13.38,31,,15,639.0,51.35,0.4813,2.0825,1.4464,0,0,0,9,1,-0.521
8.05,16,2741.84,17.81,2,7.32,31,2.47,7,592.0,21.52,-2.1955,-0.6283,-0.0427,1,1,0,8,1,-0.4447
86.88,6,11979.99,1.17,2,11.64,33,12.29,38,800.0,7.48,0.657,-0.4685,-0.494,0,0,0,3,1,-0.4868
733.49,4,34935.06,17.03,8,15.5,31,5.33,23,736.0,19.51,0.8437,1.8838,-0.7788,0,0,0,9,1,-0.4725
197.35,9,13723.57,22.84,4,12.99,62,3.0,36,753.0,15.81,1.0551,0.1574,-1.8345,0,0,0,1,1,-0.4573
250.93,6,46162.53,10.01,6,12.65,46,7.9,28,654.0,28.39,0.3751,1.1407,-0.3434,0,0,0,9,1,-0.4391
76.97,8,10815.84,10.88,3,10.01,49,16.62,38,733.0,3.17,0.9924,-0.494,-0.7376,0,0,0,7,1,-0.4612
405.53,3,22747.77,9.73,6,13.73,33,0.84,61,724.0,31.83,0.7812,1.1793,-0.8587,0,0,0,3,1,-0.4767
1190.31,3,111914.54,6.66,2,2.73,56,10.38,58,757.0,0.69,3.6252,-1.7804,0.0121,2,2,1,2,1,-0.5134
344.96,9,9362.49,7.88,6,6.53,39,1.13,23,707.0,10.19,-0.3754,-0.1711,-1.3081,0,0,0,3,1,-0.4187
23.47,11,1412.8,0.51,7,5.07,31,0.78,5,683.0,25.95,-1.8588,0.2827,-0.6567,1,1,0,0,1,-0.4417
16.99,18,2440.04,5.51,2,5.27,33,0.42,11,648.0,24.76,-2.2811,-1.0729,-0.1303,1,1,0,0,1,-0.4109
4952.45,3,133425.34,81.67,1,4.25,43,10.06,35,810.0,5.74,4.0511,-1.263,0.7523,2,2,1,2,1,-0.5169
1123.88,3,109266.35,12.73,2,3.01,48,2.62,64,751.0,8.71,3.1875,-1.6151,-0.1321,2,2,1,2,1,-0.5036
310.64,4,42836.65,16.15,3,16.69,32,5.21,17,813.0,55.32,0.5722,1.6567,0.8012,0,0,0,9,1,-0.5294
1922.8,3,125502.81,22.26,3,3.85,59,34.88,56,782.0,1.14,4.8178,-1.1538,0.5768,2,2,1,6,1,-0.5134
18.69,14,1143.68,2.43,4,9.14,25,0.95,10,,15.02,-1.9026,-0.2614,-0.7202,1,1,0,0,1,-0.4087
2095.1,11,1092.98,2.17,4,6.92,27,0.75,13,627.0,90.43,-1.4405,1.0292,2.2132,1,0,-1,9,1,-0.5362
2882.93,5,144273.25,2.48,2,3.63,50,0.13,59,803.0,6.53,3.2921,-1.789,-0.295,2,2,1,2,1,-0.535
2068.64,4,123730.7,63.52,3,4.75,57,10.05,80,756.0,9.24,4.8967,-0.9955,0.0484,2,2,1,2,1,-0.5383
336.51,3,45382.78,0.66,6,16.32,62,6.57,6,709.0,44.04,0.5228,1.9326,-0.3766,0,0,0,9,1,-0.5267
2185.98,1,106585.78,37.76,2,1.13,57,20.24,39,742.0,8.64,4.5917,-1.1883,1.2665,2,2,1,6,1,-0.5282
373.19,6,60920.3,23.21,9,14.16,43,5.73,40,661.0,71.8,0.6762,3.0194,0.7488,0,0,2,9,1,-0.5301
273.37,9,23472.39,32.31,8,9.04,55,1.61,58,714.0,29.13,1.3162,0.9074,-1.5886,0,0,0,1,1,-0.4976
422.77,9,16477.25,9.26,6,8.74,44,19.98,37,750.0,10.13,1.2437,0.2328,-0.2499,0,0,0,4,1,-0.4613
5231.15,7,40060.56,5.58,1,1.26,55,16.77,46,814.0,11.5,3.0034,-1.8983,0.7495,2,2,1,2,1,-0.5481
562.84,7,15238.01,2.32,8,9.45,50,4.25,33,710.0,11.07,0.5208,0.5936,-1.6337,0,0,0,3,1,-0.4482
125.56,5,17746.08,43.29,8,6.08,48,1.51,27,743.0,35.4,0.8602,1.0947,-1.0531,0,0,0,1,1,-0.4913
30.15,21,1661.72,2.34,4,6.41,38,1.04,26,672.0,10.16,-1.8067,-1.0765,-1.1494,1,1,0,0,1,-0.4354
894.79,2,94732.29,5.66,3,3.8,39,1.48,69,766.0,3.37,2.7447,-1.4525,-0.5622,2,2,1,2,1,-0.5117
231.57,3,61386.31,3.1,5,22.2,38,1.28,18,731.0,17.31,0.4527,1.6752,-1.1984,0,0,0,9,1,-0.5111
238.08,4,57490.63,70.87,4,12.27,34,4.46,17,716.0,77.47,0.5213,2.0385,1.607,0,0,0,9,1,-0.5438
18.04,11,2008.29,2.03,2,7.67,32,1.02,7,701.0,24.34,-1.667,-0.601,-0.2563,1,1,0,0,1,-0.4049
13.8,12,2123.96,1.35,1,7.23,26,8.77,15,675.0,28.22,-1.6125,-0.7024,0.7442,1,1,0,5,1,-0.4209
331.94,6,14762.58,33.74,2,5.97,48,14.27,29,725.0,16.44,1.3724,-0.5969,0.0506,0,0,0,7,1,-0.4713
148.06,6,15379.61,1.23,7,12.19,51,1.0,38,736.0,16.32,0.3507,0.713,-1.9698,0,0,0,3,1,-0.4458
3282.52,5,145443.61,30.96,1,2.24,37,22.4,26,811.0,4.75,3.8048,-1.4249,1.749,2,2,1,6,1,-0.5435
488.72,22,1917.03,4.05,2,,18,5.85,12,600.0,82.24,-3.1008,0.4533,2.6289,1,1,0,7,1,-0.524
119.86,11,25231.41,0.78,5,8.22,43,5.82,41,708.0,15.81,-0.0282,-0.27,-0.9059,0,0,0,3,1,-0.4351
170.43,7,13224.45,23.61,6,13.7,41,3.5,25,748.0,3.97,0.5321,0.6929,-1.8741,0,0,0,1,1,-0.4437
34.46,18,2193.63,0.61,1,6.96,23,0.51,29,612.0,37.8,-2.6035,-0.8551,0.6245,1,1,0,0,1,-0.4418
19.08,17,1686.69,1.12,1,8.19,22,,12,652.0,1.26,-2.0626,-1.3454,-0.1844,1,1,0,5,1,-0.4517
26.5,19,2026.54,1.62,3,2.03,26,0.16,13,632.0,70.29,-3.0965,-0.197,1.6955,1,1,0,0,1,-0.4481
2445.64,2,62848.92,43.91,2,3.66,46,1.84,47,747.0,4.65,3.2301,-1.2376,-0.3683,2,2,1,2,1,-0.5115
29.82,9,436.69,7.97,3,5.3,31,4.31,5,696.0,17.74,-1.3048,-0.6179,-0.2547,1,1,0,5,1,-0.4086
8.52,15,1924.06,5.7,3,5.43,29,0.82,17,632.0,8.0,-1.9824,-1.1074,-0.7509,1,1,0,5,1,-0.406
468.54,11,16195.96,1.16,5,6.69,31,6.25,13,727.0,18.8,-0.6577,-0.1322,-0.1363,1,0,0,3,1,-0.4381
182.18,9,22850.25,2.77,8,14.5,35,1.14,46,692.0,18.18,-0.202,1.2505,-1.5778,0,0,0,3,1,-0.4665
112.67,5,15541.5,8.71,6,5.99,54,1.63,31,689.0,12.05,0.273,-0.1773,-1.6925,0,0,0,3,1,-0.4314
30.17,17,1844.08,6.88,1,8.59,34,1.1,10,581.0,23.71,-2.5055,-0.8238,-0.0484,1,1,0,5,1,-0.4441
468.28,15,12449.48,5.25,3,11.51,48,,72,708.0,2.4,0.8273,-0.9169,-1.4241,0,0,0,3,1,-0.4964
216.16,14,8422.81,24.31,4,5.23,28,13.12,42,717.0,24.67,0.0464,-0.3529,0.4622,0,0,0,7,1,-0.4711
5.98,16,2685.96,4.55,1,2.58,33,0.88,18,769.0,46.15,-1.5572,-1.1955,0.6494,1,1,0,0,1,-0.4679
205.86,13,10901.39,20.84,5,,34,10.52,34,689.0,20.43,-0.1511,0.0839,-0.1599,0,0,0,7,1,-0.4422
1446.68,1,87876.16,10.9,3,1.68,50,2.66,42,767.0,16.27,2.9274,-1.1902,0.1379,2,2,1,2,1,-0.5052
399.14,4,13746.08,1.04,4,10.33,46,12.89,38,783.0,24.8,1.1633,0.2558,-0.1984,0,0,0,3,1,-0.4625
14.76,15,1860.86,0.29,1,3.65,28,3.1,13,638.0,25.93,-2.2643,-1.3399,0.4274,1,1,0,0,1,-0.4136
17.55,17,1964.05,7.35,1,5.06,33,3.23,6,553.0,61.58,-3.0339,-0.2728,1.6903,1,1,0,5,1,-0.4844
949.8,3,76762.73,25.46,4,17.44,34,6.74,21,781.0,21.33,2.0562,1.315,0.0531,0,0,-1,9,1,-0.5227
178.44,9,16927.06,6.54,5,8.29,26,1.21,41,639.0,6.51,-0.7623,-0.2707,-1.0548,1,0,0,3,1,-0.4407
14.68,19,2747.98,1.09,1,2.99,31,1.25,17,601.0,41.86,-2.7777,-1.2139,0.8602,1,1,0,0,1,-0.4374
6.47,22,2606.92,8.75,2,9.49,21,0.94,13,710.0,37.72,-2.4957,-0.3668,0.4139,1,1,0,5,1,-0.45
231.07,8,15006.31,9.27,2,9.37,51,13.83,14,762.0,4.41,0.7129,-0.7123,-0.589,0,0,0,7,1,-0.4703
1558.16,2,126614.03,6.71,4,3.19,42,9.76,59,757.0,15.99,3.4587,-0.8029,0.7848,2,2,1,2,1,-0.5108
2444.38,0,102626.83,16.84,1,3.56,58,4.15,39,766.0,11.87,3.6139,-1.4527,0.206,2,2,1,2,1,-0.5121
1256.34,5,50919.45,36.87,2,1.72,52,8.88,60,781.0,1.39,3.5379,-1.7031,-0.4025,2,2,1,2,1,-0.535
33.48,18,1923.66,0.75,4,1.3,30,1.05,16,637.0,29.6,-2.4355,-1.0048,0.0839,1,1,0,0,1,-0.4079
10.51,15,1819.23,2.64,1,9.3,38,2.46,4,629.0,23.67,-2.1675,-0.717,-0.1373,1,1,0,0,1,-0.4472
8.14,15,1318.19,6.14,5,1.65,18,0.3,17,582.0,15.32,-2.6316,-0.8263,-0.2467,1,1,0,5,1,-0.4455
1815.18,6,31924.53,35.22,2,0.83,52,1.37,57,768.0,19.75,2.7991,-1.4934,-0.2136,2,2,1,2,1,-0.5364
1471.28,2,141865.31,54.75,1,4.39,43,50.24,26,783.0,12.11,4.0864,-0.8461,1.7411,2,2,1,6,1,-0.5341
350.14,2,75914.49,15.86,7,10.56,51,8.92,39,678.0,61.06,1.4297,1.9507,0.8526,0,0,2,9,1,-0.5323
358.26,12,11352.84,5.12,1,6.12,48,2.49,24,715.0,9.17,-0.284,-1.5456,-0.8378,1,0,0,3,1,-0.4502
21.39,19,2139.81,3.29,4,5.09,28,0.3,18,588.0,36.08,-2.8144,-0.3934,0.2201,1,1,0,0,1,-0.4217
16.03,11,947.92,1.17,1,2.29,37,1.81,17,731.0,15.64,-1.1186,-1.7701,-0.4188,1,1,0,0,1,-0.4289
84.29,14,12669.22,12.2,11,11.36,51,1.82,1,742.0,26.01,-0.7445,1.7979,-1.8393,0,0,0,1,1,-0.5266
2299.52,1,96779.67,17.38,2,4.08,44,4.2,42,751.0,9.27,3.1343,-1.173,0.3166,2,2,1,2,1,-0.4903
793.29,8,25240.5,10.18,5,16.56,49,2.74,13,689.0,23.49,0.1944,1.1901,-0.8633,0,0,0,9,1,-0.479
2419.43,2,58843.05,38.42,4,3.23,58,0.75,58,754.0,6.8,3.679,-0.9508,-1.0332,2,2,1,2,1,-0.5425
50.37,20,2161.91,0.07,1,9.53,18,11.88,15,641.0,34.0,-2.4631,-0.4507,1.4037,1,1,0,8,1,-0.4875
321.45,8,16907.24,0.83,6,9.49,38,15.94,36,772.0,30.0,0.6568,0.7068,0.2456,0,0,0,3,1,-0.4635
3638.9,5,43959.11,12.53,8,18.17,22,7.59,31,685.0,52.29,0.8193,2.996,1.1822,0,0,0,9,-1,-0.5539
128.36,10,12612.12,5.16,8,10.21,42,23.59,27,,21.74,0.2044,1.1659,-0.0994,0,0,0,4,1,-0.4593
274.19,12,19372.69,7.18,6,8.93,46,9.19,44,702.0,5.17,0.446,-0.1579,-1.2604,0,0,0,3,1,-0.447
266.68,10,11289.05,53.18,8,10.77,40,1.26,53,680.0,23.82,0.6202,1.161,-1.4837,0,0,0,1,1,-0.506
463.3,7,17700.68,30.2,4,6.25,62,1.53,36,661.0,33.02,0.8379,-0.0483,-0.7701,0,0,0,1,1,-0.4863
1069.74,2,112891.55,24.48,1,2.27,38,18.33,67,774.0,1.51,4.1196,-1.709,1.0718,2,2,1,2,1,-0.5316
23.93,15,1310.85,0.12,3,6.43,40,0.58,7,591.0,26.92,-2.4201,-0.5718,-0.2921,1,1,0,0,1,-0.4396
324.42,12,18333.02,6.22,9,14.04,51,4.46,25,738.0,27.76,0.0409,1.6244,-1.4354,0,0,0,3,1,-0.4576
31.76,5,1481.4,2.46,3,5.7,28,0.95,16,635.0,8.33,-1.3982,-0.7502,-0.7371,1,1,0,0,1,-0.424
1196.52,2,102565.48,24.82,2,2.48,49,62.75,62,811.0,23.86,4.4296,-0.9726,1.5433,2,2,1,6,1,-0.5403
154.47,6,23048.44,13.77,5,11.73,18,10.1,56,766.0,12.05,0.7868,0.406,-0.4259,0,0,0,1,1,-0.4962
1507.85,3,135922.61,14.99,3,3.84,42,6.29,52,829.0,0.53,3.7944,-1.3488,-0.0233,2,2,1,2,1,-0.5256
222.84,14,19582.83,21.5,4,14.11,29,15.55,29,631.0,2.92,-0.2544,0.3367,-0.215,0,0,0,7,1,-0.5153
2567.92,11,67263.15,32.6,5,21.24,45,23.88,22,745.0,40.29,2.5103,2.4046,1.3832,0,0,-1,4,-1,-0.6069
8.62,20,1347.97,3.16,2,0.16,32,2.76,9,696.0,29.15,-2.2461,-1.6433,0.368,1,1,0,0,1,-0.4279
3469.06,5,93914.55,90.55,2,2.32,51,73.66,68,,13.92,4.3482,-1.1375,1.3734,2,2,1,6,1,-0.5404
30.52,11,1814.83,0.07,3,7.28,18,9.91,18,707.0,29.37,-1.4823,-0.1718,0.7696,1,1,0,5,1,-0.4309
44.19,17,3054.17,1.89,5,3.33,19,0.48,25,552.0,42.87,-3.0331,-0.1167,0.6935,1,1,0,0,1,-0.4574
5.14,13,3019.26,4.76,5,2.48,33,3.19,3,660.0,25.03,-1.9249,-0.475,-0.1626,1,1,0,5,1,-0.4247
661.19,3,24906.58,8.51,2,10.67,50,2.67,14,665.0,40.56,0.0978,0.3665,0.2746,0,0,0,9,1,-0.4717
141.21,7,6547.51,12.95,3,6.37,53,2.74,40,683.0,45.62,-0.0202,-0.0874,-0.136,0,0,0,1,1,-0.4492
21.99,13,1835.52,3.81,3,7.68,18,0.0,13,589.0,5.56,-2.4936,-0.7367,-0.5957,1,1,0,0,1,-0.4378
319.19,10,16792.4,9.59,6,6.63,56,2.23,43,703.0,15.74,0.485,-0.2532,-1.572,0,0,0,3,1,-0.4384
353.36,12,14379.79,7.09,8,7.07,56,5.27,44,697.0,16.87,0.4158,0.2393,-1.5615,0,0,0,3,1,-0.4597
248.23,8,19180.42,5.45,3,8.22,44,13.74,50,738.0,34.79,0.8127,-0.1024,0.4556,0,0,0,3,1,-0.4445
25.68,16,2028.83,4.19,2,3.88,19,5.95,21,573.0,32.16,-2.5996,-0.8405,1.0246,1,1,0,5,1,-0.4389
164.65,6,13106.69,11.77,2,12.08,53,6.32,52,696.0,5.37,0.9586,-0.5827,-1.4579,0,0,0,1,1,-0.467
8.29,24,2603.74,3.45,1,0.87,25,4.65,8,599.0,49.97,-3.3534,-1.2802,1.7165,1,1,0,5,1,-0.4925
745.81,2,39214.56,19.7,3,1.96,40,2.65,41,815.0,3.76,2.0673,-1.3862,-0.8222,2,2,1,2,1,-0.5003
7.63,11,2639.13,3.34,3,0.56,24,3.6,20,580.0,39.58,-2.3087,-0.7385,0.9686,1,1,0,5,1,-0.4298
408.42,6,58754.75,36.43,5,22.72,61,8.31,23,667.0,72.03,1.2354,3.1182,0.724,0,0,-1,9,-1,-0.591
11.2,17,952.17,7.8,6,6.41,24,0.68,19,677.0,74.1,-2.5013,1.1516,1.2291,1,1,0,5,1,-0.4667
493.79,9,26002.97,51.09,6,,28,3.94,34,727.0,38.08,0.5478,0.9157,0.1662,0,0,0,7,1,-0.4878
190.42,10,21109.17,13.68,5,10.64,42,17.6,18,751.0,8.84,0.6529,0.2813,-0.3175,0,0,0,7,1,-0.4701
50.78,12,2543.28,3.27,1,4.19,25,1.75,12,565.0,42.76,-2.676,-0.6984,1.1163,1,1,0,0,1,-0.4307
234.07,13,16923.99,4.91,4,14.63,35,15.22,52,740.0,14.68,0.5215,0.3041,-0.3138,0,0,0,3,1,-0.4813
172.34,3,59578.24,30.89,10,12.93,41,0.72,9,622.0,49.02,0.0016,2.8806,-0.316,0,0,-1,9,1,-0.5464
6.39,9,2332.07,1.8,2,7.48,26,0.48,22,612.0,10.47,-1.7924,-0.8699,-0.5807,1,1,0,0,1,-0.4229
14.27,12,2677.18,2.98,6,0.55,38,0.73,11,564.0,60.97,-2.5682,0.3418,0.8629,1,1,0,0,1,-0.4755
1708.31,1,66474.91,7.56,1,3.71,41,34.48,78,776.0,9.27,3.9805,-1.4894,1.1965,2,2,1,6,1,-0.5432
662.67,3,85884.02,11.97,1,3.02,54,44.95,30,773.0,8.5,2.9074,-1.4519,0.8775,2,2,1,6,1,-0.5297
30.68,17,2540.6,15.86,2,,35,0.73,11,582.0,7.58,-2.1066,-1.0014,-0.7884,1,1,0,8,1,-0.4444
24.21,14,1498.77,7.0,4,6.64,29,1.41,7,608.0,28.44,-2.3612,-0.1319,-0.0536,1,1,0,5,1,-0.4118
823.99,13,18462.4,2.86,6,9.95,47,1.61,23,736.0,34.44,-0.1179,0.5697,-0.4959,0,0,0,7,1,-0.469
24.9,14,1051.56,11.18,3,,18,0.52,7,681.0,23.07,-2.1501,-0.3136,-0.0663,1,1,0,5,1,-0.4296
6.03,16,1319.74,2.83,4,3.41,24,0.24,10,671.0,32.16,-2.4207,-0.5838,0.1464,1,1,0,0,1,-0.411
640.41,2,43138.83,6.32,5,13.99,29,11.73,23,753.0,27.98,0.9717,1.2875,0.4746,0,0,0,9,1,-0.4782
156.77,5,63473.2,36.77,7,17.64,26,0.08,24,652.0,59.02,-0.0245,2.9298,0.4516,0,0,0,9,1,-0.5458
1440.29,3,105403.9,52.53,8,1.87,54,6.59,77,755.0,5.08,4.6891,-0.2934,-0.827,2,2,1,2,-1,-0.5819
23.46,10,364.02,2.78,2,1.28,25,4.0,19,611.0,22.03,-1.9201,-1.2767,0.3841,1,1,0,5,1,-0.423
14.59,10,1745.91,1.48,3,8.82,33,1.24,20,721.0,43.37,-1.3731,0.1352,0.1183,1,0,0,0,1,-0.4055
127.55,7,16099.06,18.57,2,12.58,58,6.62,47,,3.81,1.1252,-0.5377,-1.6235,0,0,0,1,1,-0.4712
24.02,14,1407.45,2.29,2,3.73,51,3.03,11,660.0,48.46,-1.6638,-0.6738,0.4451,1,1,0,0,1,-0.4419
1005.32,3,122738.11,28.13,3,4.12,67,9.94,54,742.0,4.91,4.0525,-1.1591,-0.4246,2,2,1,2,1,-0.5383
208.78,8,13575.84,2.67,9,5.55,54,4.4,53,727.0,14.38,0.7544,0.2422,-1.9071,0,0,0,3,1,-0.4824
9.28,16,695.65,3.01,1,2.14,30,2.62,17,782.0,15.78,-1.2894,-1.9236,-0.2304,1,1,0,0,1,-0.4615
9.1,13,1490.19,1.71,3,0.94,31,0.09,8,669.0,71.93,-2.4955,-0.1188,1.5947,1,1,0,0,1,-0.4672
21.52,19,3506.08,1.04,5,0.74,52,6.41,16,640.0,46.32,-1.81,-0.5392,0.3767,1,1,0,5,1,-0.4771
219.48,9,9451.0,1.9,1,8.29,38,0.3,50,679.0,9.45,-0.3099,-1.3139,-0.9971,1,0,0,3,1,-0.4574
235.17,6,14964.87,7.48,4,12.83,51,15.28,46,802.0,19.64,1.6221,0.3532,-0.6,0,0,0,7,1,-0.4791
1156.77,1,35829.96,50.12,6,24.31,40,8.64,14,803.0,51.43,2.1472,3.1709,0.4581,0,0,-1,9,-1,-0.5824
42.35,13,1425.87,1.26,1,7.71,18,0.36,2,703.0,32.19,-2.3733,-0.6122,0.5206,1,1,0,0,1,-0.457
78.92,20,1656.84,7.35,3,4.6,31,5.48,10,573.0,9.46,-2.4672,-1.1725,-0.1935,1,1,0,8,1,-0.4528
170.12,11,9969.84,34.22,5,12.31,35,4.31,39,684.0,7.53,0.2139,0.3576,-1.3591,0,0,0,1,1,-0.4654
472.43,8,14491.41,43.33,5,7.8,63,4.48,16,684.0,9.62,1.0595,0.0031,-1.5453,0,0,0,7,1,-0.5101
278.45,9,10555.29,0.84,6,10.52,35,15.34,38,758.0,21.82,0.4195,0.6147,-0.1036,0,0,0,3,1,-0.458
25.47,12,1211.71,5.36,4,0.58,25,4.68,22,650.0,29.75,-1.7351,-0.8109,0.4188,1,1,0,5,1,-0.4101
8.26,18,1451.84,2.04,6,3.27,35,0.28,15,587.0,65.16,-2.9295,0.5207,0.8995,1,1,0,0,1,-0.4716
21.34,20,1601.79,2.99,4,8.14,42,1.1,1,747.0,21.47,-1.8032,-0.5085,-0.8941,1,1,0,0,1,-0.4607
456.86,5,70134.5,8.08,7,23.98,31,2.13,19,730.0,51.28,0.2702,2.9446,0.1803,0,0,0,9,1,-0.5211
24.38,17,1222.32,3.74,2,4.97,30,6.09,16,645.0,44.12,-2.1972,-0.5635,1.0314,1,1,0,5,1,-0.4204
25.27,7,1706.3,14.65,5,0.07,24,2.24,1,480.0,39.38,-2.5434,0.0215,0.8203,1,1,0,8,1,-0.5247
280.73,15,22733.54,19.27,5,11.75,46,0.07,39,718.0,19.86,0.0291,0.1639,-1.3696,0,0,0,1,1,-0.4533
155.49,15,922.33,1.84,3,0.49,33,0.36,12,542.0,4.56,-2.474,-1.7208,-0.5669,1,1,0,8,1,-0.4906
547.24,8,15745.44,1.04,6,11.67,41,0.31,40,741.0,8.74,0.3395,0.2288,-1.6954,0,0,0,3,1,-0.4456
6264.13,3,102498.22,14.94,3,2.4,50,2.18,63,732.0,16.8,3.3333,-1.2327,0.1728,2,2,1,2,1,-0.5025
8.71,7,1262.4,3.11,4,9.35,33,8.32,22,643.0,35.85,-1.1597,0.5219,0.3126,1,1,0,5,1,-0.4345
516.11,5,48802.01,19.91,5,10.06,26,4.51,26,700.0,64.54,0.0827,1.6114,1.5296,0,0,0,9,1,-0.4831
779.06,10,45691.15,96.16,7,18.43,52,1.57,13,730.0,58.44,0.9127,2.7701,-0.0765,0,0,0,9,-1,-0.5725
9.18,17,2448.74,6.15,7,2.39,28,2.24,8,703.0,44.72,-2.1617,0.2544,0.2711,1,1,0,5,1,-0.4468
52.49,21,2118.44,2.41,3,0.58,34,2.79,11,643.0,98.49,-2.8906,-0.3424,1.8797,1,1,0,0,1,-0.4612
15.37,11,1076.94,5.68,3,2.77,29,3.89,10,644.0,23.0,-1.8097,-0.8611,0.1217,1,1,0,5,1,-0.3999
3377.03,2,161629.21,10.9,2,4.17,46,31.01,78,774.0,4.74,4.6429,-1.3666,1.0575,2,2,1,6,1,-0.5184
7.43,18,1017.21,5.37,4,2.1,27,1.89,7,595.0,45.25,-2.9587,-0.3927,0.8475,1,1,0,5,1,-0.4307
281.14,5,14783.17,20.18,3,6.29,61,11.19,29,674.0,10.87,1.0909,-0.6226,-0.7813,0,0,0,1,1,-0.4671
166.58,11,1644.34,1.9,2,4.34,22,3.65,11,696.0,21.01,-1.6483,-0.9858,0.2744,1,1,0,8,1,-0.424
24.62,15,2856.15,1.68,4,5.94,42,0.49,10,643.0,10.75,-1.8136,-0.8386,-1.1252,1,1,0,0,1,-0.418
65.62,16,3162.79,8.9,7,6.72,28,0.75,9,581.0,20.45,-2.4667,0.3294,-0.665,1,1,0,8,1,-0.4532
178.15,10,21618.19,7.44,5,8.88,51,8.79,33,682.0,11.02,0.2647,-0.1455,-1.0266,0,0,0,3,1,-0.4337
407.26,10,15206.23,0.11,2,5.77,30,1.28,40,739.0,15.87,-0.306,-1.2055,-0.3956,1,0,0,3,1,-0.4478
164.48,13,8510.61,5.15,6,5.67,33,1.32,40,721.0,35.62,-0.8147,0.082,-0.3931,1,0,0,3,1,-0.4282
98.62,5,21893.83,0.37,5,13.34,43,1.94,39,667.0,5.77,-0.0111,0.2824,-1.7335,0,0,0,3,1,-0.4652
19.7,10,3154.56,9.31,5,4.12,28,4.58,14,610.0,7.49,-1.575,-0.5254,-0.6184,1,1,0,5,1,-0.4204
478.4,10,15115.97,53.57,5,6.82,48,4.84,46,690.0,5.45,1.2234,-0.3639,-1.4054,0,0,0,7,1,-0.4786
540.66,7,17652.51,4.73,2,8.21,48,0.78,27,704.0,18.64,0.1064,-0.7213,-0.7211,0,0,0,3,1,-0.4352
1754.76,2,163951.88,19.62,1,1.99,41,3.58,63,786.0,17.47,3.654,-1.62,0.7391,2,2,1,2,1,-0.5052
36.86,22,1673.1,0.31,2,6.01,27,2.02,4,647.0,10.86,-2.7652,-1.3805,-0.302,1,1,0,0,1,-0.4476
8.59,20,2206.0,4.56,3,4.74,37,1.57,13,605.0,45.13,-2.6697,-0.4932,0.5285,1,1,0,0,1,-0.4279
3.19,14,2411.87,0.49,2,0.49,28,1.37,18,647.0,54.53,-2.3823,-0.8502,1.2738,1,1,0,0,1,-0.4435
135.27,10,20233.87,14.0,1,6.26,55,14.55,36,707.0,3.96,0.9291,-1.4474,-0.4684,0,0,0,7,1,-0.4743
10.96,10,2481.63,14.33,6,9.39,27,2.33,18,616.0,45.36,-1.8044,1.1835,0.2001,1,1,0,5,1,-0.4425
139.5,9,18923.78,4.39,3,10.28,35,0.36,29,699.0,43.31,-0.8676,0.2985,0.0935,1,0,0,3,1,-0.4185
536.96,2,70919.8,38.58,11,22.69,33,3.03,32,762.0,55.41,1.744,4.1989,-0.3111,0,0,0,9,-1,-0.6095
1722.11,2,66122.86,10.58,5,24.49,27,4.45,14,713.0,46.65,1.0934,2.649,1.0693,0,0,0,9,-1,-0.5755
517.05,8,14369.05,18.55,5,10.91,37,1.27,52,728.0,6.35,0.8032,-0.0225,-1.5587,0,0,0,7,1,-0.456
32.16,15,2203.18,10.46,2,4.9,26,0.25,20,693.0,75.73,-2.1768,0.1173,1.6739,1,1,0,5,1,-0.4548
14.46,14,1115.88,0.23,3,3.17,18,0.15,20,647.0,30.99,-2.4357,-0.8263,0.3688,1,1,0,0,1,-0.424
309.01,12,18181.46,46.8,7,11.1,48,16.85,36,706.0,38.26,1.1339,1.5072,0.2008,0,0,0,7,1,-0.5128
1125.58,3,111571.71,38.73,4,1.5,49,5.01,86,766.0,5.31,4.301,-1.2695,-0.4497,2,2,1,2,1,-0.5436
280.91,9,22856.62,28.99,8,6.74,51,0.66,41,713.0,14.6,0.8755,0.3843,-1.8578,0,0,0,1,1,-0.4722
2735.82,4,71165.31,0.36,8,16.64,35,1.24,18,678.0,54.95,0.6856,2.7084,0.8382,0,0,0,9,-1,-0.5682
14.28,11,1433.97,1.84,2,,28,7.16,6,627.0,3.59,-1.7668,-0.8783,-0.3279,1,1,0,5,1,-0.4301
9.01,10,4016.09,1.09,1,,43,1.62,6,672.0,30.75,-1.5369,-0.6589,-0.1057,1,1,0,0,1,-0.4441
5.98,17,2741.61,10.97,4,3.41,22,3.05,1,678.0,13.9,-2.1967,-0.8726,-0.1995,1,1,0,5,1,-0.4455
147.15,13,11856.89,12.49,6,12.16,46,32.86,32,723.0,37.31,0.3592,1.1902,0.443,0,0,0,4,1,-0.48
164.77,5,23545.55,2.85,9,22.84,52,1.0,29,756.0,57.52,0.1963,3.2905,-1.0731,0,0,0,9,1,-0.5319
4012.71,4,116228.49,15.93,4,1.28,47,27.49,56,729.0,1.88,3.9928,-1.1827,1.0109,2,2,1,6,1,-0.5193
1157.66,1,74841.82,21.37,3,11.41,52,4.67,31,676.0,88.32,1.7146,1.5337,1.8534,0,0,-1,9,-1,-0.5625
2016.8,4,94958.24,72.89,2,3.58,46,15.51,50,817.0,4.38,4.5074,-1.2036,0.7322,2,2,1,2,1,-0.5127
358.9,11,16683.98,13.01,4,10.66,36,20.36,16,669.0,9.44,0.0655,0.1879,0.3458,0,0,0,4,1,-0.4819
375.69,10,1877.12,40.35,5,11.02,47,10.84,40,763.0,9.24,1.485,0.2926,-1.2054,0,0,0,7,1,-0.5045
69.47,15,1313.39,0.62,5,5.6,18,3.44,17,616.0,8.85,-2.315,-0.5351,-0.4266,1,1,0,8,1,-0.4345
2.89,12,2585.59,3.06,1,3.62,36,3.61,8,636.0,45.45,-2.0589,-0.7776,0.9616,1,1,0,5,1,-0.4314
300.17,7,18944.49,1.09,7,8.2,54,6.55,39,670.0,26.98,0.2879,0.5749,-0.9023,0,0,0,3,1,-0.4567
13.6,15,893.39,11.77,3,7.19,27,1.59,13,634.0,19.83,-2.0464,-0.5304,-0.2861,1,1,0,5,1,-0.4011
1887.59,3,129902.25,20.05,3,2.74,48,10.3,89,804.0,19.91,4.4621,-1.0941,0.7267,2,2,1,2,1,-0.5312
3034.26,4,86540.56,29.84,1,2.81,39,40.94,84,795.0,8.05,4.5753,-1.5542,1.3332,2,2,1,6,1,-0.5269
3344.63,1,38983.24,21.82,3,1.49,46,21.22,64,792.0,0.67,4.0007,-1.3255,0.4337,2,2,1,6,1,-0.5434
26.2,9,2653.13,1.46,1,1.72,26,3.29,23,686.0,37.49,-1.5096,-1.1737,0.8314,1,1,0,0,1,-0.4306
1397.74,3,95654.82,15.92,3,1.99,72,6.5,59,791.0,24.6,4.1002,-1.1835,-0.0085,2,2,1,2,-1,-0.5562
5.72,17,1171.55,6.6,1,2.29,25,1.96,1,604.0,52.68,-3.0776,-0.795,1.551,1,1,0,5,1,-0.4685
6.44,11,2597.72,2.42,4,8.18,18,2.81,13,658.0,44.68,-2.2378,0.4962,0.7388,1,1,0,0,1,-0.4241
51.18,14,802.33,5.81,1,7.65,18,0.58,19,591.0,37.54,-2.6634,-0.4965,0.7975,1,1,0,0,1,-0.4506
15.68,10,3373.92,2.97,2,5.0,19,13.91,15,664.0,8.71,-1.2743,-0.9829,0.5987,1,1,0,8,1,-0.4509
14.45,21,710.92,5.18,4,9.21,18,3.65,15,696.0,12.88,-2.2825,-0.4582,-0.4245,1,1,0,5,1,-0.4435
3248.21,4,90377.36,33.73,1,0.46,48,9.15,59,814.0,12.38,4.1729,-1.8171,0.6763,2,2,1,2,1,-0.5074
31.25,23,730.4,13.17,3,3.4,18,0.55,11,707.0,7.38,-2.356,-1.5283,-0.475,1,1,0,5,1,-0.4878
1047.53,0,120814.69,11.41,1,0.93,53,28.49,87,766.0,9.44,4.5008,-1.8489,1.0582,2,2,1,6,1,-0.5472
2924.84,1,104077.0,6.31,5,3.37,39,0.2,55,810.0,0.01,3.3705,-1.0402,-0.6125,2,2,1,2,-1,-0.556
39.28,14,2283.26,0.46,2,7.61,25,1.67,8,589.0,26.21,-2.6608,-0.5398,0.25,1,1,0,0,1,-0.4187
165.91,7,12925.19,16.19,6,13.54,38,5.27,20,717.0,14.22,-0.0103,0.9503,-1.2023,0,0,0,1,1,-0.4256
1406.85,2,109595.92,31.59,3,4.62,47,6.06,34,832.0,11.39,3.8412,-0.769,0.2066,2,2,1,2,1,-0.522
1948.24,4,183010.97,17.53,4,4.78,56,29.25,30,845.0,25.59,4.1871,-0.2023,1.442,2,2,1,6,-1,-0.5711
341.92,9,43919.04,24.01,2,20.92,41,0.44,26,703.0,28.9,0.299,1.1248,-0.6316,0,0,-1,9,1,-0.5039
327.54,7,12509.2,14.78,4,13.34,42,4.03,45,792.0,12.98,1.0302,0.1873,-1.3932,0,0,0,1,1,-0.4576
123.56,3,14872.69,13.43,7,7.78,31,0.94,31,649.0,44.67,-0.6272,1.28,-0.1071,0,0,0,1,1,-0.4574
208.51,4,8957.63,3.48,4,12.35,50,46.91,48,718.0,17.64,1.331,0.4169,-0.2304,0,0,0,4,1,-0.4765
199.23,11,19142.89,2.15,4,12.38,52,2.69,20,776.0,41.37,-0.1771,0.5703,-0.5016,0,0,0,3,1,-0.4626
2906.77,2,101976.58,3.54,1,1.78,49,28.55,84,768.0,1.23,4.4798,-2.0266,1.0589,2,2,1,6,1,-0.5424
8.38,21,1519.22,11.07,1,5.46,25,1.52,5,626.0,24.1,-2.7839,-1.2295,0.3225,1,1,0,5,1,-0.4514
17.0,17,1390.99,10.25,6,3.23,18,0.04,19,587.0,34.03,-2.7668,-0.032,0.1963,1,1,0,5,1,-0.4628
1477.33,2,23812.09,23.91,8,19.91,33,11.99,24,655.0,45.57,1.2187,3.3119,0.7714,0,0,0,9,-1,-0.5683
109.7,18,3428.83,0.95,4,0.73,26,1.22,9,635.0,26.51,-2.5803,-1.0704,0.2123,1,1,0,8,1,-0.4275
388.83,5,24725.87,1.95,9,7.68,28,13.03,40,749.0,25.48,0.6531,1.1879,-0.0637,0,0,0,3,1,-0.4837
25.76,13,3152.99,13.31,4,3.74,30,0.09,8,706.0,26.43,-1.5903,-0.5471,-0.2957,1,1,0,5,1,-0.4216
16.78,13,2502.48,1.14,1,5.49,24,11.39,4,609.0,28.42,-2.2133,-0.7669,1.2517,1,1,0,5,1,-0.4622
25.24,14,3196.67,9.71,4,0.84,31,3.85,11,674.0,34.02,-1.7501,-0.7155,0.3826,1,1,0,5,1,-0.4147
16.46,19,2304.76,13.17,3,0.9,34,,17,635.0,69.11,-2.2318,-0.23,1.9423,1,1,0,8,1,-0.4879
21.71,11,404.78,5.35,6,7.81,39,4.86,11,529.0,49.98,-2.3365,1.0796,0.4823,1,1,0,5,1,-0.4675
567.89,2,60490.57,9.77,2,1.16,54,19.76,49,761.0,3.38,2.9135,-1.6418,0.3122,2,2,1,2,1,-0.5202
246.8,13,18188.66,3.28,6,9.01,35,0.9,40,753.0,28.37,-0.3902,0.2455,-0.8106,0,0,0,3,1,-0.4431
54.43,12,840.1,1.07,2,2.0,28,4.28,5,619.0,31.76,-2.2944,-0.983,0.7445,1,1,0,8,1,-0.4249
352.88,10,16315.94,16.68,4,10.33,42,6.36,22,737.0,2.73,0.3526,-0.2728,-1.1828,0,0,0,1,1,-0.4364
8.0,11,2490.16,0.75,2,4.6,24,1.22,22,579.0,14.47,-2.1987,-1.1408,-0.1476,1,1,0,0,1,-0.4305
4.92,14,1835.23,15.0,1,6.29,34,0.76,4,607.0,32.07,-2.2163,-0.7261,0.2766,1,1,0,5,1,-0.4456
29.71,15,1656.05,9.92,1,5.35,18,0.56,18,757.0,16.95,-1.563,-1.3749,-0.1107,1,1,0,5,1,-0.468
2127.79,6,68075.94,38.09,7,18.05,41,5.6,22,614.0,40.45,1.5497,2.6138,0.5369,0,0,0,9,-1,-0.5764
2854.74,4,77734.83,54.78,1,0.06,56,0.36,76,734.0,3.98,3.9633,-2.2194,-0.5446,2,2,1,2,-1,-0.5554
4082.98,3,121377.61,141.22,1,1.4,51,36.14,61,726.0,9.85,4.6768,-1.4882,1.4777,2,2,1,6,1,-0.5216
82.91,16,1505.7,23.38,4,,31,7.11,1,577.0,25.38,-2.0539,0.1458,0.2415,1,1,0,8,1,-0.4869
136.44,5,16614.08,4.73,7,5.9,51,3.41,29,688.0,12.3,0.1719,0.07,-1.5519,0,0,0,3,1,-0.4331
75.03,1,25475.25,8.57,5,10.57,60,24.26,23,733.0,38.54,1.4054,1.1242,0.3643,0,0,0,4,1,-0.5104
1334.32,5,66478.8,42.75,1,4.77,54,18.13,55,804.0,9.63,4.2407,-1.2233,0.6484,2,2,1,2,1,-0.5448
274.15,10,6634.2,9.87,5,9.53,43,1.4,41,763.0,17.32,0.2408,-0.0702,-1.4003,0,0,0,3,1,-0.4301
5.96,22,1619.7,2.48,4,7.53,27,0.81,14,616.0,5.16,-2.688,-0.9155,-0.934,1,1,0,0,1,-0.4459
8.86,9,2367.01,0.81,2,4.54,26,1.77,14,623.0,25.0,-1.9998,-0.8288,0.1868,1,1,0,0,1,-0.4125
919.97,7,60295.51,4.26,9,10.68,28,2.14,27,701.0,36.62,0.302,1.7062,0.0948,0,0,0,9,1,-0.493
903.01,2,166956.93,53.81,1,4.1,48,17.97,57,791.0,4.08,4.4634,-1.3354,0.7208,2,2,1,2,1,-0.5331
695.31,5,55304.03,3.09,5,17.71,23,24.07,28,618.0,71.9,0.0279,2.8512,2.9532,0,0,-1,4,-1,-0.5827
110.67,2,17801.63,7.71,5,11.69,67,3.81,25,706.0,33.73,0.6996,0.8365,-1.2086,0,0,0,1,1,-0.4689
257.54,7,13147.04,1.53,5,11.48,33,12.66,27,752.0,4.5,0.3194,0.2103,-0.697,0,0,0,3,1,-0.4545
29.64,11,1419.88,0.88,3,6.06,31,1.04,20,637.0,13.95,-1.7148,-0.8313,-0.6307,1,1,0,0,1,-0.3997
18.54,21,2016.42,1.57,4,7.82,33,,13,614.0,21.56,-2.379,-0.4062,-0.0432,1,1,0,5,1,-0.4386
642.55,1,40694.16,9.43,4,23.41,30,12.11,26,725.0,73.05,0.6326,3.0526,1.8939,0,0,0,9,-1,-0.5535
20.43,14,2426.06,0.24,5,4.5,21,6.02,4,653.0,2.3,-2.0881,-0.7205,-0.5037,1,1,0,5,1,-0.4413
12.61,18,1921.24,0.12,1,8.22,36,1.85,16,661.0,14.23,-2.0012,-1.2776,-0.5288,1,1,0,0,1,-0.4401
141.22,3,8297.4,12.81,4,10.24,46,26.15,15,781.0,23.58,1.0744,0.5814,0.2259,0,0,0,4,1,-0.489
11.16,20,1116.32,2.85,5,8.23,28,1.27,1,634.0,69.51,-3.2386,1.019,1.2537,1,1,0,0,1,-0.478
2348.47,3,74485.42,2.08,6,18.87,34,7.54,35,783.0,15.47,2.3438,1.5615,-0.1855,0,0,0,9,-1,-0.5655
217.77,8,10156.04,2.48,5,9.59,56,22.76,23,756.0,21.83,0.893,0.3571,-0.1265,0,0,0,4,1,-0.4762
11.99,14,2900.93,1.2,2,8.73,38,1.04,12,580.0,7.93,-2.1402,-0.9298,-0.8648,1,1,0,0,1,-0.4369
33.33,24,3107.25,12.73,1,4.25,31,4.49,1,655.0,39.69,-2.6936,-1.0866,0.9909,1,1,0,8,1,-0.4972
223.52,5,10209.74,13.52,6,9.09,41,14.3,35,705.0,25.77,0.6446,0.7827,-0.1048,0,0,0,7,1,-0.427
12.0,13,2311.48,0.7,1,7.99,18,1.81,18,631.0,37.62,-2.4657,-0.4736,0.8157,1,1,0,0,1,-0.432
31.94,16,2664.12,2.9,6,2.63,19,1.68,14,579.0,33.34,-2.8817,-0.0906,0.3589,1,1,0,0,1,-0.448
1442.34,6,111138.76,65.91,1,3.59,43,3.39,76,,0.24,3.7347,-1.8241,-0.0199,2,2,1,2,-1,-0.5585
112.63,9,15163.66,11.89,6,7.11,44,0.39,27,626.0,10.09,-0.6521,-0.0823,-1.4938,0,0,0,1,1,-0.4356
44.57,13,2544.94,0.2,1,3.88,29,6.97,1,636.0,46.01,-2.3457,-0.6556,1.4775,1,1,0,8,1,-0.4524
1780.05,2,83106.43,8.91,1,4.3,42,19.59,40,796.0,3.55,3.5677,-1.3833,1.2587,2,2,1,2,1,-0.5092
29.0,15,2668.89,0.98,1,8.19,18,5.93,7,641.0,22.54,-2.4277,-0.7441,0.6418,1,1,0,5,1,-0.4423
219.05,11,24401.59,5.04,5,6.8,33,6.36,24,740.0,2.82,-0.1589,-0.5574,-0.9106,0,0,0,1,1,-0.4326
2436.26,2,114901.04,3.33,1,3.45,58,2.97,50,791.0,2.84,3.6208,-1.9574,-0.2427,2,2,1,2,1,-0.525
391.8,9,20384.27,2.43,3,11.63,40,10.08,47,677.0,28.35,0.2096,0.132,0.1321,0,0,0,3,1,-0.4505
57.3,20,2934.03,3.04,4,2.35,18,0.89,20,654.0,7.66,-2.433,-1.4065,-0.4568,1,1,0,0,1,-0.4402
14.13,14,1309.72,5.36,3,8.41,29,2.45,20,686.0,7.29,-1.4802,-0.7798,-0.891,1,1,0,5,1,-0.399
90.1,10,2490.7,0.0,2,6.08,30,4.07,10,629.0,11.45,-1.7388,-0.9688,-0.2394,1,1,0,8,1,-0.4143
170.01,7,17713.65,6.44,6,6.9,26,18.48,42,747.0,25.72,0.5509,0.47,0.632,0,0,0,3,1,-0.4492
16.05,15,1377.32,5.27,1,3.71,46,1.44,16,600.0,26.71,-1.9131,-1.3917,-0.1253,1,1,0,5,1,-0.4397
79.05,5,10418.96,21.36,4,12.46,47,4.45,42,721.0,23.15,0.7048,0.4839,-1.1193,0,0,0,1,1,-0.4414
570.36,8,19285.14,19.62,5,13.23,41,3.16,44,774.0,12.38,1.1587,0.4132,-1.3742,0,0,0,7,1,-0.4593
4.75,17,2615.6,0.04,7,4.95,49,3.15,9,628.0,18.66,-1.8568,-0.1539,-1.1393,1,1,0,0,1,-0.4686
35.49,15,2056.74,3.78,3,1.79,28,1.75,6,641.0,40.17,-2.468,-0.7265,0.71,1,1,0,0,1,-0.4034
2694.38,1,52962.34,0.15,3,3.11,57,0.63,50,774.0,7.88,2.7248,-1.4088,-0.8082,2,2,1,2,1,-0.5346
18.92,16,1659.68,7.91,6,8.78,18,7.19,19,636.0,27.76,-2.0952,0.557,0.1897,1,1,0,5,1,-0.4466
633.36,11,58675.82,22.54,5,22.36,50,19.45,54,692.0,44.34,1.9443,2.2344,0.7601,0,0,-1,9,-1,-0.5652
473.8,12,12629.55,22.94,6,14.5,30,5.64,24,701.0,11.76,-0.154,0.9495,-0.9346,0,0,0,7,1,-0.4515
175.96,11,8583.2,32.32,4,5.03,35,14.68,43,726.0,13.17,0.8233,-0.5105,-0.0796,0,0,0,7,1,-0.4721
407.1,9,23617.32,27.19,7,13.09,38,2.15,49,674.0,31.44,0.4594,1.3676,-0.8546,0,0,0,1,1,-0.4812
767.0,3,15722.09,13.43,4,11.91,24,6.17,30,672.0,23.44,0.1756,0.7239,0.1876,0,0,0,7,1,-0.4605
269.35,8,10126.0,8.45,5,11.53,44,1.2,43,753.0,1.37,0.537,-0.1646,-2.0697,0,0,0,3,1,-0.434
74.54,15,2307.65,1.1,4,4.68,27,2.11,7,579.0,28.27,-2.7033,-0.4001,0.2167,1,1,0,8,1,-0.4252
93.64,6,18747.3,4.38,1,13.9,48,11.47,50,702.0,5.0,0.8904,-0.556,-0.8883,0,0,0,3,1,-0.4913
168.37,6,61825.82,0.79,5,17.41,33,3.64,24,679.0,68.2,-0.5224,2.3257,1.1219,0,0,0,9,1,-0.515
27.16,14,2330.32,4.11,1,4.21,30,0.78,18,585.0,35.75,-2.4257,-1.0149,0.5833,1,1,0,0,1,-0.4198
17.57,12,3401.58,6.58,4,8.93,29,5.7,16,624.0,14.6,-1.634,-0.1233,-0.4069,1,1,0,5,1,-0.4053
1354.8,6,38855.22,37.19,12,16.0,35,4.27,23,689.0,57.06,1.149,3.8405,0.2282,0,0,0,9,-1,-0.5748
44.93,20,2872.78,2.45,6,0.38,24,2.01,19,631.0,17.87,-2.4807,-0.9463,-0.3023,1,1,0,0,1,-0.447
5.11,18,2505.78,6.48,2,9.88,34,7.58,18,621.0,7.12,-1.7706,-0.8496,-0.4613,1,1,0,5,1,-0.4555
340.92,7,44958.82,1.06,5,20.38,41,13.47,33,675.0,73.7,0.0839,2.8374,1.6036,0,0,0,9,1,-0.547
15.7,14,1784.99,1.05,3,8.55,28,2.12,15,566.0,2.82,-2.3343,-0.774,-0.8158,1,1,0,0,1,-0.433
126.67,2,7430.75,16.64,2,5.09,55,4.9,52,760.0,16.36,1.4622,-1.0612,-1.1247,0,0,0,1,1,-0.4847
203.93,8,12261.73,1.18,6,14.77,57,11.36,28,636.0,19.22,0.0335,1.0553,-1.023,0,0,0,3,1,-0.4698
124.21,8,13776.41,5.37,8,5.29,43,0.34,51,610.0,32.93,-0.575,0.5444,-0.9525,0,0,0,3,1,-0.4804
115.42,5,8768.62,15.44,9,10.86,53,9.16,39,768.0,13.21,1.2688,1.1694,-1.885,0,0,0,1,1,-0.4817
22261.76,5,82060.53,34.62,2,3.94,55,36.5,58,704.0,96.84,3.4866,0.4438,3.3161,2,0,-1,9,-1,-0.5884
64.25,9,1375.19,1.17,1,,35,1.64,4,645.0,46.15,-1.9999,-0.1833,0.7192,1,1,0,8,1,-0.4449
266.33,6,14350.28,29.52,2,7.76,38,2.77,33,752.0,26.59,0.6201,-0.3484,-0.3221,0,0,0,1,1,-0.4461
2724.61,3,147068.35,54.42,3,3.96,45,2.46,75,775.0,12.72,4.3382,-1.0161,-0.0375,2,2,1,2,1,-0.5256
16.85,11,2446.07,18.62,3,9.28,31,1.39,15,675.0,29.62,-1.3224,0.0585,-0.2397,1,1,0,5,1,-0.4176
257.6,7,14559.68,13.63,10,12.98,53,8.77,38,679.0,21.23,0.679,1.8257,-1.5676,0,0,0,1,1,-0.4654
32.86,10,1723.7,0.8,1,10.0,27,2.66,19,688.0,38.95,-1.6498,-0.1977,0.4942,1,1,0,0,1,-0.4334
11.01,9,1020.03,4.19,4,6.66,28,3.74,15,671.0,26.99,-1.5088,-0.0782,-0.0856,1,1,0,5,1,-0.4025
26.33,21,1742.22,0.04,2,5.09,29,0.71,7,704.0,65.06,-2.837,-0.2974,1.3963,1,1,0,0,1,-0.4703
371.42,10,13285.14,5.24,8,10.01,52,0.25,39,739.0,11.17,0.388,0.4483,-2.1814,0,0,0,3,1,-0.46
398.47,2,41565.35,9.45,9,23.58,28,4.11,16,658.0,57.78,-0.377,3.7958,0.2727,0,0,0,9,1,-0.529
4.51,20,2949.99,1.86,3,0.66,30,0.56,14,607.0,20.48,-2.7089,-1.5485,-0.0662,1,1,0,0,1,-0.4338
15.45,18,1451.7,6.69,2,8.32,18,2.42,19,606.0,38.29,-2.7645,-0.285,0.7847,1,1,0,5,1,-0.4436
525.8,3,17450.16,28.68,3,7.71,29,6.45,44,813.0,20.36,1.5702,-0.1769,-0.1859,0,0,0,7,1,-0.4877
277.98,8,20194.66,75.19,5,11.05,46,11.28,29,773.0,4.93,1.6351,0.3196,-1.1661,0,0,0,7,1,-0.4861
1222.81,5,52421.21,4.62,9,16.89,48,4.69,17,660.0,95.05,0.4559,3.4034,1.0239,0,0,0,9,-1,-0.5576
9.23,15,1947.64,8.31,1,9.51,34,1.61,9,673.0,37.27,-1.9616,-0.3855,0.2722,1,1,0,5,1,-0.4297
300.02,7,53001.87,44.48,8,14.32,30,13.87,13,694.0,27.39,0.874,2.2167,0.2281,0,0,0,9,1,-0.5216
19.99,13,2142.63,6.96,3,9.29,18,0.28,7,745.0,13.05,-1.7252,-0.4358,-0.5925,1,1,0,5,1,-0.4512
631.64,10,14626.31,5.35,3,5.67,60,1.18,46,678.0,30.77,0.4042,-0.7572,-0.6519,0,0,0,3,1,-0.461
193.35,4,14571.15,25.11,2,11.27,39,10.54,37,734.0,17.13,1.0397,-0.0252,-0.2938,0,0,0,1,1,-0.4437
1684.0,3,119381.18,1.44,2,1.44,42,11.71,54,798.0,29.8,3.3337,-1.1932,1.7153,2,2,1,2,1,-0.5368
63.92,19,2760.67,15.15,5,2.03,30,1.26,9,629.0,23.94,-2.2614,-0.6866,-0.1998,1,1,0,8,1,-0.436
11.43,13,1597.76,0.58,5,9.97,35,3.34,18,643.0,23.96,-1.7299,0.2629,-0.6187,1,1,0,0,1,-0.4139
48.76,19,1186.34,2.34,5,2.28,33,6.85,20,698.0,20.38,-1.6252,-0.8991,-0.1881,1,1,0,8,1,-0.4316
78.4,14,2621.24,0.05,4,5.08,24,5.29,10,619.0,28.93,-2.3202,-0.2979,0.455,1,1,0,8,1,-0.4109
236.9,5,12697.47,26.67,7,9.0,40,1.29,34,739.0,21.03,0.6216,0.7837,-1.3592,0,0,0,1,1,-0.4351
426.05,4,22171.01,10.54,5,14.78,37,2.98,37,708.0,30.64,0.3744,1.1866,-0.5881,0,0,0,3,1,-0.4308
958.12,6,120510.04,3.62,1,1.84,40,4.76,60,752.0,4.18,2.4974,-2.1627,0.2235,2,2,1,2,1,-0.5212
367.78,7,15731.76,21.09,8,9.9,37,8.77,40,728.0,25.21,0.764,1.2091,-0.6639,0,0,0,7,1,-0.445
1244.65,3,29970.54,33.46,10,15.12,42,1.29,15,751.0,58.39,1.291,3.2934,-0.0198,0,0,0,9,-1,-0.5743
98.1,3,39652.85,9.84,9,20.57,18,19.86,27,746.0,56.68,0.4392,3.7799,1.3189,0,0,0,4,-1,-0.5656
855.18,4,46399.96,15.3,6,17.81,37,2.88,34,716.0,31.22,1.0753,1.8366,-0.443,0,0,0,9,1,-0.4822
509.71,12,16025.42,10.84,10,7.3,49,4.29,50,595.0,16.85,-0.0212,0.83,-1.4942,0,0,0,3,1,-0.5176
286.08,9,17260.89,4.87,3,13.7,37,12.61,42,743.0,20.67,0.523,0.2464,-0.113,0,0,0,3,1,-0.4461
105.67,17,2323.64,0.61,4,2.84,25,2.97,26,632.0,50.53,-2.3795,-0.3005,1.0188,1,1,0,8,1,-0.4328
235.79,8,17067.52,21.55,4,13.57,36,11.03,41,694.0,9.02,0.6528,0.3838,-0.707,0,0,0,1,1,-0.4426
218.74,10,6490.59,3.09,6,6.06,53,6.08,39,636.0,33.29,-0.386,0.1889,-0.5416,0,0,0,3,1,-0.4518
305.28,9,21287.37,3.17,4,11.86,65,0.46,25,736.0,12.36,0.471,-0.193,-1.9376,0,0,0,3,1,-0.4668
124.17,11,19424.69,16.81,6,6.71,35,15.1,26,614.0,0.75,-0.2351,-0.0826,-0.4351,0,0,0,7,1,-0.4846
17.99,16,2314.9,2.58,2,2.39,38,0.06,16,729.0,26.17,-1.5705,-1.4669,-0.2886,1,1,0,0,1,-0.4206
23.03,12,1308.39,4.07,1,1.93,31,0.08,10,696.0,33.21,-1.8388,-1.3351,0.3632,1,1,0,0,1,-0.4119
21.45,12,3620.77,29.35,4,2.02,18,8.94,10,629.0,39.89,-1.6226,-0.0177,1.3024,1,1,0,8,1,-0.4884
1811.87,3,115231.73,32.88,3,0.25,53,1.71,55,798.0,8.02,4.1245,-1.5757,-0.2221,2,2,1,2,1,-0.5166
1603.99,3,122355.92,32.29,5,2.58,49,5.76,60,794.0,1.9,4.3375,-0.936,-0.4033,2,2,1,2,1,-0.5276
10.36,17,2158.51,0.62,1,0.24,26,,5,596.0,7.33,-2.5043,-2.0804,0.384,1,1,0,5,1,-0.4654
635.46,8,17175.82,37.94,5,5.51,60,2.33,52,737.0,13.89,1.9652,-0.4477,-1.5876,0,0,0,7,1,-0.5021
1482.38,2,162347.42,28.26,1,2.04,52,10.26,67,,5.07,4.0758,-1.7495,0.5522,2,2,1,2,1,-0.5196
409.89,5,65185.25,11.94,4,22.32,43,4.48,15,,61.47,0.3017,2.5463,0.7693,0,0,0,9,1,-0.519
15.79,16,3157.13,1.8,4,1.04,30,3.55,7,611.0,3.94,-2.2601,-1.4443,-0.5468,1,1,0,5,1,-0.4368
146.02,8,4877.65,6.94,9,,23,16.57,39,740.0,5.66,0.2808,0.7875,-0.6216,0,0,0,3,1,-0.4892
31.71,13,2625.37,0.32,4,3.05,20,2.3,16,700.0,19.94,-1.8681,-0.8346,-0.0854,1,1,0,0,1,-0.4151
81.6,17,3076.48,0.4,6,6.07,32,0.54,9,679.0,10.47,-1.992,-0.4142,-1.1256,1,1,0,8,1,-0.4326
19.78,14,507.25,10.96,3,7.49,31,0.8,6,664.0,12.99,-1.8348,-0.6453,-0.7139,1,1,0,5,1,-0.4101
12.6,12,1380.53,4.57,3,5.99,25,1.12,10,613.0,30.86,-2.3546,-0.3357,0.233,1,1,0,0,1,-0.3985
24.4,12,352.77,1.41,5,6.11,18,1.4,2,625.0,14.16,-2.5221,-0.1966,-0.3678,1,1,0,0,1,-0.4409
121.43,3,23322.18,11.59,4,10.54,31,,21,737.0,41.8,-0.0054,0.9198,0.4897,0,0,0,1,1,-0.4465
37.21,15,1351.69,1.06,7,8.05,18,5.05,16,715.0,52.01,-2.0981,1.1594,0.7102,1,1,0,5,1,-0.4589
1002.56,2,93515.99,32.76,1,1.06,47,9.68,54,,0.08,3.2956,-1.8577,0.2563,2,2,1,2,1,-0.5337
2.78,18,2990.74,2.18,1,4.25,39,2.83,4,670.0,34.1,-2.2149,-1.2068,0.392,1,1,0,0,1,-0.4498
20.29,12,2208.79,2.9,4,0.89,27,1.19,18,628.0,41.08,-2.1811,-0.5555,0.5714,1,1,0,0,1,-0.4086
40.71,24,2891.55,0.19,2,8.5,22,1.52,13,666.0,15.59,-2.7868,-1.0928,-0.2056,1,1,0,0,1,-0.4613
1386.13,5,137735.79,44.14,6,0.28,49,1.11,59,782.0,13.32,3.8627,-0.7813,-0.4212,2,2,1,2,-1,-0.5547
9150.34,2,82569.79,17.57,1,0.76,48,20.83,53,838.0,8.47,4.3552,-1.7577,1.2624,2,2,1,6,-1,-0.55
1731.88,1,140063.56,2.72,1,2.51,63,4.61,38,814.0,6.76,3.7245,-1.9012,-0.0447,2,2,1,2,-1,-0.5499
69.4,15,1986.86,4.52,4,1.1,24,4.74,7,636.0,40.91,-2.4146,-0.4891,0.983,1,1,0,8,1,-0.4245
201.44,4,29934.33,11.97,2,21.26,64,0.8,17,759.0,12.56,1.0008,0.7321,-2.0244,0,0,-1,9,1,-0.5319
72.67,18,1910.77,7.18,5,10.0,23,5.25,22,660.0,39.06,-2.0693,0.5689,0.3672,1,1,0,8,1,-0.4489
46.79,15,965.6,2.99,4,3.12,25,0.71,16,695.0,38.37,-2.0836,-0.4916,0.3223,1,1,0,0,1,-0.4084
19.84,12,2538.47,1.45,3,3.99,27,1.33,12,572.0,27.73,-2.51,-0.6562,0.2357,1,1,0,0,1,-0.4136
45.76,13,1426.6,4.63,4,1.39,27,2.35,17,560.0,22.51,-2.3773,-0.8659,0.0973,1,1,0,0,1,-0.4196
13.83,15,2644.63,3.74,6,4.13,33,1.16,20,680.0,8.83,-1.5525,-0.6515,-1.2066,1,1,0,0,1,-0.4102
78.56,4,9548.63,8.69,3,12.43,46,19.27,47,686.0,6.03,1.132,0.0151,-0.4624,0,0,0,3,1,-0.4934
1536.4,3,126130.73,1.16,1,1.46,66,18.93,50,849.0,1.15,4.7115,-2.1354,0.6306,2,2,1,2,-1,-0.5849
146.81,8,18539.62,0.79,4,14.29,48,4.45,50,678.0,11.17,0.2547,0.1339,-1.4886,0,0,0,3,1,-0.4628
33.94,11,1305.27,5.63,4,7.6,39,0.52,9,571.0,35.96,-2.1913,0.1901,-0.12,1,1,0,0,1,-0.4395
84.62,18,2060.78,12.44,2,3.23,20,0.62,4,719.0,20.69,-2.1312,-1.2844,0.1219,1,1,0,8,1,-0.4543
17.31,11,1177.79,5.16,2,2.85,22,7.9,11,663.0,16.83,-1.6602,-1.1455,0.469,1,1,0,5,1,-0.4178
12.19,13,2595.15,0.26,5,2.62,40,1.44,8,646.0,37.45,-2.0062,-0.2929,-0.0441,1,1,0,0,1,-0.4329
546.91,6,14891.38,10.66,7,12.68,57,0.88,23,706.0,26.43,0.4401,1.1737,-1.4902,0,0,0,3,1,-0.4497
6.23,22,2006.47,1.49,2,7.49,18,3.5,5,660.0,20.64,-2.9233,-0.9125,0.2953,1,1,0,5,1,-0.4558
235.83,16,2340.3,12.9,6,2.98,31,3.53,6,691.0,36.62,-1.6874,0.0295,0.2169,1,1,0,7,1,-0.456
1313.2,3,50192.8,14.43,5,21.58,29,15.2,21,660.0,70.07,0.8887,3.3414,2.4387,0,0,-1,9,-1,-0.577
3941.81,3,137182.26,7.95,7,3.51,45,8.98,48,798.0,18.95,3.4753,-0.0365,0.3743,2,2,1,2,1,-0.5398
3554.97,4,56675.66,64.47,3,1.95,42,7.68,60,804.0,11.74,3.6776,-1.1224,0.1518,2,2,1,2,1,-0.5277
1.98,12,2734.47,0.67,3,9.09,26,17.09,8,625.0,35.15,-1.7328,0.3326,1.3977,1,1,0,8,1,-0.4731
282.82,3,5378.22,25.66,6,7.78,36,5.56,27,776.0,23.84,0.7813,0.6411,-0.7206,0,0,0,1,1,-0.4512
442.48,9,13694.88,8.8,11,,40,1.6,48,755.0,28.08,0.465,1.3585,-1.4946,0,0,0,3,1,-0.5058
10.44,17,1189.27,1.83,4,1.77,20,0.95,11,626.0,38.44,-2.8771,-0.607,0.67,1,1,0,0,1,-0.4181
2032.3,2,115638.24,12.26,2,2.09,53,31.3,67,797.0,0.05,4.8013,-1.7037,0.8164,2,2,1,6,1,-0.516
230.57,4,13801.59,6.05,4,10.23,18,7.14,29,767.0,5.39,0.0829,-0.0268,-0.5501,0,0,0,3,1,-0.4672
1204.47,5,88046.1,5.95,1,1.29,60,5.19,35,754.0,4.51,2.6218,-2.114,-0.1287,2,2,1,2,1,-0.5139
402.93,4,45835.18,17.56,7,21.39,35,0.34,30,660.0,42.26,0.1617,2.7848,-0.5574,0,0,0,9,1,-0.5015
258.54,12,11674.07,4.63,3,9.96,36,2.27,54,722.0,21.26,-0.1301,-0.4837,-0.7476,0,0,0,3,1,-0.4501
10.2,14,2044.75,12.05,1,6.0,39,0.27,20,676.0,61.06,-1.7294,-0.3001,0.946,1,1,0,5,1,-0.4487
1568.57,3,75864.52,26.13,1,0.9,49,14.95,35,794.0,3.36,3.6643,-1.7563,0.8187,2,2,1,2,1,-0.5113
13.54,10,1991.08,4.56,1,7.23,28,0.3,9,681.0,59.11,-2.0831,-0.0027,1.1871,1,1,0,0,1,-0.4429
865.18,1,99937.77,10.14,1,0.68,58,7.21,64,778.0,22.43,3.457,-1.7709,0.4172,2,2,1,2,1,-0.527
1276.85,6,173712.8,28.98,1,2.17,47,7.08,70,820.0,10.39,4.0962,-1.8813,0.3423,2,2,1,2,1,-0.5352
7.62,18,3269.56,16.86,2,7.25,34,1.34,19,620.0,36.75,-2.0589,-0.4865,0.2307,1,1,0,5,1,-0.4394
3105.69,2,54592.56,32.9,3,3.89,58,52.16,79,791.0,8.02,4.8968,-0.9759,0.2839,2,2,1,6,-1,-0.5581
247.0,10,13903.52,15.0,3,10.25,50,9.87,17,715.0,5.42,0.3128,-0.4101,-0.9198,0,0,0,1,1,-0.4443
1417.27,6,76290.49,3.38,14,16.03,31,16.59,49,675.0,71.78,1.6089,3.9602,1.9794,0,0,-1,9,-1,-0.6315
40.04,16,2040.45,15.46,4,0.12,21,0.54,9,648.0,23.52,-2.2531,-1.0197,0.1191,1,1,0,8,1,-0.44
143.52,12,13624.06,19.56,8,8.83,58,2.16,19,757.0,17.84,0.2863,0.6034,-1.9452,0,0,0,1,1,-0.4688
30.29,16,1712.58,4.45,1,2.03,32,1.37,14,635.0,3.96,-1.9986,-2.0914,-0.521,1,1,0,0,1,-0.4256
26441.75,5,36596.29,10.44,9,12.78,27,50.96,38,672.0,83.32,1.1897,3.206,2.7349,0,0,-1,4,-1,-0.5831
1419.29,3,84466.71,21.43,3,4.55,40,2.5,51,795.0,0.23,3.1895,-1.2239,-0.4427,2,2,1,2,1,-0.5106
122.49,9,13006.31,2.08,8,7.14,53,25.59,32,785.0,14.95,1.1249,0.4899,-0.6826,0,0,0,4,1,-0.494
963.98,2,115080.16,11.04,1,3.68,53,,71,826.0,1.8,4.0395,-1.9731,-0.3252,2,2,1,2,1,-0.5375
2431.55,3,45275.08,8.84,3,3.77,50,21.33,48,796.0,22.62,3.2686,-0.6563,1.1852,2,2,1,6,1,-0.5295
1191.35,5,58656.1,43.17,2,2.35,53,9.55,65,786.0,5.78,3.7898,-1.5399,-0.2689,2,2,1,2,1,-0.5336
13.91,16,1928.22,6.53,2,3.82,40,0.09,7,677.0,17.29,-1.8179,-1.3879,-0.5864,1,1,0,5,1,-0.422
144.22,11,10582.95,22.05,9,12.71,41,0.57,63,771.0,45.97,0.5787,1.798,-1.2131,0,0,0,1,1,-0.5351
361.5,9,20547.21,5.27,1,7.52,45,12.84,25,754.0,6.02,0.6616,-1.2213,-0.1851,0,0,0,3,1,-0.4613
4730.2,1,76527.92,30.71,3,4.92,41,17.75,58,810.0,10.54,4.3305,-0.6195,0.9006,2,2,1,2,1,-0.523
23.23,23,575.86,6.19,2,2.71,23,4.64,11,668.0,14.95,-2.5122,-1.6541,0.1783,1,1,0,5,1,-0.449
238.39,7,22035.57,11.87,2,6.33,59,0.55,30,707.0,55.47,0.1107,-0.1322,0.2045,0,0,0,1,1,-0.4768
11.68,17,1472.77,2.91,2,0.93,34,0.33,10,621.0,26.77,-2.4689,-1.5036,0.1266,1,1,0,0,1,-0.4229
2088.69,3,28380.72,42.63,9,19.45,51,6.62,19,738.0,54.43,2.1436,3.5612,0.0454,0,0,0,9,-1,-0.5852
3511.27,2,77927.15,0.03,6,12.53,34,4.14,3,599.0,54.65,0.2212,2.0277,1.7456,0,0,-1,9,-1,-0.5805
1104.36,8,46441.8,1.01,7,20.12,40,23.85,25,,60.57,0.9352,3.0812,1.777,0,0,0,4,-1,-0.5642
246.53,10,14550.83,10.54,4,6.15,54,7.46,18,780.0,21.09,0.4559,-0.4576,-0.6994,0,0,0,1,1,-0.4456
849.0,0,61336.27,11.64,3,0.32,58,30.26,59,792.0,10.5,3.7222,-1.3639,0.3863,2,2,1,6,1,-0.5304
330.85,9,15535.3,4.05,3,9.73,35,1.28,31,694.0,34.7,-0.6492,0.0466,-0.062,0,0,0,3,1,-0.4155
130.31,11,16016.8,17.81,7,13.67,28,8.05,30,741.0,17.92,-0.0688,1.1782,-0.8097,0,0,0,1,1,-0.4439
4285.23,3,10311.02,24.43,4,10.02,39,7.47,36,752.0,83.89,1.4651,1.6293,1.8999,0,0,-1,9,-1,-0.5654
10.99,17,2234.38,4.58,4,4.87,30,0.41,9,655.0,38.83,-2.4338,-0.2905,0.2156,1,1,0,0,1,-0.4119
334.62,6,63243.34,2.46,9,10.74,52,2.1,27,701.0,74.94,0.2269,2.435,0.5177,0,0,0,9,1,-0.5307
2230.76,3,128712.22,3.1,1,1.06,49,10.39,70,810.0,2.22,4.1264,-2.2566,0.4636,2,2,1,2,1,-0.5269
49.47,10,996.57,4.67,1,3.06,18,0.13,15,741.0,19.18,-1.5335,-1.444,0.0708,1,1,0,0,1,-0.4487
350.47,13,12467.52,1.0,4,12.54,32,0.65,4,707.0,26.66,-1.486,0.4195,-0.3937,1,1,0,3,1,-0.4627
2121.25,2,88439.42,24.1,4,1.31,45,1.81,39,776.0,1.31,3.2028,-1.248,-0.3916,2,2,1,2,1,-0.5098
413.98,7,51729.35,1.61,6,22.04,35,5.51,31,618.0,46.59,-0.3595,2.5446,0.2418,0,0,0,9,1,-0.5078
640.47,3,137318.81,78.13,1,4.08,40,,84,809.0,20.19,3.9118,-1.2618,0.4473,2,2,1,2,-1,-0.5585
3119.51,3,87709.93,71.36,4,2.55,45,10.19,60,849.0,5.28,4.6201,-0.9729,0.028,2,2,1,2,-1,-0.5538
340.66,4,14440.04,1.17,4,11.79,21,9.62,42,695.0,19.18,-0.0161,0.4418,0.0749,0,0,0,3,1,-0.4674
26.82,11,2321.23,2.67,1,6.75,31,0.56,17,705.0,15.74,-1.4008,-1.1937,-0.4721,1,1,0,0,1,-0.4143
1796.84,6,51556.85,25.69,7,16.61,28,1.36,24,742.0,25.24,1.4403,1.8947,-0.2198,0,0,0,9,1,-0.5467
25.59,15,1371.72,1.12,3,7.23,35,3.21,11,672.0,57.64,-2.165,0.2221,0.9385,1,1,0,0,1,-0.4216
1287.78,3,82269.11,7.21,1,3.41,34,5.85,51,801.0,0.61,2.7427,-1.8424,0.2077,2,2,1,2,1,-0.528
351.41,13,14522.9,4.41,3,11.02,46,7.17,38,,10.81,0.0184,-0.5051,-0.869,0,0,0,3,1,-0.4498
1694.21,5,173616.91,11.15,3,2.69,40,29.45,80,771.0,18.87,4.1471,-1.0457,1.6761,2,2,1,6,1,-0.5331
18.83,24,1218.12,0.28,5,8.76,28,4.88,14,598.0,17.12,-2.8641,-0.28,-0.3696,1,1,0,5,1,-0.4767
1193.1,6,80376.58,1.46,7,16.7,64,0.17,23,674.0,8.89,1.6356,1.1316,-1.6633,0,0,-1,9,-1,-0.562
11.31,17,1612.6,13.59,4,1.05,29,0.46,26,645.0,29.99,-1.9145,-0.9564,-0.0237,1,1,0,5,1,-0.4279
2022.56,2,113566.62,24.89,1,3.95,52,56.93,50,784.0,1.09,4.6334,-1.4674,1.0333,2,2,1,6,1,-0.507
4.17,20,2110.54,1.24,3,2.44,29,3.91,11,619.0,22.56,-2.6233,-1.2312,0.1999,1,1,0,5,1,-0.4213
701.32,8,19689.7,5.59,10,12.96,33,9.44,34,541.0,9.21,-0.4186,1.7246,-0.8904,0,0,-1,9,1,-0.5208
271.01,5,39596.43,19.4,9,20.38,35,13.13,35,646.0,29.49,0.6597,2.9789,-0.4041,0,0,0,9,1,-0.5125
306.69,4,19194.79,26.46,2,14.32,31,0.78,40,829.0,23.97,1.1198,0.3095,-0.755,0,0,0,1,1,-0.5203
13.69,18,1236.98,0.72,4,0.39,31,12.6,11,641.0,13.5,-1.8775,-1.2908,0.3717,1,1,0,8,1,-0.4672
1007.04,5,57389.48,1.16,7,17.42,23,3.92,14,738.0,41.22,0.25,2.3,0.5337,0,0,0,9,1,-0.5239
1348.89,4,131492.03,33.97,3,0.45,30,1.17,53,765.0,9.7,3.0708,-1.3789,0.3862,2,2,1,2,1,-0.5324
22.1,26,3195.98,2.4,2,9.41,21,10.19,16,773.0,9.33,-1.8267,-1.1483,-0.0024,1,1,0,8,1,-0.511
168.96,5,14931.53,1.21,2,8.36,33,6.08,34,705.0,22.57,-0.2004,-0.4616,-0.0389,0,0,0,3,1,-0.4199
248.51,2,35182.72,4.17,6,23.08,30,10.16,19,687.0,41.29,-0.0265,2.7247,0.2673,0,0,0,9,1,-0.503
1092.04,3,49151.52,14.54,10,21.94,23,1.4,31,635.0,41.78,0.3425,3.6017,-0.1606,0,0,0,9,-1,-0.5695
28.48,17,2889.72,6.52,6,6.34,28,0.08,16,681.0,45.06,-2.1863,0.4412,0.084,1,1,0,0,1,-0.4174
79.69,9,8305.23,40.04,10,9.1,40,20.81,33,731.0,34.46,1.0997,2.0498,-0.0051,0,0,0,4,1,-0.5175
176.54,11,18633.31,24.15,5,13.12,46,8.99,30,761.0,1.71,0.8895,0.2278,-1.5391,0,0,0,1,1,-0.4652
13.91,20,1243.99,1.0,7,0.18,41,,3,683.0,15.28,-1.8856,-0.7845,-0.5985,1,1,0,5,1,-0.4913
12.81,5,3251.91,8.97,6,7.05,33,2.15,8,720.0,23.42,-0.8567,0.4577,-0.7675,0,0,0,5,1,-0.4301
13.14,17,2537.8,0.63,4,4.99,34,0.19,19,631.0,50.13,-2.4578,-0.1133,0.4741,1,1,0,0,1,-0.4181
1216.51,5,149420.37,24.97,6,0.58,52,7.2,59,784.0,0.78,3.8758,-1.0909,-0.5752,2,2,1,2,1,-0.5406
12.42,18,2413.9,5.05,2,7.52,29,3.51,8,617.0,46.74,-2.6946,-0.1893,0.9599,1,1,0,5,1,-0.4235
1667.22,6,40311.47,7.13,6,10.88,40,6.61,42,684.0,49.66,1.2135,1.3631,0.9939,0,0,0,9,1,-0.5237
202.96,0,29675.29,2.83,9,12.56,20,61.75,31,731.0,58.62,0.4434,2.9111,1.6382,0,0,0,4,1,-0.5435
3025.19,3,85082.77,2.5,1,4.12,46,6.46,53,785.0,0.37,3.158,-1.8547,0.0554,2,2,1,2,1,-0.5159
71.85,7,2857.86,1.67,2,7.39,35,5.09,17,611.0,36.84,-1.5228,-0.1546,0.5132,1,1,0,8,1,-0.4274
345.11,12,18117.95,12.99,6,11.61,61,3.59,49,659.0,11.86,0.5789,0.1955,-1.8943,0,0,0,1,1,-0.4813
1458.04,4,129813.82,4.63,3,3.54,60,45.75,72,842.0,4.33,4.9401,-1.4469,0.4704,2,2,1,6,-1,-0.5632
495.49,6,56174.94,22.23,15,24.64,28,0.38,22,737.0,34.72,0.5228,3.7544,-1.208,0,0,-1,9,-1,-0.5611
11.93,23,1538.88,5.59,2,4.1,40,6.75,25,618.0,24.55,-2.0675,-1.3844,0.1505,1,1,0,5,1,-0.4838
1560.04,9,51928.42,45.08,14,18.84,20,7.29,30,637.0,74.99,0.7378,4.6267,1.5794,0,0,-1,9,-1,-0.6374
3.68,15,1164.3,4.05,3,6.1,48,9.75,15,676.0,6.36,-0.9324,-1.0812,-0.7654,1,1,0,8,1,-0.4477
11.04,10,2263.69,0.85,2,4.82,48,0.34,12,656.0,37.24,-1.5149,-0.7113,-0.1256,1,1,0,0,1,-0.4363
1962.84,3,160922.18,22.85,5,1.23,47,11.89,30,770.0,2.07,3.5964,-0.8664,0.4034,2,2,1,2,1,-0.5297
268.02,10,12352.79,13.39,8,9.7,40,0.02,15,780.0,30.53,-0.2708,1.0999,-1.1561,0,0,0,1,1,-0.4589
36.7,12,1903.83,6.02,5,2.84,27,1.14,17,611.0,18.94,-2.0009,-0.5671,-0.3897,1,1,0,0,1,-0.4078
23.32,12,2311.42,1.75,2,7.1,30,0.6,17,627.0,16.66,-1.9468,-0.8748,-0.4176,1,1,0,0,1,-0.4049
25.83,16,1193.27,3.22,1,8.62,21,3.92,10,595.0,62.91,-3.0347,0.1998,1.8757,1,1,0,5,1,-0.4692
22.2,20,2535.37,2.76,3,2.14,42,7.76,13,606.0,27.9,-2.149,-1.1495,0.3471,1,1,0,5,1,-0.4477
23.19,9,2199.32,3.68,3,5.45,28,0.71,16,627.0,29.98,-1.8908,-0.3982,0.0534,1,1,0,0,1,-0.3946
8242.16,7,11007.23,3.35,6,9.57,43,10.4,32,753.0,93.08,0.9074,1.7685,1.8585,0,0,-1,9,-1,-0.5719
16.19,12,3041.29,3.48,3,9.51,18,5.61,2,589.0,44.26,-2.7534,0.5552,1.1867,1,1,0,5,1,-0.463
147.21,7,9499.69,15.18,8,,19,3.83,39,702.0,36.3,-0.5572,1.2314,-0.1486,0,0,0,1,1,-0.4707
1551.35,7,68430.0,27.76,9,17.36,18,1.91,29,706.0,46.93,1.1027,2.9824,0.7366,0,0,-1,9,-1,-0.6004
743.82,3,48544.89,14.0,8,10.23,21,1.84,16,,32.35,0.1169,1.6427,0.1234,0,0,0,9,1,-0.4864
13.98,21,2567.76,0.51,4,9.55,22,7.48,13,692.0,43.22,-2.4362,0.2954,0.8522,1,1,0,5,1,-0.4514
28.93,17,1719.5,16.79,3,2.05,28,4.89,14,620.0,50.62,-2.2406,-0.3964,1.2614,1,1,0,8,1,-0.4368
21.58,12,1294.72,0.82,2,6.27,26,2.98,11,645.0,45.17,-2.2692,-0.2382,0.9146,1,1,0,0,1,-0.4092
29.92,12,2084.01,7.07,2,5.08,33,0.17,18,572.0,53.26,-2.3937,-0.2051,0.9292,1,1,0,5,1,-0.4395
22.84,18,1901.61,3.04,4,8.44,43,1.21,21,669.0,31.37,-1.7566,-0.236,-0.579,1,1,0,0,1,-0.4234
14.08,13,1850.31,1.55,2,3.59,33,1.79,15,721.0,25.75,-1.5151,-1.1763,-0.0873,1,1,0,0,1,-0.4075
11.83,10,2923.48,5.39,2,,33,6.25,25,586.0,45.56,-1.7451,0.0339,0.9093,1,1,0,5,1,-0.4171
328.61,9,16539.98,7.63,5,8.74,38,0.77,42,720.0,31.82,-0.0972,0.2344,-0.6003,0,0,0,3,1,-0.4271
225.75,7,14406.0,13.33,5,9.25,56,4.84,26,698.0,54.63,0.0616,1.0014,0.053,0,0,0,1,1,-0.45
17.3,23,1342.44,0.21,5,,18,5.05,25,640.0,28.04,-2.7049,-0.1378,0.1983,1,1,0,5,1,-0.4833
36.09,14,1301.17,1.87,2,4.76,38,4.15,9,743.0,33.81,-1.4012,-0.8576,0.1998,1,1,0,0,1,-0.4267
310.28,3,72254.57,20.57,8,20.85,24,4.54,25,781.0,29.75,1.1261,2.759,-0.5216,0,0,0,9,-1,-0.564
186.79,9,45186.57,42.0,7,15.38,29,18.89,21,638.0,44.03,0.4412,2.5132,1.228,0,0,0,9,1,-0.542
1875.44,6,138729.12,25.3,1,1.94,57,0.33,56,743.0,22.77,3.3686,-1.6561,0.3788,2,2,1,2,1,-0.5407
271.83,8,22143.2,37.03,2,10.35,47,0.86,38,713.0,22.81,0.833,-0.2197,-0.86,0,0,0,1,1,-0.4615
465.15,7,10022.06,16.28,6,8.32,37,7.44,37,714.0,21.44,0.4761,0.4581,-0.5292,0,0,0,7,1,-0.4232
216.44,4,16902.86,7.24,6,7.43,32,3.31,48,686.0,6.51,0.269,-0.0551,-1.2754,0,0,0,3,1,-0.4377
334.79,14,9614.6,31.88,5,7.81,36,15.57,21,751.0,21.07,0.4511,0.2463,0.1958,0,0,0,7,1,-0.4993
3435.95,0,88555.88,21.6,4,3.05,51,1.93,49,795.0,14.23,3.6384,-0.8063,-0.2532,2,2,1,2,1,-0.5231
2235.08,5,125500.54,0.14,1,4.02,47,8.52,55,804.0,2.18,3.4737,-1.9228,0.3766,2,2,1,2,1,-0.5239
186.66,9,12359.98,19.63,2,10.32,34,32.79,27,725.0,22.42,0.51,0.0118,0.8296,0,0,0,4,1,-0.4629
2007.74,3,150597.59,0.16,2,4.71,55,6.16,67,762.0,1.05,3.7468,-1.694,-0.2195,2,2,1,2,1,-0.5217
13.88,10,2384.61,1.08,1,3.49,18,0.01,21,742.0,27.48,-1.5771,-1.2706,0.3,1,1,0,0,1,-0.4525
2203.71,3,113958.16,14.56,4,0.75,50,20.84,63,823.0,8.49,4.7074,-1.2057,0.9895,2,2,1,6,1,-0.5379
2108.66,1,96154.06,35.22,2,2.66,45,11.81,35,741.0,57.9,3.2265,0.0925,2.6551,2,0,-1,9,-1,-0.5638
6.81,13,2189.3,0.13,1,4.4,27,0.09,3,562.0,30.69,-2.9513,-0.9951,0.5512,1,1,0,0,1,-0.4662
1258.06,5,21455.63,2.85,10,12.26,45,5.8,18,669.0,44.77,0.3718,2.4288,-0.0213,0,0,0,9,1,-0.5191
140.35,3,25583.39,22.32,4,12.2,54,3.35,34,698.0,24.79,0.9201,0.5689,-1.1007,0,0,0,1,1,-0.4508
29.29,15,2103.83,13.8,5,9.74,19,13.68,8,706.0,50.62,-1.6289,1.1546,1.4824,1,1,0,8,1,-0.5013
567.34,3,23719.14,11.65,8,5.28,40,3.2,45,779.0,17.5,1.342,0.3734,-1.1938,0,0,0,7,1,-0.4707
3264.77,5,109838.41,45.81,1,0.14,50,7.89,68,800.0,0.33,4.6458,-2.1993,0.1959,2,2,1,2,1,-0.5332
3.93,13,1604.82,1.02,3,8.24,29,19.32,18,689.0,39.23,-1.1167,0.2021,1.4881,1,1,0,8,1,-0.4742
43.44,15,1613.54,21.16,4,0.89,38,2.01,12,599.0,8.32,-1.6228,-1.2573,-0.7627,1,1,0,8,1,-0.4599
20.89,12,3270.05,0.73,4,8.19,33,1.83,1,630.0,31.25,-2.2424,0.1299,-0.0774,1,1,0,0,1,-0.426
5.69,10,2645.74,4.97,3,1.87,27,1.25,13,622.0,13.52,-1.8898,-1.1883,-0.2955,1,1,0,0,1,-0.4102
14.76,15,2353.05,2.88,2,2.32,41,1.54,5,657.0,11.03,-1.8378,-1.6621,-0.6181,1,1,0,0,1,-0.4257
2381.29,3,113036.23,5.3,1,4.16,44,12.72,80,792.0,2.65,4.2091,-1.8322,0.631,2,2,1,2,1,-0.5304
17.49,14,2158.86,1.99,1,7.81,19,0.71,26,684.0,27.36,-1.9751,-0.8682,0.2179,1,1,0,0,1,-0.4228
197.46,9,14896.79,21.12,5,9.58,45,7.7,35,705.0,3.04,0.6095,-0.1108,-1.3746,0,0,0,1,1,-0.4365
385.32,11,15155.31,82.09,3,8.85,40,10.4,27,709.0,27.53,0.6279,0.124,0.2143,0,0,0,7,1,-0.4745
11.92,13,3440.18,8.79,2,8.43,41,1.38,8,684.0,28.86,-1.4992,-0.4585,-0.3201,1,1,0,5,1,-0.422
153.22,8,7828.72,0.81,6,9.43,25,1.44,38,732.0,32.58,-0.7348,0.6357,-0.4569,0,0,0,3,1,-0.4272
2430.07,3,108988.03,9.24,4,,63,5.13,101,752.0,12.92,4.2005,-0.6397,-0.5344,2,2,1,2,-1,-0.5641
18.7,10,1294.78,5.37,3,6.48,23,3.29,10,661.0,28.57,-1.8708,-0.2526,0.2592,1,1,0,5,1,-0.3947
2673.29,4,120596.3,27.22,3,4.95,55,6.12,51,850.0,21.0,4.2778,-0.7657,0.269,2,2,1,2,1,-0.5426
27.34,21,2411.13,3.8,3,5.54,24,0.52,14,614.0,30.51,-2.9174,-0.7294,0.2461,1,1,0,0,1,-0.4159
26.9,16,1572.17,3.23,2,5.32,46,6.09,11,634.0,0.61,-1.4756,-1.558,-0.9144,1,1,0,5,1,-0.4558
11.44,13,1696.69,2.87,5,3.65,26,5.39,5,640.0,14.6,-2.0408,-0.5149,-0.216,1,1,0,5,1,-0.4147
14.94,23,1792.5,2.82,4,5.68,26,1.59,11,623.0,45.31,-3.1275,-0.2025,0.6708,1,1,0,0,1,-0.4456
157.61,10,12797.25,4.59,6,14.88,43,0.75,28,792.0,18.46,0.0052,0.8051,-1.7143,0,0,0,3,1,-0.4487
190.92,6,22072.42,14.93,2,9.58,43,4.11,14,727.0,26.11,0.0145,-0.1479,-0.2437,0,0,0,1,1,-0.4325
39.98,21,1488.78,3.34,1,0.14,39,3.25,9,668.0,23.93,-2.1969,-2.0353,0.2168,1,1,0,0,1,-0.4608
2042.29,6,134515.2,6.76,3,2.61,46,7.67,48,756.0,0.72,3.1122,-1.5737,0.2147,2,2,1,2,1,-0.5157
527.25,8,19367.63,27.44,1,5.59,53,8.12,30,743.0,22.33,1.2213,-0.9877,-0.0734,0,0,0,7,1,-0.4595
217.71,5,14073.38,3.59,6,12.03,28,18.64,57,717.0,33.48,0.7519,1.2259,0.6017,0,0,0,3,1,-0.485
16.5,16,1726.3,2.61,1,0.19,30,0.17,7,585.0,27.73,-2.7943,-1.6962,0.489,1,1,0,0,1,-0.4475
60.59,14,1649.06,23.46,2,2.32,28,0.63,4,698.0,34.82,-1.6783,-0.8715,0.4303,1,1,0,8,1,-0.4534
1651.18,5,115891.0,4.07,3,0.42,45,21.56,70,761.0,1.74,4.0547,-1.7415,1.1037,2,2,1,6,1,-0.5241
2019.85,5,98204.23,49.2,1,,50,21.35,54,799.0,10.32,4.6974,-0.7921,1.1264,2,2,1,6,1,-0.539
942.56,3,9912.75,4.6,3,12.49,40,10.88,9,714.0,58.44,0.1443,1.3806,1.5628,0,0,-1,9,1,-0.5266
37.82,12,3119.94,26.98,3,6.55,18,2.23,15,759.0,14.2,-0.8888,-0.5634,-0.3948,1,1,0,8,1,-0.4844
164.87,14,26194.16,7.31,1,10.82,29,1.31,55,699.0,46.83,-0.6812,-0.2592,0.5899,1,0,0,3,1,-0.4919
1727.01,4,119757.59,11.38,1,1.34,64,10.37,52,780.0,19.28,3.957,-1.7512,0.8025,2,2,1,2,1,-0.5218
835.05,5,52521.93,36.39,12,18.11,33,0.51,37,681.0,43.39,1.1406,3.6504,-0.787,0,0,0,9,-1,-0.5664
1067.46,4,73889.39,3.83,5,12.2,32,0.53,10,732.0,36.25,0.6056,1.0907,0.504,0,0,0,9,1,-0.5222
848.18,4,46108.01,18.62,6,21.8,36,2.58,25,637.0,44.65,0.374,2.7275,0.0617,0,0,0,9,1,-0.5081
9.63,13,1702.48,7.64,3,8.14,18,0.05,14,619.0,15.33,-2.318,-0.4549,-0.3316,1,1,0,5,1,-0.4257
256.1,7,22796.96,17.31,11,9.74,42,11.08,28,707.0,23.81,0.5964,1.8939,-0.9286,0,0,0,1,1,-0.4641
12.47,19,2071.96,1.2,1,6.49,31,3.7,9,556.0,50.85,-3.1602,-0.4717,1.3315,1,1,0,5,1,-0.4636
116.44,10,14975.4,66.63,7,9.16,39,18.7,31,770.0,5.57,1.4799,0.6402,-0.6984,0,0,0,7,1,-0.503
16.8,15,3079.32,1.57,2,3.76,31,2.3,13,616.0,24.96,-2.2784,-1.1243,0.1687,1,1,0,0,1,-0.4046
100.56,18,1091.07,1.78,3,2.32,33,0.16,18,635.0,5.94,-2.0927,-1.6904,-0.8082,1,1,0,8,1,-0.4361
367.83,12,8530.72,4.08,6,14.4,44,1.33,18,722.0,39.88,-0.7741,1.304,-0.6648,0,0,0,3,1,-0.4589
19.29,13,561.89,1.29,1,3.81,22,0.9,13,586.0,60.99,-2.9802,-0.3883,1.7378,1,1,0,0,1,-0.4539
678.13,2,55400.83,6.97,4,24.12,40,16.81,10,696.0,38.69,1.0084,2.3274,1.0237,0,0,0,9,1,-0.5297
1085.89,4,140863.19,59.66,2,4.52,44,1.73,38,816.0,25.95,3.2407,-0.7409,0.4603,2,2,1,2,1,-0.5487
132.6,4,17864.55,3.91,3,13.72,44,0.59,39,713.0,27.75,0.118,0.3842,-0.9436,0,0,0,3,1,-0.4525
356.16,8,17919.31,30.67,6,12.3,50,1.74,22,686.0,23.9,0.3832,1.0085,-1.2468,0,0,0,1,1,-0.4628
678.16,2,72928.4,16.9,9,21.8,41,9.48,27,705.0,39.11,1.5854,3.3204,-0.1483,0,0,0,9,1,-0.533
291.16,6,72148.9,47.0,9,14.91,18,7.16,28,778.0,70.07,0.9494,3.3382,1.3396,0,0,-1,9,-1,-0.5927
134.75,6,20857.8,13.54,9,7.18,32,39.21,38,663.0,2.43,0.6972,0.8093,-0.4939,0,0,0,4,1,-0.4998
41.86,15,1912.63,2.08,4,2.57,30,0.58,12,607.0,42.81,-2.5813,-0.3974,0.5313,1,1,0,0,1,-0.4081
1637.67,1,76235.77,53.85,3,4.2,52,28.79,57,795.0,2.18,4.8735,-0.8401,0.4961,2,2,1,6,1,-0.5182
944.25,3,56791.48,10.09,3,3.68,35,28.74,80,771.0,4.01,3.2298,-1.1855,0.58,2,2,1,6,1,-0.5223
895.35,3,116783.91,21.54,5,2.66,47,33.72,67,755.0,7.75,4.0351,-0.6896,0.6051,2,2,1,6,1,-0.5297
43.13,14,1343.41,5.99,4,2.93,23,0.89,2,707.0,7.88,-1.9267,-1.0759,-0.6265,1,1,0,0,1,-0.4338
61.7,16,3174.04,0.84,2,8.12,27,5.7,10,665.0,28.04,-2.0896,-0.5251,0.4221,1,1,0,8,1,-0.4176
1159.93,4,81585.3,52.4,2,3.17,59,2.51,45,754.0,6.98,3.3835,-1.3919,-0.6055,2,2,1,2,1,-0.5257
345.31,7,12549.17,43.98,7,13.93,29,7.25,28,640.0,12.9,0.2393,1.4903,-0.8876,0,0,0,1,1,-0.4892
16.91,18,2319.29,1.56,5,1.32,43,3.1,1,590.0,19.99,-2.4588,-0.9109,-0.4211,1,1,0,0,1,-0.4569
3324.58,3,95568.6,29.3,3,4.92,59,0.59,65,789.0,1.92,4.2418,-1.2961,-1.0009,2,2,1,2,1,-0.5214
8.97,10,1277.98,4.56,3,6.21,28,1.6,15,686.0,7.77,-1.408,-0.8787,-0.8034,1,1,0,0,1,-0.4025
78.99,12,2036.34,3.13,8,5.26,32,0.25,15,665.0,34.84,-1.7884,0.6698,-0.5414,1,1,0,8,1,-0.4397
543.67,7,12027.07,1.97,8,9.06,48,4.38,17,827.0,20.81,0.6543,0.7846,-1.3268,0,0,0,3,1,-0.4904
1331.83,4,93110.71,7.93,3,2.09,63,14.91,53,755.0,5.98,3.7473,-1.4583,0.2443,2,2,1,2,1,-0.52
19.68,12,2922.76,0.93,2,5.68,24,,2,689.0,8.75,-1.726,-1.0588,0.0018,1,1,0,5,1,-0.432
10.32,17,1199.45,6.26,3,3.21,24,5.29,17,635.0,54.61,-2.4722,-0.2546,1.4564,1,1,0,5,1,-0.4382
1114.29,4,81488.11,26.05,2,2.93,45,7.19,44,718.0,9.16,2.6347,-1.2942,0.2679,2,2,1,2,1,-0.4925
177.91,8,13382.6,0.96,3,12.73,23,2.13,20,740.0,12.59,-0.8173,0.0009,-0.6759,1,0,0,3,1,-0.4396
1475.43,7,44529.75,42.82,10,19.74,38,8.55,10,629.0,32.81,1.1773,3.4259,-0.0344,0,0,0,9,-1,-0.5849
11.23,21,2033.43,2.98,8,8.24,37,5.71,9,727.0,30.64,-1.8081,0.6582,-0.6107,1,1,0,5,1,-0.4628
25.69,14,2934.7,5.6,7,0.26,19,0.82,8,602.0,22.9,-2.6207,-0.2923,-0.1138,1,1,0,0,1,-0.4629
149.75,8,11833.33,14.95,6,11.94,30,7.35,51,713.0,35.1,0.1461,1.1012,-0.2251,0,0,0,1,1,-0.4405
164.89,10,18892.0,1.82,2,7.93,41,,22,759.0,46.11,-0.3759,-0.1325,0.7163,0,0,0,3,1,-0.4529
1024.76,8,63845.14,21.12,9,16.86,18,9.75,9,709.0,84.82,0.1522,3.683,2.1498,0,0,-1,9,-1,-0.598
40.27,16,1500.95,0.38,2,2.89,21,0.91,11,694.0,16.32,-2.2263,-1.482,-0.0408,1,1,0,0,1,-0.4166
1767.91,2,94446.07,7.65,3,3.89,33,11.52,67,800.0,9.54,3.619,-1.0863,0.8078,2,2,1,2,1,-0.5224
11.95,16,2407.48,1.19,6,1.37,34,3.59,12,637.0,22.23,-2.0825,-0.606,-0.3413,1,1,0,5,1,-0.4249
1131.13,5,56867.55,105.55,5,11.94,33,3.48,22,708.0,62.92,1.1914,1.9365,1.4576,0,0,0,9,1,-0.5412
717.44,7,51440.76,44.63,10,10.72,18,22.05,13,697.0,27.06,1.1176,2.4145,1.0548,0,0,-1,4,-1,-0.566
26.03,12,2391.65,18.55,6,0.89,22,10.72,4,710.0,45.97,-1.405,0.3296,1.2595,1,1,0,8,1,-0.5066
14.35,16,1056.1,1.41,1,8.12,29,0.46,7,704.0,51.52,-2.3726,-0.3089,0.8629,1,1,0,0,1,-0.4462
494.55,10,24018.27,21.39,5,7.79,29,7.61,19,707.0,13.31,0.0394,0.0789,-0.1997,0,0,0,7,1,-0.4497
9.16,14,2502.74,3.76,4,6.93,24,0.41,1,639.0,28.93,-2.5569,-0.0894,0.0088,1,1,0,0,1,-0.4303
323.09,7,11726.84,0.74,5,10.3,51,0.38,27,676.0,10.04,-0.1904,-0.0329,-1.6875,0,0,0,3,1,-0.4295
12.39,13,2890.82,7.97,1,4.63,22,1.06,11,655.0,20.62,-2.0859,-1.2166,0.1827,1,1,0,5,1,-0.4213
1650.31,1,114824.55,5.85,4,3.63,45,9.63,64,753.0,17.37,3.6464,-0.7391,0.6977,2,2,1,2,1,-0.5184
1993.05,1,157532.29,58.13,2,2.1,54,22.87,90,735.0,0.87,5.3724,-1.4464,0.7952,2,2,1,6,1,-0.5369
376.36,4,65334.69,4.12,7,22.85,35,1.59,31,747.0,28.05,0.7622,2.2894,-0.9674,0,0,0,9,1,-0.5138
413.9,10,9122.87,6.19,7,12.4,39,10.16,23,,15.75,-0.12,0.9742,-0.7661,0,0,0,3,1,-0.4459
90.15,16,758.32,6.33,4,4.79,39,1.8,7,679.0,42.64,-1.9343,-0.2002,0.2052,1,1,0,8,1,-0.429
17.57,15,2610.29,2.21,5,3.6,31,7.17,16,698.0,36.21,-1.6243,-0.2068,0.4044,1,1,0,5,1,-0.4181
20.87,15,2864.9,3.63,5,1.17,32,2.24,7,741.0,5.32,-1.4358,-1.2592,-0.992,1,1,0,0,1,-0.4403
1084.91,5,62646.34,64.68,12,23.05,18,6.6,14,666.0,65.4,0.6476,4.9193,1.0631,0,0,-1,9,-1,-0.632
145.81,14,13034.0,6.18,6,9.11,31,14.3,47,713.0,20.16,-0.0733,0.2733,-0.0913,0,0,0,3,1,-0.4546
291.67,9,17488.52,15.5,6,,33,4.08,22,665.0,5.68,-0.3876,0.0574,-1.0511,0,0,0,1,1,-0.4275
1492.24,4,34709.1,7.05,8,19.87,53,2.97,30,674.0,36.69,1.301,2.5871,-0.6836,0,0,0,9,1,-0.5364
723.79,8,77683.34,4.45,15,11.73,32,5.84,1,738.0,14.09,0.4911,2.0969,-0.8152,0,0,-1,9,-1,-0.5707
1520.49,5,95801.08,15.59,3,4.7,39,37.94,68,822.0,5.02,4.2841,-1.0664,1.0052,2,2,1,6,1,-0.5346
38.49,13,1727.85,14.69,6,8.05,18,6.48,14,655.0,40.51,-1.8715,0.9259,0.6088,1,1,0,8,1,-0.4478
218.19,12,14137.87,7.96,7,5.33,33,,63,709.0,29.87,0.1221,0.1539,-0.3468,0,0,0,3,1,-0.4599
439.44,6,12865.46,0.83,6,12.94,37,2.66,28,771.0,12.33,0.25,0.629,-1.3925,0,0,0,3,1,-0.4524
1113.35,3,50929.41,38.0,3,2.84,45,23.35,51,826.0,2.24,3.9475,-1.0317,0.3494,2,2,1,6,1,-0.5393
305.08,7,5784.95,4.66,5,13.32,39,2.43,36,683.0,15.85,-0.24,0.5339,-1.2582,0,0,0,3,1,-0.4259
2419.63,3,140092.35,57.99,1,1.68,48,4.03,63,736.0,15.41,3.9766,-1.5669,0.5699,2,2,1,2,1,-0.5199
31.4,10,735.72,1.43,1,7.62,24,0.72,20,,14.92,-1.521,-1.055,-0.355,1,1,0,0,1,-0.4297
66.3,17,1707.06,0.32,1,1.01,36,4.03,10,646.0,26.69,-2.1444,-1.7186,0.4505,1,1,0,8,1,-0.44
360.64,7,13667.15,25.75,4,12.96,68,15.13,60,739.0,24.46,2.3633,0.468,-0.8716,0,0,0,7,1,-0.5222
2566.63,4,169157.33,5.83,3,1.76,53,10.55,63,748.0,8.8,3.7089,-1.5076,0.4688,2,2,1,2,1,-0.5058
29.8,22,1241.07,1.6,2,,18,0.62,10,633.0,42.58,-3.2846,-0.4091,0.8685,1,1,0,0,1,-0.4571
57.62,18,1014.87,7.83,1,3.06,24,7.08,12,577.0,40.25,-2.7057,-0.9736,1.4754,1,1,0,8,1,-0.461
240.12,11,21353.21,4.92,3,8.79,46,8.08,54,763.0,13.94,0.8446,-0.7655,-0.8163,0,0,0,3,1,-0.4592
383.89,11,11374.59,2.39,6,8.2,44,2.04,21,693.0,15.82,-0.5727,0.0526,-1.1595,0,0,0,3,1,-0.4223
8.29,12,2364.86,0.18,3,4.19,18,5.66,2,692.0,32.01,-2.1736,-0.4645,0.8039,1,1,0,5,1,-0.4423
447.87,10,7184.47,62.17,1,10.71,43,1.18,34,715.0,8.74,0.6677,-0.7109,-1.1226,0,0,0,7,1,-0.4931
19.1,13,1708.72,3.27,2,2.81,22,2.49,18,583.0,48.05,-2.6484,-0.5663,1.2886,1,1,0,0,1,-0.4205
43.06,15,2481.02,2.88,1,0.21,29,1.07,5,715.0,25.72,-1.9805,-1.7792,0.3262,1,1,0,0,1,-0.4296
40.36,17,3537.88,5.94,2,1.7,18,5.34,16,714.0,9.79,-1.7708,-1.7233,0.1241,1,1,0,8,1,-0.442
1039.42,2,75666.97,60.21,4,3.32,41,24.19,44,748.0,4.71,3.6037,-0.53,0.7134,2,2,1,6,1,-0.5253
1104.44,3,94581.84,0.52,6,2.28,60,18.53,61,776.0,4.04,3.8983,-0.8288,-0.0296,2,2,1,2,-1,-0.5643
20.55,11,3217.16,20.79,6,9.63,18,3.85,9,583.0,13.56,-1.955,0.6504,-0.4747,1,1,0,8,1,-0.4726
115.8,13,670.76,5.49,2,9.85,26,1.12,1,600.0,47.61,-2.7086,0.316,0.8905,1,1,0,8,1,-0.4687
44.05,16,2395.12,11.87,4,6.5,36,3.63,20,688.0,5.64,-1.1724,-0.8532,-1.0836,1,1,0,8,1,-0.4168
1000.23,6,144486.18,97.75,3,3.68,48,17.61,43,781.0,57.69,3.4417,0.2688,2.5389,2,0,-1,9,-1,-0.5762
190.99,7,9179.37,19.59,8,6.69,40,3.86,19,647.0,18.01,-0.4182,0.7475,-1.0926,0,0,0,1,1,-0.4507
260.74,6,17385.72,7.5,5,9.36,53,2.35,23,696.0,39.94,-0.0604,0.6586,-0.5066,0,0,0,3,1,-0.4302
2917.12,2,37575.58,1.82,4,0.95,43,14.5,65,778.0,11.17,3.0217,-1.1715,0.4476,2,2,1,2,1,-0.549
350.14,4,21331.49,13.66,3,6.45,34,3.05,41,690.0,25.95,0.2769,-0.3227,-0.1244,0,0,0,1,1,-0.4336
1104.89,5,108417.98,15.97,1,2.54,42,19.64,73,702.0,5.8,3.5963,-1.7262,1.3217,2,2,1,2,1,-0.5349
212.31,8,18065.25,6.61,7,12.49,57,0.01,52,723.0,13.45,0.7649,0.5379,-2.3382,0,0,0,3,1,-0.4716
2278.43,1,112427.07,22.24,1,4.8,43,7.61,58,782.0,15.11,3.9124,-1.2078,0.8082,2,2,1,2,1,-0.505
24.04,18,2737.48,2.17,2,1.94,28,0.93,9,650.0,21.01,-2.4633,-1.5311,0.0664,1,1,0,0,1,-0.4085
579.29,7,14776.85,1.23,7,9.02,31,2.34,31,705.0,13.5,-0.1781,0.4635,-1.0034,0,0,0,3,1,-0.4427
42.93,15,1482.85,4.03,1,4.92,32,3.49,7,635.0,14.16,-2.0672,-1.4113,-0.0769,1,1,0,0,1,-0.4158
149.12,6,12690.87,3.56,5,7.06,43,0.43,54,703.0,17.21,0.2271,-0.3324,-1.3775,0,0,0,3,1,-0.4578
16.32,10,2538.29,4.74,2,3.1,40,0.85,19,621.0,30.11,-1.6061,-1.0049,-0.0453,1,1,0,0,1,-0.4207
415.17,8,42991.93,64.94,7,10.57,36,12.97,25,683.0,37.96,0.9491,1.6589,0.5795,0,0,0,9,1,-0.4979
38.93,15,2856.09,4.14,4,5.58,40,1.39,8,690.0,53.04,-1.9304,0.1191,0.4533,1,1,0,0,1,-0.4333
587.56,3,42128.9,6.15,5,13.6,33,30.67,15,714.0,26.66,0.9317,1.3525,1.0073,0,0,0,4,1,-0.4855
22.52,14,1917.37,5.2,4,8.82,18,1.23,10,595.0,25.34,-2.6706,0.0925,0.039,1,1,0,0,1,-0.4255
11.29,23,1183.07,13.14,4,6.69,37,1.19,12,644.0,53.68,-2.5716,0.1009,0.5352,1,1,0,5,1,-0.4672
835.57,9,22189.46,17.09,4,12.23,48,8.84,51,665.0,22.44,1.1154,0.3488,-0.3421,0,0,0,7,1,-0.471
1514.41,4,55888.84,0.53,8,19.86,18,1.69,20,688.0,66.99,0.0506,3.4606,1.4694,0,0,0,9,-1,-0.5832
13.53,12,3395.93,2.76,1,4.19,43,2.95,7,651.0,13.0,-1.5293,-1.523,-0.4603,1,1,0,0,1,-0.4346
196.39,9,2392.14,3.99,3,8.95,27,0.64,42,669.0,18.83,-0.9193,-0.4196,-0.6143,1,0,0,3,1,-0.4296
17.53,19,1561.05,12.32,4,9.44,21,1.32,9,708.0,19.77,-2.1117,-0.1741,-0.4336,1,1,0,5,1,-0.4444
416.79,10,13973.46,25.05,7,10.47,30,,20,793.0,16.76,0.4484,0.8718,-0.7518,0,0,0,7,1,-0.4655
16.46,7,1150.46,6.56,2,1.16,25,2.17,15,610.0,32.65,-1.8906,-0.9179,0.645,1,1,0,5,1,-0.4304
309.33,4,14922.76,14.58,5,5.43,56,5.83,43,720.0,30.51,1.067,0.0021,-0.69,0,0,0,1,1,-0.4414
2384.09,3,82440.41,67.41,1,3.64,52,6.48,50,739.0,23.56,3.5835,-1.0478,0.7459,2,2,1,2,1,-0.5113
226.4,10,16732.87,44.23,2,7.91,35,3.42,11,802.0,18.13,0.4434,-0.4622,-0.4462,0,0,0,1,1,-0.5015
420.04,7,27634.96,38.55,7,21.72,19,0.66,38,695.0,51.87,0.0819,3.1249,-0.0226,0,0,0,9,-1,-0.558
7.46,18,716.61,0.46,1,9.03,23,3.46,22,697.0,32.47,-2.1303,-0.7202,0.4484,1,1,0,0,1,-0.4502
2568.59,5,51722.09,9.27,13,21.26,31,1.3,25,710.0,65.28,0.7584,4.4051,0.3842,0,0,0,9,-1,-0.5961
8.18,18,584.58,0.26,1,7.0,25,,12,718.0,77.84,-2.3958,0.0921,2.2612,1,1,0,5,1,-0.5033
4.51,15,2656.8,1.81,2,8.53,43,1.64,13,744.0,10.08,-1.1347,-1.092,-1.145,1,1,0,0,1,-0.4387
32.32,14,2130.88,1.49,3,5.58,20,,14,603.0,23.11,-2.3145,-0.5488,0.5713,1,1,0,5,1,-0.4132
28.48,14,3516.29,4.14,4,0.63,44,10.02,3,723.0,40.66,-1.2139,-0.6079,0.7094,1,1,0,5,1,-0.4787
676.84,14,8752.38,18.28,2,8.45,48,15.05,37,744.0,22.1,0.9247,-0.6011,0.3031,0,0,0,7,1,-0.4839
85.53,7,10272.22,34.43,6,10.26,34,3.36,45,744.0,28.65,0.6239,0.8714,-0.8769,0,0,0,1,1,-0.4605
185.19,11,9477.79,83.58,3,6.05,56,23.18,42,707.0,20.42,1.5762,-0.4144,0.098,0,0,0,4,1,-0.5107
2086.99,3,105018.56,51.76,1,2.5,60,,75,767.0,7.19,4.8934,-1.7792,0.0101,2,2,1,2,1,-0.5387
14427.05,8,73238.3,20.72,8,16.76,33,8.11,16,638.0,31.28,1.0882,2.3666,0.6158,0,0,0,9,-1,-0.5704
1581.22,6,10873.26,11.54,8,6.33,35,11.89,26,789.0,8.51,1.6953,0.4967,-0.3041,0,0,-1,9,1,-0.5445
7.38,15,2235.46,1.35,2,5.9,34,2.03,3,585.0,42.6,-2.7579,-0.4027,0.7106,1,1,0,0,1,-0.4346
722.58,4,53580.13,4.66,7,17.39,46,4.03,25,711.0,53.12,0.7134,2.4481,0.1444,0,0,0,9,1,-0.4921
152.89,9,12621.93,7.86,6,9.96,34,,3,639.0,16.1,-1.1682,0.6554,-0.4915,1,1,0,1,1,-0.4491
1281.01,4,51796.74,1.35,8,20.88,35,5.02,30,659.0,37.29,0.7529,2.8062,-0.0063,0,0,0,9,1,-0.5424
295.8,11,9514.02,3.54,6,12.59,31,13.04,42,665.0,26.72,-0.331,0.9696,0.0549,0,0,0,3,1,-0.4476
55.15,20,1619.62,10.43,2,4.36,26,2.04,15,581.0,42.93,-2.8657,-0.6861,0.9544,1,1,0,8,1,-0.4324
27.16,12,2825.12,19.18,2,1.12,22,4.97,9,685.0,12.16,-1.3934,-1.4265,0.1334,1,1,0,8,1,-0.4436
81.42,16,2344.95,0.03,4,8.88,30,2.33,5,673.0,29.33,-2.2127,-0.0028,-0.1126,1,1,0,8,1,-0.4184
1888.14,2,91029.3,13.03,2,3.69,42,4.31,53,771.0,14.18,3.1377,-1.239,0.4369,2,2,1,2,1,-0.49
2114.48,5,157378.56,35.77,2,1.77,53,41.61,80,795.0,5.18,5.2834,-1.5931,0.9149,2,2,1,6,1,-0.5342
291.6,4,53126.72,35.17,4,12.09,22,6.04,23,735.0,50.01,0.6039,1.4694,1.1293,0,0,0,9,1,-0.5075
36.54,12,2157.67,9.4,3,3.3,28,1.35,13,653.0,55.0,-2.0807,-0.1169,1.0627,1,1,0,5,1,-0.4191
65.38,15,1849.08,6.72,2,0.3,27,2.27,11,779.0,46.12,-1.5906,-1.0939,0.9245,1,1,0,8,1,-0.4615
1301.03,5,34961.26,35.55,6,16.73,41,9.56,35,822.0,10.71,2.8256,1.374,-0.8345,0,0,-1,9,1,-0.5487
233.83,4,18308.13,46.16,5,8.52,38,0.29,35,718.0,23.95,0.8046,0.4856,-0.9673,0,0,0,1,1,-0.4611
180.65,12,12356.4,21.46,7,5.32,49,4.94,28,652.0,29.23,-0.309,0.3729,-0.7097,0,0,0,1,1,-0.4594
1614.98,6,65721.03,13.95,4,15.64,38,1.37,38,720.0,56.77,1.4483,1.6039,1.1142,0,0,0,9,1,-0.5363
15.02,11,2396.23,3.33,1,2.79,33,0.59,9,616.0,48.92,-2.3118,-0.7763,1.0067,1,1,0,0,1,-0.4282
818.41,10,18569.14,0.62,5,9.17,21,5.5,52,700.0,9.19,0.1082,-0.1837,-0.3868,0,0,0,7,1,-0.5018
129.63,10,10304.97,2.52,5,12.33,36,9.67,40,699.0,5.48,-0.0751,0.1414,-1.0642,0,0,0,3,1,-0.4439
3710.94,4,48026.44,27.54,10,22.1,48,5.42,15,712.0,16.44,2.0512,3.0505,-1.2816,0,0,-1,9,-1,-0.5742
31.11,20,1813.53,0.95,5,6.78,20,0.32,7,548.0,17.37,-3.3948,-0.308,-0.2758,1,1,0,0,1,-0.4809
15.52,12,1285.83,13.11,2,2.22,46,4.08,6,637.0,10.23,-1.2663,-1.4893,-0.6049,1,1,0,5,1,-0.4455
10.87,16,2099.6,0.09,3,0.17,31,1.76,6,652.0,29.7,-2.4041,-1.2505,0.3048,1,1,0,0,1,-0.4215
24.03,10,2182.28,12.89,3,7.44,23,0.32,15,627.0,29.98,-1.9131,-0.0925,0.0727,1,1,0,5,1,-0.4121
1326.73,6,52303.98,118.71,5,23.82,38,7.36,25,687.0,49.08,1.6118,2.744,0.7973,0,0,0,9,-1,-0.5513
225.05,11,20389.08,80.15,6,7.11,33,29.69,23,712.0,32.62,0.699,0.9144,0.9534,0,0,0,4,1,-0.5005
1787.99,4,53074.26,26.93,2,2.1,55,24.11,39,780.0,3.24,3.7228,-1.381,0.6635,2,2,1,6,1,-0.5287
75.32,2,52754.36,51.29,8,12.94,20,5.29,33,645.0,38.42,0.4382,2.3186,0.1494,0,0,0,9,1,-0.5373
24288.4,5,37381.87,6.49,7,10.79,53,14.58,28,692.0,85.9,1.4607,2.2959,2.0231,0,0,-1,9,-1,-0.5681
43.82,12,2128.84,11.52,3,8.86,33,3.23,22,657.0,22.18,-1.2953,-0.2642,-0.3959,1,1,0,8,1,-0.3943
6.49,9,1655.81,0.52,2,6.56,19,0.23,20,658.0,70.54,-2.3614,0.4163,1.7018,1,1,0,0,1,-0.4687
18.98,19,754.72,21.08,5,7.33,33,4.46,11,650.0,34.68,-1.8942,0.2349,0.0231,1,1,0,8,1,-0.4551
3093.81,1,106086.86,18.86,2,3.01,50,12.1,69,739.0,1.96,4.3042,-1.5268,0.4267,2,2,1,2,1,-0.5027
1467.26,10,14325.65,14.87,7,6.96,56,0.25,49,721.0,30.42,1.4162,0.3611,-0.8821,0,0,-1,7,1,-0.5383
13.62,12,2198.93,3.82,1,0.2,37,3.39,12,667.0,44.57,-1.7743,-1.2515,0.9531,1,1,0,5,1,-0.4303
4.91,15,3175.86,13.04,1,2.26,26,4.07,23,655.0,11.38,-1.5617,-1.784,-0.0172,1,1,0,8,1,-0.4394
5.14,12,2505.72,7.79,4,8.06,27,4.88,9,708.0,37.47,-1.5995,0.2868,0.3315,1,1,0,5,1,-0.42
1656.25,3,88592.72,75.26,2,4.01,42,0.55,84,789.0,2.59,4.1812,-1.5036,-0.5113,2,2,1,2,1,-0.5289
701.55,15,20038.76,0.16,4,14.35,35,19.63,43,731.0,13.82,0.6213,0.2896,0.3194,0,0,0,7,1,-0.5204
167.9,8,10582.53,30.44,4,6.65,37,10.78,51,698.0,26.49,0.7763,-0.0236,-0.0125,0,0,0,7,1,-0.4528
230.73,5,16688.28,18.91,2,8.83,27,11.71,39,666.0,29.5,0.1607,0.0233,0.8017,0,0,0,1,1,-0.4622
326.89,5,12846.5,9.53,6,9.01,72,15.91,43,719.0,7.86,1.9465,0.1108,-1.4592,0,0,0,7,1,-0.4906
518.73,6,52754.96,2.5,7,21.87,37,1.3,13,689.0,35.3,-0.1616,2.5271,-0.5923,0,0,0,9,1,-0.5017
3421.02,4,101280.52,11.52,4,,48,9.63,39,,4.89,2.9107,-0.4064,0.2046,2,2,1,2,1,-0.524
167.51,5,10515.96,10.65,4,9.63,48,8.33,38,703.0,15.53,0.6017,-0.0187,-0.9032,0,0,0,1,1,-0.4263
21.69,20,2155.94,7.52,3,5.57,39,4.91,6,578.0,10.72,-2.3725,-1.0665,-0.453,1,1,0,5,1,-0.4484
116.16,8,20537.57,6.43,2,13.62,34,1.28,40,679.0,25.86,-0.4693,0.0788,-0.4912,0,0,0,3,1,-0.4362
79.84,9,14400.84,22.08,7,9.11,47,26.29,31,762.0,6.07,1.3297,0.51,-0.796,0,0,0,4,1,-0.487
489.99,7,47449.24,4.86,7,10.96,42,7.0,19,721.0,25.85,0.4577,1.0519,-0.3601,0,0,0,9,1,-0.4441
503.88,10,19778.78,5.49,5,6.79,28,5.92,36,699.0,6.75,-0.1054,-0.4322,-0.5808,0,0,0,3,1,-0.4367
33.32,14,796.75,6.85,2,0.37,18,4.65,7,619.0,58.35,-2.7727,-0.5253,2.0296,1,1,0,5,1,-0.4695
46.67,14,2398.51,11.62,2,0.08,18,0.71,18,690.0,15.61,-1.8005,-1.6941,0.0599,1,1,0,8,1,-0.4378
634.37,5,73848.79,29.03,10,23.22,60,1.47,9,725.0,39.93,1.5488,3.4212,-1.282,0,0,-1,9,-1,-0.5829
488.9,6,20500.25,8.48,6,8.96,30,1.69,29,732.0,48.94,-0.2244,1.1232,0.315,0,0,0,3,1,-0.4459
441.98,4,15850.71,23.85,1,5.39,28,7.34,48,693.0,9.47,0.8133,-1.1377,-0.0108,0,0,0,7,1,-0.4765
294.71,5,11676.56,9.1,7,9.12,47,6.38,24,651.0,36.04,-0.1656,1.1714,-0.3932,0,0,0,3,1,-0.4387
15.54,22,1669.58,3.36,3,,18,8.57,4,649.0,31.11,-2.8311,-0.2918,0.9205,1,1,0,5,1,-0.4593
21.1,15,3429.43,4.78,2,0.02,18,1.82,14,588.0,11.82,-2.5909,-1.756,0.2094,1,1,0,0,1,-0.44
27.64,19,1893.13,5.92,4,9.1,33,5.03,11,655.0,28.42,-2.1054,-0.0489,-0.0758,1,1,0,5,1,-0.416
35.43,11,1111.53,9.79,1,8.78,18,26.59,22,632.0,31.27,-1.2197,-0.1385,1.8166,1,1,0,4,1,-0.4976
17.78,9,4233.65,21.08,5,2.64,23,0.85,5,629.0,6.61,-1.5947,-0.58,-0.7163,1,1,0,8,1,-0.4743
393.16,9,18297.87,1.53,5,11.63,33,1.76,56,703.0,26.13,-0.0078,0.3694,-0.7206,0,0,0,3,1,-0.4649
179.17,14,22449.63,10.52,4,14.45,27,1.05,31,718.0,17.81,-0.7739,0.3389,-0.8316,0,0,0,1,1,-0.4401
9.19,10,1366.9,0.92,1,,22,7.97,5,612.0,51.51,-2.3994,0.0969,1.7473,1,1,0,5,1,-0.4661
29.99,14,1970.26,4.19,4,8.06,30,3.98,17,755.0,33.73,-1.3066,-0.0116,-0.0527,1,1,0,5,1,-0.4331
696.15,4,62270.35,16.61,12,21.41,33,9.43,30,702.0,51.15,1.0782,4.2387,0.0507,0,0,0,9,-1,-0.5672
659.02,5,137193.48,7.73,3,3.99,48,29.17,54,804.0,5.36,3.4703,-1.2,0.6091,2,2,1,6,1,-0.5238
2.41,19,2005.97,5.47,3,1.15,20,1.84,20,658.0,58.08,-2.7229,-0.5549,1.4772,1,1,0,0,1,-0.4527
1605.99,2,92900.53,3.58,2,4.41,51,16.01,88,772.0,7.65,4.247,-1.4092,0.6528,2,2,1,2,1,-0.5312
274.31,5,13065.91,30.7,8,13.42,42,1.44,48,733.0,13.68,1.1399,1.3066,-2.0344,0,0,0,1,1,-0.4756
3085.54,6,72636.41,42.24,5,17.75,41,2.11,25,645.0,20.16,1.8903,1.5691,-0.218,0,0,0,9,-1,-0.5537
200.72,11,13856.42,10.58,4,5.19,34,4.79,29,756.0,14.77,-0.1505,-0.7192,-0.5911,0,0,0,1,1,-0.4264
141.93,6,13826.34,29.29,9,5.97,43,3.47,56,706.0,7.69,1.113,0.4682,-2.0025,0,0,0,1,1,-0.4856
894.78,5,65215.51,3.3,7,19.35,25,7.28,17,749.0,17.61,0.8484,2.0012,-0.2313,0,0,0,9,1,-0.5371
961.98,5,13401.8,21.47,5,10.94,42,2.83,57,708.0,46.33,1.2001,1.0296,0.0277,0,0,0,7,1,-0.5107
248.01,6,8314.34,2.37,10,5.82,38,3.74,30,722.0,40.52,-0.3164,1.3997,-0.5997,0,0,0,3,1,-0.4609
132.37,4,14948.22,17.48,5,11.38,53,21.5,50,769.0,13.63,2.1033,0.4745,-0.6496,0,0,0,4,1,-0.4869
234.07,6,20787.39,10.42,6,13.69,26,0.99,39,706.0,10.12,-0.0697,0.7603,-1.3461,0,0,0,1,1,-0.4284
179.62,5,7531.41,0.03,5,14.02,26,2.89,35,759.0,19.71,-0.2321,0.756,-0.9258,0,0,0,3,1,-0.4608
35.17,13,2792.05,0.24,6,6.85,28,0.41,1,609.0,66.55,-2.9338,1.2336,1.061,1,1,0,0,1,-0.4828
158.07,6,8627.21,10.03,7,12.47,32,6.18,38,679.0,22.24,-0.1773,1.1956,-0.8485,0,0,0,1,1,-0.432
1271.7,5,71383.61,0.51,9,12.42,33,0.78,28,661.0,94.63,0.2744,2.8005,1.4286,0,0,0,9,-1,-0.5738
314.84,6,19483.65,93.5,3,,38,6.02,48,740.0,46.62,1.1382,0.4075,0.4665,0,0,0,1,1,-0.4861
758.01,5,63862.25,30.66,11,12.38,51,13.58,23,631.0,66.27,1.3223,3.44,1.0747,0,0,-1,9,-1,-0.5875
36.49,15,3538.31,6.11,3,5.06,37,3.5,15,610.0,50.31,-2.1608,-0.1432,0.8203,1,1,0,5,1,-0.4124
379.6,8,5266.2,58.05,6,11.02,28,8.4,37,754.0,13.8,0.9171,0.7906,-0.7765,0,0,0,7,1,-0.4873
15.61,22,2845.63,10.19,2,1.42,18,3.18,19,718.0,31.74,-2.2491,-1.4327,0.7289,1,1,0,5,1,-0.4571
96.79,9,12644.78,13.87,2,5.31,41,7.49,34,755.0,12.03,0.3667,-1.162,-0.542,0,0,0,1,1,-0.4403
140.96,5,41885.25,18.52,12,19.21,39,28.53,35,698.0,28.8,1.2788,3.5279,-0.5006,0,0,0,4,1,-0.5488
32.88,17,1669.67,2.1,3,0.59,18,4.76,17,696.0,42.77,-2.2854,-0.8929,1.1899,1,1,0,5,1,-0.4328
20.03,12,2624.09,0.4,2,5.7,26,1.02,17,653.0,28.76,-2.0345,-0.7615,0.1706,1,1,0,0,1,-0.3987
450.61,7,15033.69,1.2,9,11.78,38,24.7,37,709.0,18.93,0.7737,1.5463,-0.1934,0,0,0,4,1,-0.4902
52.59,10,8057.04,2.46,10,12.29,52,2.13,35,660.0,12.71,-0.3937,1.2903,-2.3619,0,0,0,3,1,-0.4777
1258.91,2,64456.06,10.22,1,4.35,43,11.53,56,808.0,4.9,3.223,-1.5697,0.2936,2,2,1,2,1,-0.5198
326.8,8,19465.65,25.88,7,7.08,43,6.54,36,725.0,15.96,0.8509,0.3958,-1.0452,0,0,0,1,1,-0.4323
2066.08,1,73432.67,43.19,5,2.34,54,9.11,39,789.0,0.85,4.0725,-0.696,-0.4502,2,2,1,2,1,-0.5456
2041.75,3,92708.69,15.97,2,1.23,44,10.03,84,768.0,9.5,3.9657,-1.7176,0.5905,2,2,1,2,1,-0.5109
164.93,4,14023.55,9.73,8,23.94,18,1.03,37,744.0,68.8,-0.6097,3.5825,0.2571,0,0,0,9,-1,-0.5519
9.9,14,2227.05,0.61,4,,39,2.69,15,636.0,25.12,-1.8383,-0.2283,-0.4853,1,1,0,0,1,-0.4098
3516.96,2,66786.87,12.25,8,10.17,18,40.19,37,748.0,41.16,2.2398,2.0049,2.1285,0,0,0,4,-1,-0.5792
13.93,20,3063.26,8.31,2,1.52,46,0.54,8,623.0,36.48,-2.3203,-1.3226,0.1622,1,1,0,5,1,-0.4542
68.35,16,2603.98,1.57,4,8.86,43,7.89,9,645.0,33.68,-1.7235,0.1142,0.1078,1,1,0,8,1,-0.4389
51.97,15,1174.4,9.46,5,9.28,31,0.05,14,620.0,14.09,-2.0059,-0.0226,-1.0023,1,1,0,8,1,-0.4221
136.51,1,47389.73,11.22,10,19.95,52,4.13,31,664.0,8.17,1.0313,2.4908,-2.3936,0,0,0,9,1,-0.5244
1321.26,1,72221.68,43.06,1,1.89,53,4.43,46,800.0,2.93,3.812,-1.7322,-0.3565,2,2,1,2,1,-0.5297
1485.45,2,107075.05,1.44,1,3.92,40,0.97,21,800.0,11.87,2.3657,-1.4703,0.5437,2,2,1,2,1,-0.5439
81.5,3,68362.55,0.31,12,24.74,24,,19,623.0,26.9,-0.3562,3.7092,-0.7565,0,0,0,9,-1,-0.6158
15.07,19,2506.15,18.44,1,2.72,19,6.58,11,646.0,31.74,-2.2623,-1.1881,1.1564,1,1,0,8,1,-0.4711
6.12,23,2512.93,7.74,6,2.77,34,0.9,16,616.0,16.09,-2.4985,-0.81,-0.7911,1,1,0,5,1,-0.4724
26.82,8,2434.14,8.79,2,4.37,18,3.07,14,660.0,45.69,-1.8813,-0.2334,1.1724,1,1,0,5,1,-0.4225
1590.54,4,65266.85,6.02,1,4.74,44,36.3,65,829.0,9.82,3.8436,-1.4512,1.0948,2,2,1,6,1,-0.5454
9.85,10,1819.33,3.2,6,6.75,20,2.08,13,726.0,21.74,-1.5375,0.2121,-0.4916,1,1,0,0,1,-0.4292
4.5,10,3233.9,6.16,4,5.29,44,0.12,11,629.0,40.64,-1.6854,-0.0322,-0.1338,1,1,0,0,1,-0.4287
115.06,7,14313.36,3.44,5,11.17,40,9.14,27,676.0,2.62,-0.098,0.1075,-1.1365,0,0,0,3,1,-0.4356
25.45,15,2157.89,1.08,3,8.07,20,2.29,12,719.0,29.74,-2.0506,-0.2964,0.1746,1,1,0,0,1,-0.4116
1401.63,3,134875.64,31.77,2,3.76,56,16.43,47,741.0,11.52,4.1895,-1.0251,0.9452,2,2,1,2,1,-0.5071
256.29,7,6625.66,7.22,3,14.52,36,1.55,43,733.0,25.62,-0.0107,0.3882,-0.8421,0,0,0,3,1,-0.4357
7.5,17,1300.48,2.2,6,6.14,18,0.32,21,687.0,35.64,-2.351,0.192,-0.0098,1,1,0,0,1,-0.442
922.29,8,60758.65,5.69,6,,18,5.51,17,697.0,60.46,-0.324,1.3972,2.02,0,0,-1,9,1,-0.5178
167.13,9,6562.65,2.14,7,13.62,44,0.56,15,703.0,33.27,-0.9158,1.3847,-1.1152,0,0,0,3,1,-0.4509
2675.24,3,103148.08,6.68,1,2.01,42,15.12,40,760.0,2.72,3.3003,-1.771,1.2119,2,2,1,2,1,-0.5042
1268.5,6,74568.21,39.27,6,14.15,30,25.33,24,690.0,53.04,2.0843,2.4215,2.3766,0,0,0,4,-1,-0.5812
22.16,21,1709.69,5.71,4,5.4,28,2.88,24,658.0,34.02,-2.2619,-0.5047,0.1714,1,1,0,5,1,-0.4172
39.73,9,685.85,1.86,1,3.07,38,1.24,16,718.0,36.37,-1.2319,-1.1227,0.2459,1,1,0,0,1,-0.4312
2.02,16,2395.25,0.81,6,9.92,24,4.85,18,659.0,15.96,-1.9778,0.2748,-0.6301,1,1,0,5,1,-0.4405
22.22,18,1989.81,0.55,3,6.28,24,2.25,10,691.0,40.01,-2.4604,-0.3622,0.5696,1,1,0,0,1,-0.4095
274.83,14,29720.58,25.82,6,11.4,37,0.28,23,671.0,18.6,-0.4673,0.5931,-1.0542,0,0,0,1,1,-0.4661
23.84,14,1617.26,1.31,4,1.21,24,0.52,4,632.0,12.66,-2.4577,-1.1685,-0.3304,1,1,0,0,1,-0.425
205.13,5,22776.88,21.89,2,10.61,50,3.98,41,691.0,6.7,0.9533,-0.5602,-1.293,0,0,0,1,1,-0.4553
279.93,8,15461.5,13.85,4,13.41,47,11.71,51,730.0,31.29,1.007,0.6776,-0.255,0,0,0,7,1,-0.4473
889.76,8,57664.8,1.21,7,10.43,18,14.56,18,658.0,26.98,0.0267,1.2762,1.2843,0,0,-1,9,1,-0.5285
46.06,11,3812.12,10.14,4,8.37,21,2.05,3,571.0,12.14,-2.3597,-0.0707,-0.3462,1,1,0,8,1,-0.4546
960.79,4,45824.59,35.95,1,0.38,45,8.03,62,773.0,2.55,3.0605,-2.0208,-0.2345,2,2,1,2,1,-0.5303
13.34,11,2087.13,6.04,2,9.83,32,1.24,7,665.0,7.3,-1.607,-0.6768,-0.8861,1,1,0,5,1,-0.417
19.1,11,1291.14,1.13,2,2.13,31,2.36,18,591.0,43.38,-2.2509,-0.767,0.8773,1,1,0,0,1,-0.4152
32.27,16,1506.03,5.22,3,3.15,18,0.87,8,605.0,56.99,-3.1213,-0.1347,1.5007,1,1,0,0,1,-0.4412
890.52,9,25204.74,1.97,5,7.47,40,1.42,28,775.0,83.79,0.0018,1.0727,1.2896,0,0,-1,9,1,-0.5304
682.8,3,26880.56,11.15,6,14.72,42,14.74,19,635.0,73.95,0.1741,2.7707,1.9343,0,0,0,9,1,-0.5277
90.66,9,18927.0,18.01,4,7.84,54,4.8,29,656.0,21.31,0.0507,-0.1717,-0.8828,0,0,0,1,1,-0.4391
13.15,10,3403.51,1.37,7,4.24,27,3.39,15,,53.0,-1.7177,0.8424,0.5545,1,1,0,0,1,-0.4454
13.65,13,1226.03,0.83,1,4.26,22,6.4,20,661.0,7.89,-1.7102,-1.5903,0.0677,1,1,0,5,1,-0.4328
3428.09,4,92081.34,58.96,1,3.23,28,13.79,67,831.0,19.98,4.19,-1.1406,1.6361,2,2,1,2,-1,-0.5689
10.56,16,1879.94,2.77,3,6.26,27,3.27,7,708.0,43.37,-2.1607,-0.2009,0.6565,1,1,0,0,1,-0.4134
4669.86,4,87355.57,2.78,1,1.54,57,27.82,63,791.0,8.83,4.1233,-1.9213,1.0814,2,2,1,6,1,-0.5314
12545.85,7,25802.45,28.62,9,18.9,36,9.17,28,706.0,93.69,1.1308,3.8308,1.3709,0,0,-1,9,-1,-0.5874
24.54,18,1716.92,9.77,4,9.26,18,8.32,13,673.0,35.72,-2.1389,0.3154,0.7678,1,1,0,5,1,-0.4454
30.9,12,1618.24,0.16,3,5.88,39,5.14,1,609.0,35.3,-2.141,-0.2465,0.3902,1,1,0,5,1,-0.4529
154.84,8,15084.05,7.9,2,13.7,26,9.9,38,775.0,16.65,0.2583,0.0017,-0.1454,0,0,0,3,1,-0.4575
324.26,13,5892.04,23.52,6,12.99,31,0.26,24,688.0,14.86,-0.704,0.7364,-1.2773,0,0,0,1,1,-0.4691
15.68,11,3254.7,0.2,3,2.04,29,4.79,6,666.0,51.46,-2.0882,-0.3136,1.2457,1,1,0,5,1,-0.4328
13.15,17,2516.38,9.2,1,3.58,33,1.09,5,571.0,46.42,-2.8663,-0.8247,1.032,1,1,0,5,1,-0.4511
8.77,20,1913.22,7.26,3,2.73,26,1.39,14,592.0,12.29,-2.6689,-1.4018,-0.265,1,1,0,5,1,-0.432
9.79,16,2411.71,1.98,2,2.76,21,5.5,11,630.0,26.07,-2.4531,-1.1381,0.7377,1,1,0,5,1,-0.424
284.67,11,4476.18,9.16,5,11.06,69,23.23,39,740.0,28.43,1.3379,0.485,-0.3904,0,0,0,4,1,-0.5054
214.99,13,16523.57,0.63,6,8.79,47,4.61,34,754.0,10.51,0.0292,-0.1966,-1.4786,0,0,0,3,1,-0.4437
517.89,14,12788.93,31.67,5,14.87,28,2.38,26,820.0,12.66,0.4344,0.647,-1.1676,0,0,0,7,1,-0.5089
12.02,20,2151.15,9.57,1,0.85,24,1.25,15,550.0,38.04,-3.1451,-1.4229,1.0794,1,1,0,5,1,-0.4743
1279.05,4,93479.51,26.77,2,2.35,51,5.83,85,783.0,3.48,4.1016,-1.798,-0.3265,2,2,1,2,1,-0.5271
2057.67,3,112927.91,40.32,1,2.15,47,21.2,24,803.0,2.69,4.3304,-1.3862,1.4107,2,2,1,6,1,-0.5324
9.63,15,995.13,0.06,5,5.99,25,9.64,10,629.0,47.32,-2.3464,0.4792,1.1811,1,1,0,5,1,-0.4428
39.72,20,3092.28,4.76,1,4.24,18,2.67,5,675.0,4.28,-2.5021,-1.8318,-0.1045,1,1,0,0,1,-0.4537
373.75,5,38822.85,24.87,10,11.82,48,11.21,12,760.0,13.05,1.411,1.805,-1.2581,0,0,0,9,1,-0.5135
191.17,5,12555.38,13.22,7,5.82,45,2.16,30,684.0,43.8,-0.1496,0.8783,-0.3754,0,0,0,1,1,-0.4372
228.97,9,15717.29,30.16,6,7.98,32,6.03,32,739.0,16.29,0.4418,0.3515,-0.7612,0,0,0,1,1,-0.4303
27.16,23,1167.49,1.28,1,1.69,23,1.11,1,593.0,17.18,-3.4099,-1.9225,0.3653,1,1,0,0,1,-0.4881
206.25,5,17550.9,4.84,4,7.9,51,0.45,43,681.0,9.83,0.3534,-0.552,-1.6047,0,0,0,3,1,-0.432
23.84,13,2459.06,0.5,2,4.06,21,5.94,13,667.0,35.93,-2.0957,-0.7041,0.9931,1,1,0,5,1,-0.4138
1074.23,6,54652.31,41.16,6,23.56,20,0.98,18,685.0,53.54,0.5314,3.1165,0.8019,0,0,0,9,-1,-0.5698
164.01,1,49556.6,10.35,5,16.98,27,25.64,19,714.0,57.97,0.5887,2.5684,1.9593,0,0,0,4,1,-0.5324
88.0,11,2508.25,6.45,1,9.31,28,0.66,1,578.0,29.29,-2.4837,-0.3278,0.3229,1,1,0,8,1,-0.4714
11.15,20,1004.79,3.35,6,2.49,20,3.74,12,670.0,11.81,-2.3992,-0.7725,-0.4203,1,1,0,5,1,-0.4467
3560.96,1,122357.17,2.11,1,1.34,50,,67,790.0,4.79,3.9372,-2.1256,0.3308,2,2,1,2,1,-0.5204
219.22,7,14578.87,36.34,5,5.26,34,11.42,6,681.0,12.07,0.1529,0.0949,-0.1127,0,0,0,1,1,-0.4845
270.27,5,61048.64,8.68,4,16.31,27,12.89,21,654.0,36.45,0.097,1.5485,1.0792,0,0,0,9,1,-0.5074
1202.95,6,51977.72,4.27,10,17.95,41,3.94,12,760.0,66.37,0.6853,3.5169,0.579,0,0,0,9,-1,-0.5798
329.85,6,15049.77,1.91,3,14.47,48,2.95,36,682.0,10.09,0.186,0.0442,-1.3869,0,0,0,3,1,-0.4336
380.46,8,10823.76,7.92,7,13.54,49,7.85,46,732.0,32.56,0.7098,1.3188,-0.8674,0,0,0,3,1,-0.4509
343.0,9,7739.07,2.9,10,12.76,45,1.3,34,637.0,10.23,-0.4528,1.3895,-2.1664,0,0,0,3,1,-0.4888
2.65,18,1778.43,4.51,2,5.66,35,6.59,11,696.0,55.87,-2.025,-0.2719,1.2679,1,1,0,5,1,-0.4549
2230.21,2,130812.11,65.1,5,2.41,55,4.26,86,715.0,1.55,4.5859,-0.9706,-0.6842,2,2,1,2,-1,-0.5613
1329.78,6,17107.43,17.42,10,24.83,33,2.57,27,736.0,53.2,0.6848,3.7149,-0.1953,0,0,0,9,-1,-0.557
42.55,15,2044.95,8.26,4,4.24,41,9.36,21,667.0,55.52,-1.3788,0.1096,1.0919,1,1,0,8,1,-0.4569
2796.59,1,79551.97,20.96,3,1.19,58,58.17,40,790.0,0.17,4.2951,-1.326,0.5593,2,2,1,6,1,-0.5311
537.43,1,74488.03,11.46,1,1.52,45,11.33,42,776.0,0.73,2.5302,-1.8939,0.0595,2,2,1,2,1,-0.5182
82.08,9,15302.83,2.49,3,,31,11.7,38,738.0,15.33,0.0228,-0.5407,-0.0404,0,0,0,3,1,-0.4303
866.33,9,56446.86,3.14,9,23.71,41,2.07,21,646.0,54.69,-0.1538,3.3236,0.0193,0,0,0,9,1,-0.5486
339.51,5,45546.85,8.0,10,14.36,43,34.11,13,739.0,43.05,0.9603,2.827,0.5566,0,0,0,4,1,-0.5172
209.83,7,15599.63,7.0,3,8.46,37,1.99,42,772.0,11.8,0.4038,-0.6777,-1.0923,0,0,0,3,1,-0.4346
77.68,11,14414.61,23.92,6,11.78,43,0.76,31,702.0,41.22,-0.3296,1.1453,-0.7074,0,0,0,1,1,-0.4556
4133.21,2,138788.2,35.42,3,3.98,57,2.07,74,848.0,7.6,5.0422,-1.2645,-0.6814,2,2,1,2,-1,-0.5568
50.88,11,2905.61,4.76,4,4.07,43,7.0,19,620.0,10.45,-1.1081,-0.8485,-0.641,1,1,0,8,1,-0.4283
1571.84,6,56648.76,26.76,5,0.62,54,6.64,32,768.0,8.08,2.8164,-0.9729,-0.3053,2,2,1,2,1,-0.5284
12573.37,1,103172.93,4.18,1,2.22,54,10.11,34,804.0,95.75,2.9549,-0.192,3.0184,2,0,-1,9,-1,-0.5774
39.98,12,13437.48,0.3,3,10.86,45,12.08,38,694.0,26.91,-0.2351,-0.0788,-0.0503,0,0,0,3,1,-0.4625
127.44,7,19701.87,5.9,6,5.56,40,0.52,35,709.0,9.78,-0.0686,-0.3455,-1.4641,0,0,0,3,1,-0.4181
16.65,10,2008.5,3.0,5,7.82,22,5.67,4,686.0,32.17,-1.8327,0.4796,0.2921,1,1,0,5,1,-0.4243
902.57,5,68444.73,17.13,11,13.32,44,0.93,19,753.0,29.57,1.3989,2.3665,-1.0444,0,0,-1,9,1,-0.5312
263.94,15,19823.19,0.82,2,12.46,43,1.35,42,719.0,28.38,-0.4908,-0.3679,-0.5682,0,0,0,3,1,-0.4575
835.84,0,123440.1,53.33,3,1.99,54,31.94,64,812.0,1.73,5.0725,-1.1863,0.3303,2,2,1,6,-1,-0.5552
598.35,4,63439.06,20.21,11,17.27,36,0.42,4,681.0,46.41,0.184,3.4575,-0.4069,0,0,0,9,-1,-0.5688
1924.95,5,32856.08,0.73,5,17.7,53,0.39,8,661.0,47.0,0.3632,1.91,0.1433,0,0,-1,9,-1,-0.5557
39.85,21,2195.3,0.66,2,8.91,21,6.21,11,615.0,15.71,-2.7348,-0.8078,0.2268,1,1,0,8,1,-0.4469
1107.83,3,61406.16,14.93,6,19.85,45,3.11,22,758.0,43.21,1.608,2.3801,-0.0647,0,0,0,9,1,-0.5179
21.45,15,1728.85,11.88,3,5.33,18,1.36,17,620.0,26.23,-2.3382,-0.5625,0.252,1,1,0,5,1,-0.4174
26.01,9,2917.25,0.68,2,3.99,28,0.07,12,686.0,23.7,-1.683,-1.0014,-0.0911,1,1,0,0,1,-0.4082
211.45,9,15157.08,0.2,4,11.71,54,,42,685.0,22.17,0.225,0.0997,-0.9032,0,0,0,3,1,-0.4353
95.89,6,36460.22,37.5,7,19.86,18,26.6,20,671.0,55.05,0.252,3.4355,1.6389,0,0,0,4,-1,-0.5674
821.72,7,33253.54,8.51,13,21.87,25,21.2,22,686.0,23.63,0.6737,3.728,-0.0136,0,0,0,4,-1,-0.58
20.42,14,1412.2,0.66,4,4.41,33,4.71,24,616.0,10.94,-1.7262,-0.9327,-0.5648,1,1,0,5,1,-0.4196
11.54,13,2229.36,5.08,2,6.15,23,7.1,13,702.0,46.26,-1.7963,-0.2047,1.233,1,1,0,5,1,-0.4145
449.49,2,39249.09,0.32,9,19.32,58,1.39,6,717.0,47.39,0.319,3.0205,-1.0265,0,0,0,9,1,-0.5489
1179.06,9,14117.78,21.75,5,12.83,40,0.57,34,715.0,27.39,0.7166,0.7983,-0.5768,0,0,0,7,1,-0.4765
956.11,5,20523.08,16.11,6,9.03,54,5.12,31,705.0,6.01,1.4107,0.17,-1.3818,0,0,0,7,1,-0.4669
1989.8,1,78356.78,54.09,2,0.1,50,33.9,63,792.0,15.52,4.8028,-1.2622,1.299,2,2,1,6,1,-0.5387
2983.68,2,119033.56,1.59,3,2.67,41,14.52,51,743.0,20.93,3.2262,-0.8818,1.5607,2,2,1,2,1,-0.5204
38.77,20,1878.73,3.21,3,4.34,24,7.65,10,618.0,9.3,-2.4278,-1.205,0.0765,1,1,0,8,1,-0.4352
34.55,24,1212.39,4.33,3,2.97,30,1.88,5,,29.55,-2.6122,-1.1785,0.18,1,1,0,0,1,-0.4546
14.15,20,1653.61,10.58,3,4.62,22,0.45,4,698.0,23.64,-2.4466,-0.9069,-0.0114,1,1,0,5,1,-0.4384
80.0,14,1187.58,4.31,4,4.65,47,1.28,5,649.0,30.58,-1.7554,-0.4657,-0.4174,1,1,0,8,1,-0.4361
25.93,19,2237.54,2.43,1,3.4,18,0.27,11,726.0,50.52,-2.6322,-0.9579,1.2682,1,1,0,0,1,-0.456
368.02,8,26758.75,6.57,6,12.95,48,6.06,27,729.0,32.44,0.3533,1.0942,-0.588,0,0,0,3,1,-0.4352
106.84,12,19651.49,4.11,5,10.59,60,2.62,43,672.0,17.54,0.0475,-0.086,-1.6389,0,0,0,3,1,-0.46
16.78,19,2190.98,0.15,6,7.06,18,3.38,11,698.0,16.33,-2.3421,-0.1343,-0.4443,1,1,0,5,1,-0.4455
7.77,15,2696.95,0.62,1,2.01,32,4.06,25,597.0,42.34,-2.2511,-1.1969,1.0323,1,1,0,5,1,-0.4389
9.03,16,2084.56,7.78,4,8.83,18,0.86,15,617.0,21.58,-2.5145,-0.0925,-0.1912,1,1,0,5,1,-0.431
149.2,10,19648.19,4.47,2,5.01,44,2.58,24,775.0,31.09,-0.1805,-0.9158,-0.1615,1,0,0,3,1,-0.4395
11.66,16,1390.28,5.07,3,2.05,27,1.15,6,708.0,21.6,-2.0401,-1.2075,-0.1005,1,1,0,0,1,-0.4108
190.49,11,14856.0,9.67,1,10.41,34,22.55,26,721.0,33.75,0.0319,-0.0817,1.4109,0,0,0,4,1,-0.4589
157.02,3,58234.77,30.45,12,22.8,44,3.03,27,723.0,55.67,1.0494,4.3205,-0.8836,0,0,0,9,-1,-0.5669
10.82,12,2656.44,5.2,4,8.46,28,0.72,7,622.0,51.88,-2.4488,0.6602,0.6579,1,1,0,0,1,-0.427
28.67,16,2753.68,1.21,2,7.63,26,0.64,5,684.0,19.15,-2.2649,-0.8433,-0.2332,1,1,0,0,1,-0.4158
148.44,5,18357.79,28.2,7,11.62,31,15.64,31,713.0,2.89,1.0004,0.9864,-0.7671,0,0,0,7,1,-0.4856
340.13,5,10847.1,16.48,4,13.5,33,18.93,15,685.0,5.59,0.4609,0.6595,0.0094,0,0,0,7,1,-0.4811
218.26,7,15086.32,3.73,7,11.54,31,3.35,30,701.0,9.89,-0.3375,0.707,-1.322,0,0,0,3,1,-0.4185
286.69,11,8089.24,2.89,7,9.62,45,13.19,35,614.0,42.15,-0.5601,1.2031,0.3469,0,0,0,7,1,-0.4719
285.52,5,69408.34,73.61,7,17.93,40,15.57,27,719.0,66.55,1.5913,3.2433,1.4271,0,0,0,9,-1,-0.5651
44.73,9,16826.87,3.01,4,12.14,34,2.44,27,648.0,10.4,-0.9362,0.0581,-1.0618,1,0,0,3,1,-0.4278
21.19,13,3722.42,16.16,1,0.49,18,5.25,1,684.0,12.92,-1.7981,-1.6925,0.5036,1,1,0,8,1,-0.4791
88.4,23,2569.58,5.1,3,3.78,20,1.38,18,630.0,9.79,-2.6935,-1.4703,-0.2638,1,1,0,8,1,-0.4676
35.4,17,189.52,1.83,5,3.12,23,2.08,6,669.0,22.2,-2.4423,-0.6025,-0.1188,1,1,0,0,1,-0.4178
54.5,13,2200.64,0.57,4,6.35,34,4.86,8,717.0,16.74,-1.3982,-0.5281,-0.4974,1,1,0,8,1,-0.4143
29.2,19,1754.83,2.1,2,3.61,27,8.45,11,665.0,11.47,-2.0318,-1.4936,0.1945,1,1,0,8,1,-0.4284
26.13,15,2014.41,4.31,1,0.34,18,5.32,20,643.0,34.34,-2.2558,-1.4538,1.2416,1,1,0,5,1,-0.4486
17.09,14,739.82,2.48,2,9.64,23,0.56,16,764.0,22.12,-1.5736,-0.5748,-0.3633,1,1,0,0,1,-0.449
240.38,7,45205.08,57.97,7,16.11,53,17.09,15,762.0,47.52,1.7096,2.514,0.3973,0,0,0,9,1,-0.545
212.64,6,14629.76,25.94,3,5.09,63,0.93,40,717.0,37.75,0.927,-0.3961,-0.7546,0,0,0,1,1,-0.4812
118.43,8,17880.72,1.26,5,8.75,62,1.86,37,729.0,15.7,0.4673,-0.2686,-1.81,0,0,0,3,1,-0.4486
30.91,15,2257.29,18.76,4,5.55,25,1.03,2,634.0,11.15,-2.0748,-0.5717,-0.5622,1,1,0,8,1,-0.443
9.49,16,2682.33,7.75,1,4.72,24,,9,652.0,33.45,-2.1576,-0.9145,1.0551,1,1,0,5,1,-0.4353
177.1,5,12608.63,48.14,5,8.67,42,22.63,31,806.0,14.63,2.0535,0.4776,-0.1764,0,0,0,4,1,-0.5017
68.22,9,14178.27,17.64,2,5.78,39,0.99,25,742.0,23.13,-0.2306,-0.8429,-0.5158,1,0,0,1,1,-0.4261
1633.92,3,100290.75,0.07,9,1.83,45,15.51,72,723.0,6.56,3.6838,-0.1107,0.1645,2,2,-1,2,-1,-0.5788
171.5,19,2813.87,8.07,5,3.58,24,1.28,18,667.0,94.94,-2.5609,0.5564,1.6318,1,1,0,8,1,-0.472
1603.06,3,110777.76,25.4,2,1.54,63,5.86,39,812.0,6.11,4.1685,-1.6695,-0.0967,2,2,1,2,1,-0.5209
218.21,3,15533.77,3.62,8,6.88,47,8.52,33,767.0,14.46,0.9499,0.5359,-1.2863,0,0,0,3,1,-0.4693
2.06,14,1588.56,0.62,2,9.91,41,0.59,19,594.0,16.9,-1.9766,-0.6649,-0.7882,1,1,0,0,1,-0.4461
27.27,16,2183.67,0.14,6,8.9,21,0.52,16,606.0,34.7,-2.7484,0.5924,-0.0454,1,1,0,0,1,-0.4417
1044.52,4,51806.92,2.91,4,1.02,53,2.56,89,757.0,9.29,2.634,-1.5897,-0.9375,2,2,1,2,1,-0.5415
605.89,10,10488.82,31.65,6,13.08,42,,22,692.0,42.83,0.2469,1.6188,0.0689,0,0,0,7,1,-0.467
49.82,11,554.85,0.53,5,4.01,29,0.43,9,684.0,15.51,-1.7582,-0.5544,-0.7302,1,1,0,0,1,-0.4102
1540.48,6,82370.63,10.24,2,2.3,42,41.37,61,837.0,28.68,3.7406,-1.0852,1.9315,2,2,1,6,-1,-0.5755
527.83,17,2335.89,0.76,6,,35,7.31,13,671.0,88.1,-1.8455,1.3597,1.6689,1,1,0,7,1,-0.4934
14.49,11,1778.72,4.92,4,7.55,29,4.86,13,708.0,37.91,-1.4726,0.2116,0.2875,1,1,0,5,1,-0.4
573.13,10,18421.37,17.92,3,12.48,47,1.01,41,689.0,2.96,0.5787,-0.4079,-1.5893,0,0,0,7,1,-0.4569
996.46,1,37829.21,1.56,3,17.89,27,6.53,18,733.0,28.57,0.6348,1.2952,0.4562,0,0,0,9,1,-0.5195
35.78,17,2066.62,2.32,3,0.02,30,0.6,20,591.0,39.73,-2.6315,-1.0943,0.6317,1,1,0,0,1,-0.4315
33.13,14,1498.71,0.25,1,4.61,24,6.49,12,682.0,19.28,-1.8622,-1.3027,0.4439,1,1,0,5,1,-0.4238
2168.92,3,115274.63,6.87,3,4.63,40,17.65,50,817.0,7.43,3.9045,-0.9557,1.1361,2,2,1,2,1,-0.5117
398.59,4,17152.91,7.39,7,12.77,51,21.38,24,705.0,8.71,1.2401,1.1225,-0.6461,0,0,0,4,1,-0.4854
404.79,7,17383.13,7.16,7,14.86,24,1.29,13,714.0,11.23,-0.6365,1.2626,-1.1849,0,0,0,3,1,-0.4531
1053.77,3,57926.91,36.9,1,0.32,46,3.39,50,,12.85,2.442,-1.6943,0.0941,2,2,1,2,1,-0.5264
21.24,12,2547.58,0.76,3,,19,,1,702.0,43.39,-2.1124,0.2514,1.1407,1,1,0,5,1,-0.4518
3342.94,5,97463.16,6.72,4,3.98,53,15.65,46,844.0,5.68,4.0046,-1.0139,0.3994,2,2,1,2,1,-0.546
1302.37,11,36604.5,8.53,11,24.08,19,8.01,11,721.0,46.87,-0.1092,3.8178,0.5225,0,0,0,9,-1,-0.5846
16.19,13,411.23,1.14,2,3.48,21,0.54,19,690.0,35.45,-2.0901,-0.9134,0.5123,1,1,0,0,1,-0.414
12.2,23,3984.53,1.97,3,5.82,44,2.02,12,617.0,5.96,-2.2923,-1.4342,-1.0484,1,1,0,0,1,-0.4652
22.11,17,3155.7,1.53,6,8.19,28,0.48,1,611.0,20.35,-2.7365,0.1966,-0.6264,1,1,0,0,1,-0.4483
20.86,17,935.68,1.32,1,9.16,24,4.4,8,683.0,20.45,-2.2118,-0.8403,0.1703,1,1,0,5,1,-0.4335
1316.66,1,158522.04,33.07,2,0.53,51,30.44,45,820.0,9.98,4.7034,-1.339,1.2387,2,2,1,6,1,-0.5363
10.2,17,2167.58,3.91,5,8.57,31,6.4,17,713.0,28.9,-1.5755,0.1257,-0.1481,1,1,0,5,1,-0.4236
148.25,7,16224.88,0.53,4,14.61,37,,50,673.0,26.08,-0.0463,0.6601,-0.484,0,0,0,3,1,-0.4652
1726.89,1,129028.79,102.5,1,0.88,47,12.53,54,794.0,5.65,4.6731,-1.6806,0.8563,2,2,1,2,1,-0.5187
37.89,14,2332.57,1.18,3,4.83,21,2.09,12,634.0,2.95,-2.191,-1.2035,-0.5474,1,1,0,0,1,-0.416
63.63,12,3300.6,1.38,1,2.34,26,1.34,16,713.0,68.74,-2.0336,-0.4855,1.8111,1,1,0,0,1,-0.4715
26.95,16,2381.65,9.89,4,6.79,37,0.01,7,678.0,26.55,-1.8606,-0.3266,-0.548,1,1,0,5,1,-0.4157
1913.27,0,103697.57,17.46,2,3.12,43,3.85,72,744.0,18.86,3.712,-1.2043,0.5674,2,2,1,2,1,-0.5076
202.22,6,12946.72,21.49,9,8.51,38,9.47,40,739.0,19.87,0.8569,1.176,-1.0175,0,0,0,1,1,-0.4565
3881.65,2,108723.55,24.03,1,0.5,49,13.64,92,802.0,5.15,4.8829,-2.0418,0.7479,2,2,1,2,1,-0.5302
19.66,17,1992.78,3.39,4,4.95,35,6.4,2,721.0,11.71,-1.5964,-0.8706,-0.5102,1,1,0,5,1,-0.4408
249.55,13,22004.4,1.68,1,7.5,52,19.49,29,775.0,25.34,0.7343,-0.9245,0.7175,0,0,0,7,1,-0.5168
127.96,12,1114.69,10.55,2,9.56,18,2.0,5,676.0,13.47,-1.8747,-0.46,-0.1833,1,1,0,8,1,-0.4466
18.16,10,2688.27,0.19,7,3.95,22,0.99,17,659.0,2.68,-1.7006,-0.354,-1.2133,1,1,0,0,1,-0.4539
61.17,18,1461.41,5.73,3,7.66,24,1.08,10,625.0,12.7,-2.4841,-0.7528,-0.4323,1,1,0,0,1,-0.4135
499.86,6,6028.24,19.99,3,5.3,42,13.07,39,758.0,37.26,1.0738,-0.1367,0.6942,0,0,0,7,1,-0.4655
213.23,10,18583.56,8.58,3,8.36,50,7.34,28,621.0,23.43,-0.3805,-0.2974,-0.2734,0,0,0,1,1,-0.4294
28.32,16,551.85,1.53,1,6.56,18,2.93,8,661.0,16.09,-2.451,-1.1806,0.2094,1,1,0,0,1,-0.4313
1718.76,1,82121.36,116.27,1,3.87,56,10.63,58,778.0,25.6,4.3527,-0.947,0.8789,2,2,1,2,1,-0.535
20.66,13,2296.85,4.5,2,1.27,18,3.94,9,781.0,51.36,-1.7723,-0.7236,1.4242,1,1,0,5,1,-0.4894
276.09,4,39498.98,14.0,9,20.99,32,23.72,10,616.0,39.85,0.0549,3.5711,0.7199,0,0,0,4,-1,-0.5612
17.73,6,2144.58,4.14,1,6.04,24,3.33,23,595.0,9.91,-1.549,-1.0972,-0.1476,1,1,0,5,1,-0.4453
191.16,3,17534.38,15.45,1,5.97,49,9.12,32,758.0,12.3,1.178,-1.1051,-0.4718,0,0,0,1,1,-0.4601
27.65,19,1487.27,0.6,2,3.98,21,0.39,5,614.0,20.71,-3.0541,-1.2573,0.2048,1,1,0,0,1,-0.4339
21.04,21,2362.85,9.63,3,7.83,31,2.4,20,639.0,19.77,-2.1641,-0.7305,-0.375,1,1,0,5,1,-0.4182
235.54,9,11058.28,25.83,9,12.87,51,5.21,33,711.0,13.61,0.694,1.4049,-1.986,0,0,0,1,1,-0.453
20.17,23,2804.7,0.32,4,8.72,37,2.24,7,761.0,37.35,-2.0797,-0.1944,-0.1704,1,1,0,0,1,-0.494
1984.67,2,128414.97,0.95,1,1.66,49,24.5,50,831.0,23.6,4.0682,-1.4313,1.9768,2,2,1,6,-1,-0.558
1751.87,1,130205.63,22.23,5,4.0,52,1.03,65,734.0,2.9,3.8891,-0.8316,-0.7757,2,2,1,2,1,-0.5342
976.72,5,64007.41,21.64,8,16.56,39,1.52,20,652.0,42.84,0.7153,2.5308,-0.0063,0,0,0,9,1,-0.5379
233.82,7,10706.17,42.87,4,5.77,45,6.09,47,743.0,20.58,1.3316,-0.2839,-0.7799,0,0,0,1,1,-0.4602
238.1,13,15656.34,18.24,2,12.25,42,4.44,26,728.0,34.43,-0.2579,0.0976,-0.0878,0,0,0,1,1,-0.4403
1545.5,4,57734.1,11.07,9,12.7,45,0.2,19,640.0,37.74,0.9414,2.1176,-0.1478,0,0,0,9,1,-0.5488
88.16,14,428.14,2.61,4,,29,10.18,16,674.0,20.46,-1.4313,-0.181,0.1169,1,1,0,8,1,-0.4215
3.8,13,959.56,5.28,2,8.07,30,0.47,20,605.0,8.8,-1.958,-0.9492,-0.7518,1,1,0,0,1,-0.4204
35.8,13,3020.55,8.42,2,4.39,34,3.54,14,721.0,33.77,-1.3226,-0.8134,0.2783,1,1,0,5,1,-0.4031
812.78,6,41301.82,21.06,6,22.81,31,6.88,17,655.0,24.61,0.3856,2.3446,-0.2306,0,0,0,9,1,-0.5106
296.77,3,1665.8,1.89,6,9.67,20,5.64,30,759.0,38.4,-0.3607,1.1004,0.1896,0,0,0,3,1,-0.4804
102.54,10,26084.66,44.01,3,13.63,56,6.64,55,778.0,7.99,2.0198,-0.1233,-1.7291,0,0,0,1,1,-0.5179
31.22,18,2796.93,0.08,4,5.1,35,0.49,20,638.0,24.25,-2.1858,-0.7505,-0.4589,1,1,0,0,1,-0.4136
57.08,15,1872.82,8.64,2,5.42,19,0.62,20,653.0,27.04,-2.161,-0.8472,0.2711,1,1,0,8,1,-0.4202
1798.04,3,148702.33,19.65,1,2.72,62,3.86,40,836.0,26.38,3.8924,-1.3848,0.5465,2,2,1,2,-1,-0.5649
291.92,5,43689.02,24.63,12,20.62,36,14.47,34,648.0,47.69,0.7759,4.1704,-0.0321,0,0,0,9,-1,-0.5669
144.11,21,1477.82,1.3,4,1.47,34,1.4,8,590.0,26.19,-2.8183,-1.0871,0.0585,1,1,0,8,1,-0.4582
33.59,20,2288.95,1.36,2,2.0,27,4.59,19,639.0,17.65,-2.3164,-1.6634,0.2023,1,1,0,0,1,-0.4254
177.47,5,19262.66,2.42,7,10.39,50,7.58,19,683.0,39.37,-0.1268,1.339,-0.3282,0,0,0,3,1,-0.4505
53.55,11,10554.36,19.63,4,5.88,40,0.05,41,667.0,14.43,-0.3872,-0.6813,-1.1815,0,0,0,1,1,-0.4479
11.77,21,2646.79,7.22,5,5.78,24,4.55,16,623.0,18.42,-2.4597,-0.4584,-0.1865,1,1,0,5,1,-0.4296
96.6,7,12503.19,32.98,3,7.65,31,0.19,29,652.0,18.83,-0.3635,-0.2171,-0.6248,0,0,0,1,1,-0.4666
284.84,7,72290.76,2.59,13,13.85,44,14.98,5,710.0,56.52,0.3801,3.4001,0.7189,0,0,0,9,-1,-0.5936
16.96,15,1776.71,7.99,7,4.84,38,1.84,16,665.0,6.85,-1.4388,-0.3349,-1.4785,1,1,0,5,1,-0.4345
97.41,10,10105.45,3.59,6,13.06,40,4.47,29,697.0,29.74,-0.6321,0.989,-0.7865,0,0,0,3,1,-0.4225
96.7,7,22500.39,4.32,6,8.27,46,2.07,38,759.0,29.27,0.2995,0.3389,-1.0222,0,0,0,3,1,-0.4457
175.9,5,12331.51,4.95,10,11.95,39,4.45,28,721.0,6.14,0.1518,1.3903,-2.0486,0,0,0,3,1,-0.4536
630.74,4,26650.8,15.25,6,16.02,50,4.18,26,732.0,52.66,0.7998,2.1011,-0.0913,0,0,0,9,1,-0.4806
72.16,16,2267.8,3.05,3,2.97,23,3.45,19,684.0,23.84,-1.9303,-1.0611,0.2122,1,1,0,8,1,-0.4095
17.56,18,3181.11,0.47,1,9.29,44,2.85,15,612.0,60.57,-2.4346,-0.0611,1.0285,1,1,0,0,1,-0.4873
48.09,9,3199.21,0.82,4,1.64,24,0.91,10,607.0,6.98,-2.046,-1.0968,-0.5147,1,1,0,0,1,-0.4328
1799.66,3,111590.51,26.37,2,4.42,60,9.72,54,734.0,1.3,4.1944,-1.3837,0.0049,2,2,1,2,1,-0.5134
587.96,3,51081.19,34.59,9,13.43,33,8.06,18,669.0,56.01,0.7525,2.991,0.7804,0,0,0,9,1,-0.5111
1069.95,2,46351.41,5.71,11,12.13,27,3.26,40,649.0,49.97,0.5046,2.8187,0.3199,0,0,0,9,1,-0.5464
3352.21,2,104426.63,2.15,3,1.95,63,9.84,64,794.0,4.14,4.283,-1.669,-0.1273,2,2,1,2,1,-0.5354
295.28,11,17035.3,8.69,3,14.97,28,0.02,47,750.0,31.68,-0.2488,0.4438,-0.4842,0,0,0,3,1,-0.4646
41.16,20,2256.83,0.05,1,4.4,26,7.8,8,583.0,46.37,-3.0247,-0.7876,1.675,1,1,0,8,1,-0.4637
344.89,16,15139.49,8.51,3,13.75,49,10.17,19,744.0,3.5,0.069,-0.3173,-1.052,0,0,0,7,1,-0.4962
2339.39,1,99520.54,10.31,1,1.87,56,34.42,87,800.0,1.38,5.0292,-1.9902,0.7852,2,2,1,6,1,-0.5313
736.92,6,51528.59,1.43,10,13.93,48,5.97,19,657.0,63.46,0.1285,2.968,0.5013,0,0,0,9,1,-0.5337
271.51,5,11258.85,9.03,4,11.48,21,3.45,30,698.0,35.39,-0.629,0.7866,0.2205,0,0,0,3,1,-0.4339
14.04,16,1240.06,5.22,4,8.58,28,5.92,9,708.0,17.46,-1.6783,-0.259,-0.3385,1,1,0,5,1,-0.4159
5.32,20,2125.62,0.64,2,4.14,30,0.9,9,608.0,1.58,-2.6484,-1.7802,-0.7069,1,1,0,0,1,-0.4385
2117.9,5,113812.16,8.28,2,2.07,46,34.15,38,814.0,2.92,3.8177,-1.5725,1.2838,2,2,1,6,1,-0.5176
57.02,13,1602.44,1.07,4,6.37,18,1.27,6,734.0,26.07,-1.9958,-0.2669,-0.0126,1,1,0,0,1,-0.4385
203.43,4,17078.37,4.91,14,14.28,46,15.83,54,715.0,9.7,1.4385,2.214,-1.737,0,0,0,3,1,-0.537
10.61,10,1541.03,5.42,4,0.21,23,0.83,18,638.0,44.94,-2.1085,-0.449,0.781,1,1,0,0,1,-0.4299
144.93,4,13623.55,7.07,4,11.18,54,5.14,40,733.0,7.48,0.9186,-0.1414,-1.6938,0,0,0,3,1,-0.4421
887.59,2,111480.04,2.14,2,3.52,52,8.41,71,801.0,2.47,3.6739,-1.7807,-0.2838,2,2,1,2,1,-0.5325
70.23,16,1401.07,12.69,1,7.99,22,0.74,16,677.0,31.58,-2.0378,-0.6779,0.3639,1,1,0,8,1,-0.428
11.9,20,1658.96,3.29,2,9.95,29,2.09,15,568.0,43.82,-3.0345,-0.0747,0.6928,1,1,0,0,1,-0.4399
47.37,9,1257.08,3.11,3,5.14,18,0.23,8,664.0,21.48,-2.0577,-0.5661,-0.0038,1,1,0,0,1,-0.4226
2758.35,4,89783.24,2.21,2,2.43,49,120.15,46,776.0,9.59,3.5126,-1.4177,1.3161,2,2,1,6,1,-0.5177
1126.53,5,32020.59,47.95,3,17.01,44,11.38,4,709.0,34.79,1.4199,1.5983,0.6983,0,0,-1,9,-1,-0.5534
831.53,1,60477.53,1.76,10,20.56,18,5.84,21,663.0,22.02,0.3286,3.1128,-0.3732,0,0,0,9,-1,-0.57
532.97,4,42922.96,53.02,10,17.0,22,10.32,21,721.0,14.0,1.2232,2.7128,-0.7161,0,0,0,9,-1,-0.5609
2711.89,5,169634.65,1.22,3,2.13,57,16.69,32,779.0,2.1,3.5213,-1.4629,0.7116,2,2,1,2,1,-0.5334
645.7,10,8936.7,41.33,4,8.06,65,,47,786.0,24.19,2.1953,-0.15,-1.0816,0,0,0,7,1,-0.526
199.99,6,17418.96,2.58,5,10.16,48,0.11,46,741.0,37.37,0.2948,0.4732,-0.8959,0,0,0,3,1,-0.4503
286.6,9,2627.69,8.67,1,9.6,41,11.13,29,714.0,26.53,-0.0308,-0.4609,0.3087,0,0,0,7,1,-0.4442
67.93,18,373.8,3.43,6,3.71,29,0.13,12,596.0,37.43,-2.7867,-0.0127,0.0686,1,1,0,8,1,-0.4515
231.94,12,12089.97,28.26,1,,35,23.02,19,674.0,11.23,0.1985,-0.7077,0.7766,0,0,0,4,1,-0.5117
597.49,7,28822.48,10.78,8,20.05,56,2.23,18,781.0,28.24,0.9456,2.2668,-1.6849,0,0,0,9,1,-0.5089
253.61,5,48025.89,29.25,7,12.99,49,9.3,40,680.0,75.62,1.0079,2.5687,1.0256,0,0,-1,9,1,-0.5341
45.52,20,2029.99,3.02,1,6.79,37,3.48,10,717.0,25.34,-1.8659,-1.221,-0.0168,1,1,0,0,1,-0.4342
2688.09,4,133261.04,26.38,1,4.68,48,5.38,11,810.0,22.25,2.9939,-0.9297,1.026,2,2,1,2,1,-0.5415
16.8,14,2747.93,5.41,1,2.25,18,1.18,17,616.0,39.21,-2.5846,-1.0976,1.0932,1,1,0,0,1,-0.4261
1286.2,3,62104.42,5.94,8,11.94,40,1.27,39,667.0,50.39,1.093,1.9789,0.415,0,0,0,9,1,-0.5351
176.27,4,12384.72,47.05,6,9.87,33,0.28,22,726.0,32.15,0.2848,1.1619,-0.7211,0,0,0,1,1,-0.4739
230.6,13,18588.88,0.9,5,8.6,31,1.62,29,673.0,39.68,-1.3026,0.3771,0.0907,1,0,0,3,1,-0.4303
29.51,11,2113.29,0.26,3,0.99,22,13.36,21,713.0,36.33,-1.2177,-0.7427,1.3905,1,1,0,8,1,-0.4562
11.68,13,1094.92,16.46,3,6.87,20,0.94,11,644.0,27.31,-2.0724,-0.2549,0.1166,1,1,0,5,1,-0.4305
862.88,2,85212.4,5.26,3,3.33,59,3.17,52,753.0,15.53,2.6728,-1.2069,-0.4853,2,2,1,2,1,-0.5062
247.2,18,1999.46,1.99,7,1.31,37,4.37,9,649.0,49.39,-2.1543,0.1951,0.5939,1,1,0,7,1,-0.471
25.74,14,2825.44,0.34,5,6.92,35,3.69,1,,49.12,-2.0355,0.5133,0.4657,1,1,0,0,1,-0.4467
275.45,8,19584.04,1.41,7,13.12,46,4.98,27,690.0,13.62,-0.0469,0.8899,-1.4369,0,0,0,3,1,-0.4329
163.21,11,13500.24,4.75,4,5.07,44,4.9,14,687.0,17.98,-0.7559,-0.62,-0.5387,1,1,0,3,1,-0.4115
100.3,11,1884.53,3.63,3,9.64,24,1.79,16,773.0,52.46,-1.4132,0.4726,0.675,1,1,0,8,1,-0.4598
171.5,9,19505.9,39.66,2,6.73,48,21.13,1,665.0,16.59,0.5875,-0.2652,0.6608,0,0,-1,4,1,-0.5473
47.61,8,1639.77,3.37,4,2.3,30,0.33,15,678.0,13.17,-1.3681,-0.9526,-0.6923,1,1,0,0,1,-0.4076
31.93,14,2049.0,8.85,2,0.74,24,0.92,10,688.0,38.56,-2.0885,-1.0907,0.7514,1,1,0,5,1,-0.4117
19.79,12,1458.17,13.46,2,1.14,29,1.66,12,612.0,43.0,-2.1262,-0.805,0.895,1,1,0,5,1,-0.4279
6.61,7,1826.54,1.87,3,8.46,35,5.96,10,672.0,5.52,-1.0419,-0.5235,-0.7979,1,1,0,5,1,-0.4266
400.3,6,17422.49,12.13,6,14.73,49,15.85,63,752.0,4.5,2.0707,0.6834,-1.3067,0,0,0,7,1,-0.4947
358.95,6,12131.19,2.36,10,11.75,27,5.33,37,680.0,32.48,-0.4116,1.9944,-0.6115,0,0,0,3,1,-0.4851
29.75,14,1032.41,4.45,2,8.26,31,5.19,7,619.0,40.14,-2.2656,-0.1083,0.7495,1,1,0,5,1,-0.4199
1808.66,4,66803.09,63.43,2,1.44,47,0.06,43,779.0,14.4,3.0948,-1.3761,-0.0761,2,2,1,2,1,-0.5249
1196.63,7,61417.07,0.66,13,17.44,18,2.84,26,710.0,33.82,0.3099,3.1657,-0.1928,0,0,0,9,-1,-0.5876
75.83,6,73857.13,54.6,6,,35,35.61,28,770.0,40.72,1.9667,1.2362,1.3365,0,0,-1,4,1,-0.5492
2273.11,6,99782.24,43.12,7,1.71,44,22.42,67,780.0,2.49,4.7489,-0.3946,0.4867,2,2,1,6,-1,-0.5751
27.09,12,2554.8,4.92,3,8.92,24,3.74,19,661.0,27.94,-1.7546,-0.1031,0.1071,1,1,0,5,1,-0.3921
789.94,9,15208.84,8.0,5,,49,,35,753.0,15.28,0.9831,-0.1841,-0.7836,0,0,0,7,1,-0.4461
21.34,18,2152.16,8.22,3,6.94,33,3.3,11,601.0,14.34,-2.2497,-0.7867,-0.4127,1,1,0,5,1,-0.4148
2796.43,0,118620.05,15.15,1,4.65,54,83.21,56,799.0,5.08,4.7722,-1.3655,1.0401,2,2,1,6,1,-0.5193
2022.66,1,95603.91,35.09,1,0.82,50,31.53,64,799.0,0.59,5.0952,-1.8082,0.9794,2,2,1,6,1,-0.5302
156.73,4,14362.37,11.15,11,11.31,40,3.42,30,700.0,9.86,0.246,1.6944,-2.1032,0,0,0,1,1,-0.4708
2428.94,3,107972.64,27.87,1,4.68,53,61.73,43,783.0,17.01,4.3709,-0.9849,1.5871,2,2,1,6,1,-0.5166
29.6,19,1584.7,7.53,2,8.66,29,6.81,10,676.0,14.7,-1.8993,-0.8202,-0.0933,1,1,0,5,1,-0.425
137.38,13,2121.32,1.75,2,7.53,31,2.15,12,618.0,18.64,-2.0079,-0.7526,-0.1767,1,1,0,8,1,-0.4125
28.27,13,1027.12,13.15,4,2.34,35,0.03,17,602.0,5.34,-1.6987,-1.1996,-1.0322,1,1,0,5,1,-0.4388
720.51,2,118923.38,10.32,4,0.21,34,9.28,59,816.0,26.77,2.9262,-0.9137,0.9789,2,2,1,2,-1,-0.5544
195.41,8,11011.96,9.03,8,6.47,42,2.17,31,767.0,22.52,0.1494,0.4996,-1.3309,0,0,0,1,1,-0.4299
784.25,8,20226.84,13.71,3,5.42,36,0.91,50,736.0,7.43,0.8737,-1.1234,-0.8695,0,0,0,7,1,-0.4551
19.72,19,2254.6,21.04,6,5.27,32,4.33,19,631.0,14.2,-1.6655,-0.2841,-0.7353,1,1,0,8,1,-0.4594
34.32,16,3668.5,7.71,1,5.31,26,5.16,11,654.0,19.09,-1.9783,-1.2342,0.3198,1,1,0,8,1,-0.4249
260.5,9,22541.85,8.84,11,6.3,34,4.23,21,760.0,24.89,-0.0937,1.321,-1.0483,0,0,0,1,1,-0.471
9.13,21,1603.51,0.88,5,5.29,42,0.95,7,650.0,10.34,-2.251,-0.8841,-1.1873,1,1,0,0,1,-0.453
17.07,14,2019.19,3.44,5,8.55,33,3.5,7,701.0,17.74,-1.6153,-0.026,-0.7353,1,1,0,5,1,-0.4082
382.57,1,34999.6,0.7,8,20.87,40,4.01,25,803.0,31.69,0.9291,2.6105,-1.1736,0,0,0,9,1,-0.5275
138.47,9,17359.46,0.32,8,7.6,27,25.05,35,696.0,10.14,0.0764,0.6248,-0.001,0,0,0,4,1,-0.4917
5.05,11,3341.26,29.61,5,9.37,36,4.34,13,625.0,51.25,-1.3164,1.1814,0.4331,1,1,0,8,1,-0.4703
835.98,3,51145.78,26.76,1,4.81,57,17.0,36,789.0,0.47,3.1969,-1.3919,-0.0315,2,2,1,2,1,-0.5323
8.53,13,1359.54,3.06,4,5.36,22,4.87,4,659.0,6.64,-2.0143,-0.7177,-0.404,1,1,0,5,1,-0.424
11.91,20,944.62,0.03,4,7.53,42,4.44,11,716.0,27.32,-1.7713,-0.4523,-0.4355,1,1,0,5,1,-0.4417
2374.57,6,47684.11,31.83,7,22.71,36,1.34,5,678.0,28.69,0.9926,2.7185,-0.3319,0,0,0,9,-1,-0.5655
30.43,10,1559.61,1.75,2,1.61,18,3.86,3,646.0,59.68,-2.5816,-0.2684,1.9485,1,1,0,0,1,-0.4707
485.27,8,64656.83,1.23,12,16.75,41,2.63,33,762.0,40.77,0.7373,2.9658,-0.9933,0,0,0,9,-1,-0.5612
17.39,14,2193.4,2.66,10,3.55,32,0.49,8,540.0,12.91,-2.5865,0.4889,-1.2545,1,1,0,0,1,-0.5055
284.33,5,15787.16,9.52,5,7.16,56,4.82,42,698.0,7.01,0.9161,-0.4067,-1.6213,0,0,0,3,1,-0.4349
4101.79,2,35866.03,59.35,1,4.5,54,23.31,90,739.0,4.81,4.4438,-1.3021,0.433,2,2,1,6,-1,-0.5674
230.91,15,16634.51,15.76,7,8.32,41,2.19,37,707.0,11.32,-0.2167,0.0714,-1.5217,0,0,0,1,1,-0.4487
109.6,13,17441.24,4.62,4,5.65,37,3.28,42,760.0,7.58,-0.0768,-1.0729,-1.1438,0,0,0,3,1,-0.4417
1849.64,2,116593.07,30.09,1,1.66,52,9.77,65,746.0,12.28,4.3021,-1.644,0.753,2,2,1,2,1,-0.502
2078.03,1,59479.72,22.97,3,3.63,53,6.97,64,794.0,7.78,3.8661,-1.1463,-0.3776,2,2,1,2,1,-0.5128
1251.95,4,40144.16,10.94,10,13.66,41,1.05,32,749.0,14.88,1.5333,1.7942,-1.48,0,0,0,9,1,-0.5233
161.3,6,11882.85,27.75,2,13.8,47,1.53,25,686.0,12.32,0.2862,0.0429,-1.3193,0,0,0,1,1,-0.4597
19.96,17,2337.86,2.6,2,0.98,24,1.79,17,583.0,39.11,-2.8452,-1.1437,0.9685,1,1,0,0,1,-0.4307
69.27,12,3245.52,1.21,2,7.08,28,1.08,16,663.0,25.08,-1.8439,-0.6895,-0.0501,1,1,0,8,1,-0.3988
18.48,16,1280.76,26.1,2,3.37,31,0.65,7,638.0,12.0,-1.7695,-1.3095,-0.4466,1,1,0,8,1,-0.4515
1874.58,3,113594.98,36.66,2,2.1,60,4.11,62,763.0,0.11,4.5093,-1.7556,-0.466,2,2,1,2,1,-0.5293
443.92,4,51954.72,16.35,9,14.52,30,21.51,37,735.0,52.09,1.3879,2.8686,1.2796,0,0,0,4,1,-0.521
212.59,6,17447.73,5.96,5,7.88,39,0.78,40,761.0,12.01,0.3866,-0.2723,-1.4064,0,0,0,3,1,-0.43
824.32,3,101128.77,37.2,1,1.66,55,8.16,14,774.0,1.1,3.0517,-1.666,0.0397,2,2,1,2,-1,-0.5561
12.5,11,3126.4,18.05,2,0.45,19,8.01,6,589.0,13.97,-1.9209,-1.2803,0.6947,1,1,0,8,1,-0.4804
95.69,5,18298.15,4.02,3,12.5,33,3.82,34,722.0,13.51,-0.0447,0.0127,-0.8609,0,0,0,3,1,-0.4282
256.34,11,10628.81,15.36,2,14.4,49,4.88,17,749.0,11.6,0.1224,-0.1315,-1.1538,0,0,0,1,1,-0.4554
24.91,13,1773.68,0.07,5,0.42,23,5.14,1,649.0,20.97,-2.2817,-0.7391,0.229,1,1,0,5,1,-0.4404
33.35,12,2248.58,0.61,3,3.86,38,3.08,6,666.0,37.23,-1.844,-0.5371,0.3006,1,1,0,0,1,-0.4209
29.86,12,2018.52,1.04,3,3.39,33,2.33,7,612.0,21.06,-2.1365,-0.9075,-0.098,1,1,0,0,1,-0.4128
28.74,6,1989.2,0.05,4,9.89,30,0.13,11,650.0,34.44,-1.7281,0.5147,-0.199,1,1,0,0,1,-0.4401
314.48,8,13802.41,28.58,5,6.42,36,4.98,33,693.0,4.52,0.431,-0.3152,-1.0843,0,0,0,1,1,-0.4433
16.99,20,1538.15,3.52,6,4.42,26,2.17,18,602.0,10.0,-2.5279,-0.6253,-0.7625,1,1,0,0,1,-0.4416
1075.2,3,22780.29,27.47,6,21.5,48,6.34,7,689.0,47.58,0.9024,2.9711,0.0598,0,0,-1,9,1,-0.5421
35.66,11,1790.28,2.39,2,1.76,47,1.01,2,669.0,63.14,-1.9088,-0.4254,1.0489,1,1,0,0,1,-0.4721
167.74,5,9825.91,6.74,5,7.7,43,10.09,34,687.0,17.9,0.2613,0.0976,-0.5465,0,0,0,3,1,-0.4191
131.22,15,12680.04,4.36,2,9.21,58,1.43,23,729.0,28.03,-0.5269,-0.7137,-0.8656,1,0,0,3,1,-0.4362
204.4,11,13244.3,4.23,7,11.86,36,2.92,30,753.0,23.15,-0.3447,0.8453,-1.1194,0,0,0,3,1,-0.4298
355.43,7,9843.16,11.58,7,5.01,32,3.54,53,710.0,15.53,0.3412,-0.0045,-1.0147,0,0,0,3,1,-0.4611
231.32,5,11289.19,32.43,6,7.84,43,1.71,46,656.0,13.59,0.6585,0.2807,-1.4695,0,0,0,1,1,-0.4752
185.78,10,12759.55,7.04,3,12.37,25,15.23,61,711.0,30.39,0.2799,0.3222,0.6536,0,0,0,3,1,-0.4733
122.9,10,24828.46,11.76,4,11.34,49,7.11,35,634.0,3.86,0.0741,-0.2039,-1.2725,0,0,0,1,1,-0.457
1730.7,1,115881.25,52.63,3,3.75,52,0.03,66,808.0,5.0,4.6278,-1.205,-0.6738,2,2,1,2,1,-0.5356
220.23,10,18761.56,18.42,1,12.52,45,1.05,53,725.0,4.93,0.6903,-0.9091,-1.5164,0,0,0,1,1,-0.4774
106.77,20,1659.29,5.17,5,1.13,25,8.3,9,772.0,29.67,-1.6282,-0.7532,0.4919,1,1,0,8,1,-0.4872
54.09,11,1887.16,7.57,3,7.83,21,1.71,14,618.0,8.47,-1.9458,-0.5747,-0.5071,1,1,0,8,1,-0.4176
30.28,15,3421.84,1.17,2,4.17,40,0.13,2,666.0,11.26,-1.943,-1.4581,-0.7385,1,1,0,0,1,-0.4402
942.32,1,38034.69,1.97,10,11.2,54,10.5,26,665.0,61.5,1.005,2.7714,0.6305,0,0,0,9,-1,-0.5593
2949.66,3,132584.94,1.48,2,0.03,51,3.04,46,729.0,3.44,2.8985,-2.0502,0.1227,2,2,1,2,1,-0.5228
89.36,10,1303.03,0.01,3,0.53,32,4.94,10,640.0,10.2,-1.6024,-1.4302,-0.1973,1,1,0,8,1,-0.431
339.03,7,7784.96,4.86,4,6.35,43,15.73,50,690.0,25.23,0.6777,-0.2044,0.2739,0,0,0,3,1,-0.4542
23.47,14,1448.27,3.12,2,5.36,23,4.66,14,591.0,33.8,-2.4962,-0.587,0.8243,1,1,0,5,1,-0.4099
22.27,14,1720.98,18.74,3,8.48,30,1.36,14,698.0,63.11,-1.755,0.6355,0.9875,1,1,0,5,1,-0.4443
6.03,18,1792.13,2.13,2,8.68,27,1.38,1,708.0,16.15,-2.264,-0.8392,-0.3814,1,1,0,0,1,-0.4417
6.04,15,904.77,3.64,3,6.2,42,1.27,1,722.0,22.61,-1.631,-0.7432,-0.6308,1,1,0,0,1,-0.4403
1115.11,2,89347.04,48.26,6,2.04,51,0.9,62,773.0,2.03,3.8212,-0.7638,-1.2386,2,2,1,2,-1,-0.5538
13.82,13,3105.46,0.77,1,4.15,32,5.95,7,603.0,35.37,-2.2781,-0.909,0.9361,1,1,0,5,1,-0.4327
2362.92,8,28496.83,3.61,10,10.3,24,7.53,17,675.0,30.37,0.1412,1.9299,0.438,0,0,0,9,1,-0.5303
2966.34,1,131137.54,30.93,2,0.81,62,,23,790.0,1.33,4.0568,-1.6155,0.0076,2,2,1,2,-1,-0.5516
1738.69,3,135564.89,4.51,3,0.24,36,12.35,6,756.0,0.08,2.3587,-1.4076,1.1586,2,2,-1,2,-1,-0.5685
770.42,2,58415.92,38.8,8,17.62,46,2.2,33,675.0,30.92,1.7952,2.487,-0.9147,0,0,0,9,1,-0.5283
19.89,15,1392.61,7.04,5,7.4,36,1.57,22,560.0,15.01,-2.0738,-0.2484,-0.8806,1,1,0,5,1,-0.4437
413.49,8,12466.81,55.06,5,13.81,34,9.75,67,744.0,19.54,1.7329,0.838,-0.7323,0,0,0,7,1,-0.5096
195.92,15,8923.18,6.73,5,9.29,47,18.04,58,699.0,5.58,0.7046,-0.387,-0.7066,0,0,0,3,1,-0.4975
322.89,5,22244.23,21.72,6,7.94,57,7.65,26,683.0,19.74,0.9319,0.4492,-0.9757,0,0,0,1,1,-0.4504
90.52,17,3030.64,7.92,4,2.42,27,1.19,1,620.0,31.57,-2.6346,-0.6115,0.3402,1,1,0,8,1,-0.4348
8.96,13,2500.62,8.19,3,2.82,28,7.86,13,700.0,4.07,-1.1898,-1.3384,-0.3367,1,1,0,8,1,-0.4388
741.86,4,18871.03,40.15,6,8.63,37,5.25,23,697.0,19.54,1.0568,0.8115,-0.5102,0,0,0,7,1,-0.4647
553.44,6,29061.58,22.28,8,15.05,28,,21,662.0,41.56,-0.0277,2.4331,0.244,0,0,0,9,1,-0.4766
2240.98,0,106421.14,39.09,1,3.2,54,27.34,96,795.0,11.16,5.6541,-1.3259,1.1362,2,2,1,6,1,-0.5458
13.77,18,42.5,6.82,4,1.35,34,12.17,8,656.0,25.99,-1.7824,-0.8565,0.6393,1,1,0,8,1,-0.4628
1115.3,4,106859.2,1.83,1,4.8,55,26.19,39,786.0,15.68,3.411,-1.255,1.346,2,2,1,6,1,-0.5307
1417.38,6,82209.39,7.05,11,15.39,57,4.91,29,638.0,35.63,1.6671,2.6658,-0.4875,0,0,0,9,-1,-0.6021
164.99,11,1856.99,9.8,2,0.74,23,1.07,4,594.0,40.55,-2.4518,-0.8117,1.0979,1,1,0,8,1,-0.4669
21.75,15,2036.1,0.15,4,2.18,21,4.58,6,576.0,16.23,-2.7547,-0.9018,0.2189,1,1,0,5,1,-0.4337
1958.1,4,132848.39,8.4,4,4.86,57,34.54,112,790.0,0.62,4.8899,-1.0917,0.3244,2,2,1,6,1,-0.5473
19.87,12,2245.93,2.42,1,5.98,18,4.78,17,625.0,27.2,-2.195,-0.8482,0.7556,1,1,0,5,1,-0.428
213.21,10,14221.49,10.11,4,7.72,47,8.71,26,639.0,2.35,-0.1595,-0.5842,-0.991,0,0,0,1,1,-0.4434
121.75,23,2259.36,0.11,1,6.47,21,3.97,7,683.0,5.07,-2.5384,-1.7018,-0.1276,1,1,0,8,1,-0.4882
30.39,15,1999.5,10.21,1,2.12,33,4.63,14,678.0,18.4,-1.5288,-1.6576,0.1178,1,1,0,5,1,-0.4172
52.81,17,825.26,9.24,4,5.07,20,0.08,5,627.0,15.87,-2.6179,-0.6584,-0.2913,1,1,0,8,1,-0.4374
121.15,7,10978.72,0.63,8,9.66,54,0.38,42,730.0,1.32,0.4346,0.212,-2.7054,0,0,0,3,1,-0.4633
675.56,8,107289.1,2.99,3,2.18,45,1.39,60,742.0,1.75,2.1199,-1.8796,-0.6126,2,2,1,2,1,-0.5309
185.98,6,16709.81,16.52,4,13.24,18,9.57,35,756.0,36.37,0.0727,1.0716,0.5744,0,0,0,1,1,-0.4736
32.74,16,2529.36,0.44,4,2.75,29,4.01,18,672.0,35.18,-2.0143,-0.6313,0.3932,1,1,0,0,1,-0.409
177.47,8,10609.1,19.44,7,14.07,39,0.08,29,747.0,6.28,0.2124,0.8884,-2.1531,0,0,0,1,1,-0.4558
91.99,10,15462.81,18.41,4,11.96,48,32.75,33,782.0,9.49,1.3313,0.1459,-0.4692,0,0,0,4,1,-0.4848
34.59,14,2064.95,0.4,3,3.41,18,9.29,7,716.0,38.98,-1.9677,-0.4524,1.295,1,1,0,8,1,-0.4464
29.29,23,2044.69,15.39,2,5.21,29,2.19,20,679.0,18.21,-2.0115,-1.3445,-0.2264,1,1,0,8,1,-0.4514
84.17,11,12928.69,10.63,3,14.74,46,11.02,21,697.0,16.45,-0.1427,0.3307,-0.5883,0,0,0,1,1,-0.4449
657.93,4,19909.59,14.89,3,3.42,61,39.24,50,807.0,14.67,2.8501,-0.9729,-0.0276,2,2,1,4,1,-0.5181
22.11,11,736.02,0.22,1,5.67,25,8.93,1,664.0,15.84,-1.833,-1.0477,0.5046,1,1,0,5,1,-0.452
9.86,13,3144.55,1.95,2,7.78,30,0.2,8,732.0,28.28,-1.7262,-0.5964,-0.17,1,1,0,0,1,-0.4229
39.2,8,3010.18,3.82,8,3.21,36,18.37,16,748.0,49.08,-0.3076,1.0718,1.0901,0,0,0,7,1,-0.4933
115.56,7,15104.25,17.25,3,14.64,54,5.22,38,791.0,19.21,1.1221,0.2578,-1.3798,0,0,0,1,1,-0.4582
810.3,5,16676.73,3.21,7,11.37,50,9.71,26,720.0,37.27,0.776,1.3979,-0.1134,0,0,0,7,1,-0.4615
361.65,4,3871.51,9.22,3,7.7,49,14.77,36,654.0,5.43,0.7612,-0.5314,-0.486,0,0,0,3,1,-0.4698
8.16,19,998.16,0.55,5,3.36,31,3.28,9,716.0,59.4,-2.3728,0.1247,0.9739,1,1,0,0,1,-0.4499
142.42,8,18988.15,16.09,4,7.23,50,8.86,31,630.0,12.56,0.1529,-0.3325,-0.7118,0,0,0,1,1,-0.4424
5.67,20,1446.47,8.43,2,7.49,39,3.74,10,571.0,9.75,-2.3742,-1.1188,-0.5565,1,1,0,5,1,-0.4538
112.96,9,6788.55,2.37,3,8.05,38,9.8,55,631.0,12.36,-0.1829,-0.6664,-0.4648,0,0,0,3,1,-0.4617
125.56,19,1596.24,25.25,2,5.18,39,1.88,13,699.0,12.45,-1.1851,-1.3028,-0.7024,1,1,0,8,1,-0.4561
2344.79,1,163013.83,38.15,1,0.09,52,17.71,41,732.0,13.77,4.309,-1.4214,1.6037,2,2,1,2,1,-0.5305
660.66,6,13779.69,9.36,6,11.97,34,9.3,42,808.0,37.59,1.0623,1.1833,0.058,0,0,0,7,1,-0.4824
2258.34,3,127931.64,14.69,3,0.37,42,14.26,40,796.0,2.88,3.6982,-1.4847,0.9313,2,2,1,2,1,-0.508
15.9,17,1098.63,2.38,5,0.76,25,3.07,3,611.0,12.74,-2.6427,-1.0277,-0.2319,1,1,0,0,1,-0.438
13.84,16,835.35,3.94,3,5.09,33,0.75,9,677.0,20.6,-2.0215,-0.9161,-0.4225,1,1,0,0,1,-0.3979
320.39,14,19775.63,55.89,6,13.62,52,4.4,34,656.0,32.97,0.3368,1.2281,-0.863,0,0,0,1,1,-0.5096
52.51,15,2569.27,6.87,1,9.79,32,6.36,8,638.0,21.3,-1.8738,-0.6152,0.1823,1,1,0,8,1,-0.4412
3484.19,1,136406.22,51.64,2,4.34,42,21.32,73,782.0,4.45,5.1936,-1.038,1.1117,2,2,1,6,1,-0.5187
5421.41,6,120839.63,5.2,3,1.86,57,17.77,55,793.0,10.56,4.0459,-1.4305,0.9308,2,2,1,2,1,-0.5336
417.43,2,16529.22,16.83,6,14.24,46,15.92,50,760.0,16.33,2.0448,1.1615,-0.7323,0,0,0,7,1,-0.4857
12.33,15,1802.76,0.25,2,7.65,24,1.28,11,623.0,23.0,-2.5224,-0.6907,0.0471,1,1,0,0,1,-0.4084
292.35,7,10534.13,1.01,7,5.18,31,1.37,27,737.0,12.53,-0.3895,-0.0383,-1.1438,0,0,0,3,1,-0.434
26.82,20,2440.78,2.15,2,5.14,34,8.33,16,602.0,31.6,-2.3413,-0.9015,0.7272,1,1,0,5,1,-0.4382
182.99,3,55991.1,5.85,4,17.22,39,3.34,26,675.0,54.75,0.0086,1.8603,0.527,0,0,0,9,1,-0.4834
113.21,12,22672.63,6.41,8,6.15,40,1.89,30,716.0,32.89,-0.5616,0.5945,-0.7592,0,0,0,1,1,-0.4468
17.85,9,2229.13,7.76,3,5.34,23,0.79,7,621.0,21.64,-2.0683,-0.4824,-0.0406,1,1,0,5,1,-0.4191
1636.86,3,78239.05,9.57,3,19.17,25,3.03,26,723.0,42.56,1.3409,1.6905,1.2198,0,0,0,9,-1,-0.5741
175.96,10,7249.74,17.95,3,5.21,40,0.58,39,690.0,19.94,-0.26,-0.8326,-0.7879,1,0,0,1,1,-0.4334
433.84,0,125375.41,7.35,5,2.66,46,20.95,34,799.0,7.06,3.1532,-0.5744,0.5414,2,2,1,6,-1,-0.5559
21.83,15,1129.96,11.18,1,7.13,23,2.51,3,694.0,44.28,-2.2254,-0.3815,0.9816,1,1,0,5,1,-0.4415
8.31,13,1886.93,0.31,5,9.91,22,1.8,10,670.0,10.53,-2.0285,0.0208,-0.8457,1,1,0,0,1,-0.4305
7.6,22,2168.71,6.84,2,7.28,40,3.11,4,610.0,14.27,-2.4791,-1.13,-0.468,1,1,0,5,1,-0.4572
27.57,16,2496.85,3.7,3,2.95,18,0.5,1,580.0,27.32,-3.1698,-0.8029,0.5186,1,1,0,0,1,-0.4581
984.39,9,8538.91,1.01,4,8.37,43,2.8,42,740.0,21.85,0.5442,-0.3077,-0.5737,0,0,0,7,1,-0.4678
1116.55,6,52407.8,13.66,12,18.24,27,37.54,23,681.0,27.54,1.2943,3.4996,0.4744,0,0,0,4,-1,-0.5631
1501.28,3,94681.65,134.95,1,1.78,43,6.37,92,815.0,6.85,4.5794,-1.838,0.2314,2,2,1,2,1,-0.5419
119.85,5,21042.58,3.3,5,11.73,49,1.24,28,703.0,27.64,-0.0377,0.6152,-1.0926,0,0,0,3,1,-0.4309
42.96,15,1646.17,5.88,4,0.69,21,3.05,17,662.0,4.87,-1.8858,-1.4509,-0.4468,1,1,0,0,1,-0.4236
19.77,15,2409.09,0.99,2,,29,0.29,15,661.0,24.02,-2.1214,-0.7354,-0.2125,1,1,0,0,1,-0.4014
10.67,19,1281.99,1.74,4,7.11,29,1.82,13,695.0,14.94,-2.0807,-0.6994,-0.6809,1,1,0,0,1,-0.4116
65.17,11,2461.35,6.42,2,9.74,26,1.44,21,603.0,27.83,-1.9597,-0.2004,0.063,1,1,0,8,1,-0.4227
218.68,13,11456.5,12.28,2,11.99,40,1.09,21,685.0,16.9,-0.8278,-0.361,-0.8188,1,1,0,1,1,-0.4375
9.26,18,2828.3,1.98,3,8.18,18,3.88,13,668.0,25.85,-2.4483,-0.3953,0.2844,1,1,0,5,1,-0.4208
33.09,18,2535.72,1.13,3,9.14,33,8.77,8,721.0,26.1,-1.6562,-0.3108,0.16,1,1,0,5,1,-0.4348
16.7,13,1044.49,5.29,3,1.83,18,0.52,20,646.0,37.74,-2.3118,-0.7462,0.68,1,1,0,0,1,-0.4209
22.59,14,1986.65,1.37,2,0.19,27,0.38,1,687.0,28.27,-2.299,-1.4272,0.3544,1,1,0,0,1,-0.4357
719.17,6,40668.48,18.21,1,3.76,58,2.07,38,839.0,14.37,2.1775,-1.6461,-0.8052,2,2,-1,2,1,-0.5237
8.05,14,1358.45,4.21,4,,25,2.51,15,602.0,17.54,-2.2652,-0.2667,-0.3479,1,1,0,5,1,-0.4085
20.19,14,4074.6,13.49,3,2.65,23,8.64,18,650.0,32.25,-1.6473,-0.6428,0.9252,1,1,0,8,1,-0.4297
2667.84,2,40262.79,23.02,9,13.4,22,11.5,24,660.0,49.69,1.1126,2.9101,1.4731,0,0,0,9,-1,-0.5647
445.91,10,57770.03,58.23,9,21.09,18,30.31,29,823.0,41.06,1.7142,3.4206,0.8766,0,0,-1,4,-1,-0.6049
383.38,9,53198.59,10.94,8,12.72,36,5.43,32,698.0,33.83,0.2997,1.6008,-0.2797,0,0,0,9,1,-0.4497
827.56,3,37596.9,13.71,1,2.38,43,0.07,62,812.0,1.36,2.2836,-2.1034,-1.0338,2,2,1,2,1,-0.5303
41.39,22,1679.69,4.77,3,1.13,31,2.0,16,718.0,15.16,-1.9727,-1.7437,-0.3781,1,1,0,0,1,-0.4313
855.45,8,18415.94,7.97,3,11.26,48,36.39,39,733.0,33.54,1.4365,0.4074,0.9734,0,0,0,4,1,-0.4838
174.36,6,13838.57,7.4,4,9.38,25,5.24,31,732.0,13.92,-0.1934,-0.0398,-0.5168,0,0,0,3,1,-0.4147
29.22,12,2851.9,15.98,3,1.96,26,0.5,17,694.0,27.71,-1.4674,-0.9121,0.0375,1,1,0,5,1,-0.4185
126.33,10,74246.77,44.23,6,18.11,18,1.78,17,639.0,8.38,-0.0828,1.5604,-0.7616,0,0,-1,9,-1,-0.5861
111.48,20,2889.08,2.11,3,5.06,34,1.93,11,659.0,52.47,-2.5113,-0.3109,0.8678,1,1,0,8,1,-0.4315
1.91,12,1976.0,1.4,3,4.83,36,0.09,9,690.0,7.06,-1.5585,-1.1879,-1.0518,1,1,0,0,1,-0.4192
806.41,1,48947.1,4.12,11,11.39,18,4.09,24,645.0,49.21,-0.162,2.8866,0.6286,0,0,0,9,1,-0.5455
13.09,18,2359.23,3.53,1,9.65,27,3.69,1,678.0,38.58,-2.5009,-0.3614,0.7214,1,1,0,5,1,-0.4561
23.39,9,2141.73,2.3,1,2.91,38,0.05,19,695.0,25.4,-1.235,-1.4105,-0.2041,1,1,0,0,1,-0.4272
28.1,13,3109.43,0.87,1,7.29,19,1.87,12,671.0,31.72,-2.2578,-0.6932,0.5984,1,1,0,0,1,-0.4199
9.82,19,2584.64,0.19,2,7.33,30,0.43,13,693.0,14.29,-2.1554,-1.1812,-0.5794,1,1,0,0,1,-0.4218
176.1,4,17488.11,3.44,9,9.32,32,2.16,62,763.0,14.21,0.784,0.8306,-1.7529,0,0,0,3,1,-0.4895
5.66,11,3588.62,5.7,3,9.87,26,0.38,11,607.0,54.57,-2.4624,0.6931,0.8471,1,1,0,0,1,-0.4415
257.22,6,61221.23,32.82,9,18.49,40,3.0,47,805.0,25.76,1.992,2.3525,-1.5304,0,0,-1,9,1,-0.5302
658.63,3,46551.2,9.61,7,24.31,49,28.48,17,778.0,37.7,1.8751,2.8612,0.3405,0,0,0,4,1,-0.5442
7.82,10,3571.69,1.8,5,8.19,31,1.88,14,616.0,9.42,-1.7505,-0.1277,-0.9929,1,1,0,0,1,-0.4179
2927.67,6,30720.72,20.73,3,14.75,22,12.44,20,670.0,55.25,0.5943,1.7184,2.382,0,0,0,9,-1,-0.5551
18.8,22,1993.35,4.42,3,1.63,18,4.57,8,609.0,13.86,-2.9776,-1.4671,0.3126,1,1,0,5,1,-0.4504
667.86,9,13134.34,5.71,7,7.55,36,6.52,35,708.0,5.8,0.3017,0.0941,-1.0494,0,0,0,7,1,-0.4382
289.0,8,22749.36,0.81,7,6.74,34,11.33,55,690.0,16.4,0.4491,0.1993,-0.4359,0,0,0,3,1,-0.4794
253.11,6,52241.54,12.74,9,10.48,39,1.07,46,730.0,62.8,0.5222,2.1534,0.0979,0,0,0,9,1,-0.4982
17.45,18,2128.44,2.59,1,8.69,33,3.93,3,709.0,6.49,-1.8511,-1.2945,-0.5866,1,1,0,5,1,-0.4457
25.06,14,1522.64,2.67,3,9.42,30,3.77,10,624.0,11.4,-2.025,-0.4636,-0.5426,1,1,0,5,1,-0.412
16.76,15,1553.62,6.79,3,3.92,31,2.43,15,616.0,10.92,-1.9968,-1.1704,-0.4846,1,1,0,5,1,-0.4034
2390.29,4,110319.04,17.44,2,3.14,48,1.2,60,799.0,9.57,3.6529,-1.5952,-0.0654,2,2,1,2,1,-0.5055
79.96,15,845.85,4.81,2,6.44,20,3.69,28,627.0,7.11,-1.8847,-1.205,-0.2824,1,1,0,8,1,-0.4317
4227.48,7,36625.41,74.29,13,22.4,30,0.12,18,762.0,19.13,1.6179,3.5397,-1.5242,0,0,-1,9,-1,-0.612
16.62,13,2753.81,0.11,4,8.41,24,1.28,26,574.0,54.48,-2.6174,0.5986,0.8751,1,1,0,0,1,-0.448
854.48,1,87234.1,87.56,3,4.96,33,8.34,63,808.0,0.33,3.7285,-0.9327,-0.2258,2,2,1,2,-1,-0.5552
2974.38,4,106990.59,46.15,1,0.46,67,4.68,59,768.0,12.38,4.5582,-1.9184,0.0223,2,2,1,2,1,-0.5468
15.05,19,1820.01,2.33,1,9.89,22,0.84,14,687.0,14.77,-2.3238,-1.0257,-0.3012,1,1,0,0,1,-0.4403
445.02,7,17520.14,22.18,4,7.14,41,11.2,53,734.0,20.61,1.3613,-0.1879,-0.197,0,0,0,7,1,-0.4503
418.03,10,17935.77,2.73,7,10.59,48,2.7,29,738.0,7.14,0.2447,0.2957,-1.8131,0,0,0,3,1,-0.4467
191.67,9,24292.76,2.99,3,6.67,51,1.1,56,731.0,23.69,0.5373,-0.862,-0.9918,0,0,0,3,1,-0.4584
32.79,13,811.96,2.49,3,3.9,46,3.23,11,674.0,37.53,-1.5285,-0.6237,0.0489,1,1,0,0,1,-0.4182
58.7,25,3489.91,7.23,2,4.65,18,0.91,3,588.0,34.19,-3.6248,-0.9521,0.8712,1,1,0,8,1,-0.5045
418.12,6,7989.14,5.52,4,13.2,54,5.06,34,730.0,25.06,0.5874,0.4745,-1.0161,0,0,0,3,1,-0.429
226.13,7,11769.27,2.67,8,9.75,42,9.76,43,754.0,24.92,0.5838,0.977,-0.8555,0,0,0,3,1,-0.4486
19.21,10,2717.95,12.68,1,3.41,25,6.33,4,544.0,41.62,-2.4279,-0.5407,1.4869,1,1,0,5,1,-0.4799
1510.17,2,72243.33,6.72,5,4.75,57,1.08,67,789.0,7.24,3.4766,-0.8731,-1.1281,2,2,1,2,1,-0.549
936.45,2,168634.43,40.66,1,0.19,69,5.77,17,770.0,2.14,3.6144,-1.8929,-0.3409,2,2,1,2,-1,-0.5766
24.25,9,3492.09,7.0,4,5.77,19,0.75,9,674.0,8.04,-1.7029,-0.5589,-0.6443,1,1,0,5,1,-0.4226
230.0,7,10649.94,5.9,9,12.72,44,6.51,28,738.0,22.32,0.2165,1.561,-1.3751,0,0,0,3,1,-0.4288
1333.9,4,51593.92,9.02,8,23.52,43,12.56,15,677.0,42.92,1.2405,3.2149,0.5758,0,0,0,9,1,-0.5402
23.19,12,2285.47,2.39,2,5.17,38,0.43,1,,9.49,-1.5938,-1.2759,-0.8376,1,1,0,0,1,-0.4401
32.22,14,1507.56,3.75,2,5.45,26,2.31,13,,6.53,-1.6695,-1.3381,-0.5649,1,1,0,0,1,-0.4006
255.6,11,17240.61,20.75,4,11.3,49,12.88,37,766.0,8.28,1.1891,-0.0895,-0.925,0,0,0,7,1,-0.4612
19.78,11,3025.38,4.87,7,2.44,23,1.85,5,625.0,48.1,-2.445,0.6325,0.6296,1,1,0,0,1,-0.4544
138.52,12,12459.77,23.35,4,7.68,48,1.7,38,727.0,3.82,0.3702,-0.7696,-1.7559,0,0,0,1,1,-0.4517
40.92,20,2882.59,0.86,2,4.91,44,2.74,18,623.0,11.13,-1.9847,-1.5858,-0.7032,1,1,0,0,1,-0.436
265.22,5,13048.5,7.43,6,5.79,42,8.36,42,753.0,7.58,0.9089,-0.2529,-1.1456,0,0,0,3,1,-0.4415
24.74,13,1966.14,5.07,2,2.75,23,1.8,8,626.0,42.12,-2.5103,-0.6882,0.9982,1,1,0,0,1,-0.4101
30.33,18,3877.16,0.63,1,1.51,42,0.69,16,,15.53,-1.6741,-2.1157,-0.4923,1,1,0,0,1,-0.4513
39.63,13,3551.84,3.17,1,8.69,22,0.4,22,525.0,35.29,-2.8155,-0.4067,0.6564,1,1,0,0,1,-0.473
46.55,23,2392.4,7.4,1,1.76,21,1.89,12,617.0,12.01,-2.8646,-2.0451,0.1883,1,1,0,8,1,-0.4674
186.56,7,10325.1,65.37,8,8.13,32,0.65,8,780.0,11.73,0.2757,0.8901,-1.5661,0,0,0,1,1,-0.513
16.41,15,2565.17,10.46,3,0.94,19,4.09,13,568.0,28.62,-2.6282,-0.9339,0.8039,1,1,0,5,1,-0.4362
23.0,17,2910.96,15.89,1,0.19,39,0.04,16,640.0,53.61,-2.0678,-1.1743,1.0028,1,1,0,5,1,-0.4747
23.73,9,3744.73,1.04,2,8.38,26,0.85,12,689.0,13.31,-1.5586,-0.7026,-0.5304,1,1,0,0,1,-0.412
826.48,1,93966.81,41.35,2,0.07,44,3.88,53,847.0,16.02,3.7361,-1.4801,0.071,2,2,1,2,-1,-0.5613
25.51,18,1218.04,0.16,4,5.11,22,7.6,8,716.0,48.56,-2.2768,0.0069,1.2106,1,1,0,5,1,-0.4559
17.67,12,1131.59,1.84,1,8.96,20,0.64,13,694.0,37.59,-2.1259,-0.3683,0.5538,1,1,0,0,1,-0.4281
953.52,9,47125.92,5.11,4,18.47,27,23.07,21,747.0,49.03,0.7794,1.9934,2.0331,0,0,0,4,1,-0.5467
553.57,5,12063.45,22.61,4,7.46,43,18.03,44,694.0,36.42,1.3148,0.4702,0.9187,0,0,0,7,1,-0.4718
2360.62,4,97198.03,64.29,1,4.61,73,12.89,68,769.0,2.97,5.2068,-1.6036,-0.1518,2,2,1,2,1,-0.5499
337.23,5,11316.34,3.8,9,13.29,45,1.93,21,696.0,28.8,-0.2078,1.8318,-1.3643,0,0,0,3,1,-0.4521
315.86,12,21338.92,8.8,7,8.25,46,4.19,32,722.0,13.76,0.1244,0.1814,-1.3387,0,0,0,3,1,-0.4282
43.43,20,2943.28,6.56,2,9.23,29,1.0,18,639.0,11.01,-2.2177,-0.9849,-0.6392,1,1,0,8,1,-0.4212
37.33,12,686.44,5.1,4,2.16,26,6.51,10,642.0,24.79,-1.8672,-0.6422,0.3745,1,1,0,8,1,-0.4061
88.52,18,1107.96,4.37,4,5.87,36,0.09,3,621.0,4.35,-2.3076,-0.9807,-1.1128,1,1,0,8,1,-0.4505
19.5,10,1445.19,1.96,9,4.05,22,3.9,2,583.0,28.85,-2.494,0.9285,-0.1156,1,1,0,5,1,-0.4836
1341.43,3,60827.85,7.52,9,12.94,39,5.54,12,665.0,73.63,0.5581,3.1099,1.6031,0,0,0,9,-1,-0.5582
20.8,11,2112.62,0.79,1,,31,1.85,7,706.0,68.55,-2.0681,0.2237,1.5159,1,1,0,0,1,-0.4614
124.85,7,9945.84,2.63,7,24.82,39,1.06,21,714.0,21.76,-0.5567,2.1035,-1.7353,0,0,0,3,1,-0.47
11.69,16,2714.8,4.98,4,1.09,34,0.71,7,590.0,8.52,-2.3708,-1.3555,-0.6778,1,1,0,0,1,-0.4319
129.49,7,11684.34,105.36,3,5.29,49,15.62,58,666.0,11.05,1.6436,-0.6746,-0.3793,0,0,0,7,1,-0.5047
330.47,5,60417.97,31.64,8,13.23,35,13.08,19,691.0,61.37,0.8255,2.8001,1.3318,0,0,0,9,1,-0.52
625.73,4,39213.33,6.21,6,14.75,51,9.17,20,690.0,43.05,0.7125,1.7881,0.1667,0,0,0,9,1,-0.4673
122.86,5,10206.79,2.72,4,11.82,47,11.22,24,692.0,11.85,0.1867,0.2285,-0.7896,0,0,0,3,1,-0.4394
112.43,8,10576.76,51.71,3,9.74,37,2.02,44,701.0,41.36,0.3146,0.4376,-0.1271,0,0,0,1,1,-0.4686
67.22,7,21063.9,11.9,9,13.78,46,9.09,33,794.0,6.5,1.0774,1.3085,-1.9809,0,0,0,1,1,-0.4809
33.71,18,2699.73,7.3,3,7.55,18,9.38,14,651.0,35.82,-2.2493,-0.1026,1.087,1,1,0,8,1,-0.4336
4.06,20,1977.97,8.62,3,3.03,21,5.06,12,645.0,3.97,-2.2858,-1.495,-0.248,1,1,0,5,1,-0.4456
63.64,9,1361.38,5.88,3,7.41,44,2.44,20,578.0,18.1,-1.405,-0.4752,-0.6948,1,1,0,8,1,-0.4292
33.85,16,2594.9,11.12,1,8.27,40,3.26,13,624.0,76.58,-2.2474,0.3192,1.6603,1,1,0,5,1,-0.4733
18.71,12,3071.2,2.88,1,3.04,30,3.35,13,651.0,21.03,-1.8101,-1.4235,0.2157,1,1,0,0,1,-0.4127
62.07,6,62477.71,2.08,8,20.56,28,1.6,32,736.0,40.63,-0.0133,2.6488,-0.5613,0,0,0,9,1,-0.5094
12.41,14,1338.07,5.34,5,4.86,26,2.87,15,618.0,24.27,-2.1701,-0.2405,-0.1354,1,1,0,5,1,-0.399
17.34,20,1309.11,1.46,2,0.28,21,10.73,8,691.0,41.72,-2.3929,-1.1561,1.709,1,1,0,8,1,-0.4755
237.5,4,44854.29,4.11,7,11.76,46,29.28,44,682.0,59.67,1.0495,2.0687,1.3887,0,0,0,4,1,-0.5243
1370.36,6,70754.97,13.83,4,16.13,21,9.46,24,672.0,69.7,0.6087,2.2956,2.7214,0,0,0,9,-1,-0.5743
1128.59,5,78232.89,28.47,2,0.75,50,5.84,44,725.0,7.36,2.7149,-1.6591,0.0306,2,2,1,2,1,-0.5002
104.06,8,2610.51,7.41,3,7.85,22,0.13,15,657.0,26.68,-1.6739,-0.1179,-0.0534,1,1,0,8,1,-0.4127
206.88,9,18617.51,12.54,7,8.0,23,1.2,64,705.0,6.0,0.1793,0.0143,-1.4638,0,0,0,1,1,-0.4853
73.91,9,1588.34,0.35,3,4.27,31,7.31,20,628.0,6.16,-1.2785,-1.0567,-0.3487,1,1,0,8,1,-0.429
465.81,8,18801.79,15.85,8,13.96,51,4.87,30,639.0,15.53,0.3012,1.3785,-1.5487,0,0,0,7,1,-0.4649
24.52,15,1260.69,7.91,4,2.64,29,1.31,15,744.0,18.32,-1.4221,-1.0223,-0.526,1,1,0,5,1,-0.4188
1803.02,6,55830.21,11.82,2,3.45,60,13.52,64,772.0,6.15,3.5829,-1.6121,0.0294,2,2,1,2,1,-0.5363
518.49,6,74002.23,0.22,8,22.56,57,6.99,14,668.0,16.22,0.8945,2.2621,-1.3343,0,0,0,9,-1,-0.5527
369.03,2,15768.62,29.96,10,11.27,20,13.06,15,667.0,33.57,0.1422,2.6194,0.3254,0,0,-1,7,1,-0.5215
1313.21,7,23921.51,92.65,8,15.79,38,11.64,13,785.0,44.81,1.7284,2.691,0.5267,0,0,-1,9,-1,-0.5639
210.41,11,19855.77,68.68,5,7.24,22,1.95,48,707.0,6.48,0.339,-0.2524,-1.0197,0,0,0,1,1,-0.5075
2419.4,3,42962.27,0.2,8,12.47,24,8.59,37,753.0,52.28,1.2386,2.2039,1.2938,0,0,0,9,-1,-0.5519
31.66,11,2866.88,7.09,4,8.93,18,3.07,12,757.0,27.02,-1.4069,0.143,-0.0491,1,1,0,5,1,-0.4357
55.86,12,1951.32,6.84,1,0.16,18,3.61,7,620.0,49.02,-2.5715,-0.9432,1.7638,1,1,0,8,1,-0.4604
910.11,3,113302.6,50.36,4,3.59,60,21.97,41,755.0,18.73,4.1673,-0.3265,0.8677,2,2,1,6,1,-0.5466
72.57,8,13451.69,1.19,4,13.06,35,0.47,28,787.0,6.76,-0.158,-0.0522,-1.6419,0,0,0,3,1,-0.4508
274.92,8,14343.77,2.89,8,14.62,26,12.21,47,720.0,26.86,0.1611,1.6991,-0.2997,0,0,0,3,1,-0.4626
10.06,11,3432.33,3.32,4,5.88,19,5.68,1,687.0,36.25,-2.0667,0.1223,0.7502,1,1,0,5,1,-0.4453
385.48,7,14842.72,2.33,5,12.52,52,4.53,17,772.0,39.62,0.2003,0.9655,-0.4931,0,0,0,3,1,-0.468
29.55,18,2292.96,2.37,4,1.14,35,0.29,9,661.0,12.29,-2.1467,-1.4311,-0.7126,1,1,0,0,1,-0.4215
36.22,11,1757.71,0.43,1,1.42,30,0.06,18,623.0,40.94,-2.1837,-1.1943,0.764,1,1,0,0,1,-0.4263
284.17,3,8160.29,22.6,1,14.27,39,9.5,31,660.0,10.94,0.5242,0.0564,-0.436,0,0,0,1,1,-0.4903
32.33,20,2255.02,13.33,2,3.34,33,8.69,10,597.0,14.47,-2.0987,-1.3676,0.2719,1,1,0,8,1,-0.4552
3285.57,5,73327.22,5.12,4,0.7,65,21.13,54,794.0,1.06,4.0844,-1.5227,0.201,2,2,1,6,-1,-0.5569
7.88,10,2822.08,0.37,4,6.1,29,0.15,8,711.0,45.88,-1.8595,0.1772,0.3239,1,1,0,0,1,-0.4296
21.91,16,1043.26,8.41,4,7.95,26,0.91,16,786.0,21.21,-1.3322,-0.3887,-0.6627,1,1,0,5,1,-0.4405
137.24,11,14772.87,13.31,4,6.94,45,4.38,28,685.0,2.04,-0.1441,-0.7963,-1.3512,0,0,0,1,1,-0.4292
33.46,18,3917.68,2.7,6,0.29,41,0.57,15,749.0,24.66,-1.4373,-0.9267,-0.7928,1,1,0,0,1,-0.4609
18.12,15,2311.29,3.1,3,0.38,29,0.86,16,653.0,50.18,-2.3349,-0.7549,0.9446,1,1,0,0,1,-0.4167
179.84,9,12366.3,8.23,5,10.0,53,13.26,44,734.0,2.94,1.0679,-0.2089,-1.3154,0,0,0,3,1,-0.4483
506.47,6,45367.94,13.86,9,20.28,40,0.28,30,632.0,77.01,-0.2894,3.7468,0.3401,0,0,0,9,1,-0.5446
8.36,12,2243.57,2.47,2,6.98,32,1.05,7,677.0,37.34,-1.9821,-0.3907,0.2756,1,1,0,0,1,-0.4058
193.97,6,16881.67,39.05,12,12.03,44,0.32,24,735.0,21.14,0.7474,2.3662,-2.2131,0,0,0,1,1,-0.5155
6.15,12,3396.56,0.88,5,4.68,39,0.86,13,621.0,44.75,-2.0696,0.1441,0.1228,1,1,0,0,1,-0.4222
114.88,9,15562.94,25.55,5,10.3,49,4.19,45,675.0,9.59,0.5883,0.0471,-1.5917,0,0,0,1,1,-0.4474
90.71,17,1990.84,7.18,3,8.67,28,0.41,11,727.0,64.82,-2.1673,0.4974,1.0646,1,1,0,8,1,-0.4574
6930.27,5,56402.41,12.21,15,13.6,18,0.41,20,755.0,51.4,0.7496,3.2607,0.4804,0,0,-1,9,-1,-0.603
12.37,10,3072.72,14.9,4,4.9,31,1.65,11,595.0,48.51,-2.0267,0.3038,0.6672,1,1,0,5,1,-0.4339
10.23,11,2068.7,4.55,1,9.28,32,3.77,21,652.0,20.73,-1.4631,-0.7035,-0.145,1,1,0,5,1,-0.422
113.04,6,19546.47,5.55,5,6.35,39,20.3,42,757.0,17.37,1.0975,-0.0573,0.193,0,0,0,4,1,-0.4654
55.82,17,2471.27,0.88,4,7.19,33,2.67,15,652.0,29.61,-2.1107,-0.2768,-0.1282,1,1,0,0,1,-0.4053
1224.7,4,142100.95,10.25,2,,59,14.73,45,757.0,3.54,3.6593,-0.9886,0.2339,2,2,1,2,1,-0.5209
66.76,18,409.13,11.57,6,6.92,27,2.62,19,703.0,23.57,-1.6809,0.0304,-0.5526,1,1,0,8,1,-0.4232
8.98,12,3031.47,8.88,2,1.65,27,9.87,22,598.0,9.95,-1.4969,-1.4619,0.3232,1,1,0,8,1,-0.4422
13.29,14,2380.08,0.06,3,0.21,33,4.51,14,577.0,53.97,-2.5759,-0.5734,1.3783,1,1,0,5,1,-0.4488
8.31,13,1520.88,4.51,2,2.14,24,0.55,10,600.0,43.13,-2.6826,-0.7569,0.9604,1,1,0,0,1,-0.4182
219.59,3,16198.23,15.89,5,12.7,33,5.89,50,737.0,39.54,0.6886,1.1872,-0.1504,0,0,0,1,1,-0.4641
151.41,7,11909.24,27.79,4,12.85,42,11.6,50,693.0,11.9,1.0629,0.3702,-0.8445,0,0,0,7,1,-0.4613
3825.61,7,18964.75,0.44,2,5.37,59,0.05,38,727.0,92.08,0.8441,0.074,1.406,0,0,-1,9,-1,-0.564
175.04,9,12840.02,25.24,4,6.0,28,4.41,53,762.0,12.73,0.6384,-0.6028,-0.7773,0,0,0,1,1,-0.4616
55.34,14,2560.04,5.58,2,3.83,34,6.42,11,687.0,35.27,-1.5869,-0.8109,0.6526,1,1,0,8,1,-0.4064
4652.66,4,37960.2,7.27,9,12.2,38,4.76,50,619.0,60.17,0.9263,2.5012,0.8924,0,0,0,9,-1,-0.5686
87.4,11,2568.56,1.57,7,2.86,26,2.88,18,596.0,39.42,-2.1735,0.401,0.2961,1,1,0,8,1,-0.4445
3.59,17,2710.35,1.13,4,4.76,21,0.15,5,638.0,35.1,-2.8984,-0.3319,0.3712,1,1,0,0,1,-0.4311
846.02,4,132166.39,25.42,3,4.06,52,,51,812.0,6.54,3.6138,-1.1819,-0.3165,2,2,1,2,1,-0.5171
19.23,13,2083.42,0.79,1,1.59,31,2.07,8,708.0,3.69,-1.5924,-2.0879,-0.5216,1,1,0,0,1,-0.4406
186.79,8,14835.84,8.48,5,10.68,60,0.06,39,,13.09,0.4128,-0.0412,-2.025,0,0,0,3,1,-0.4463
33.37,14,1225.06,0.02,2,1.02,27,3.32,5,678.0,22.55,-2.121,-1.4445,0.3217,1,1,0,0,1,-0.4236
73.15,22,1357.73,18.86,3,7.33,23,0.39,7,749.0,20.41,-1.951,-0.7256,-0.3516,1,1,0,8,1,-0.4881
2520.85,2,118582.74,11.22,2,4.65,55,33.81,45,793.0,1.81,4.3635,-1.2487,0.8674,2,2,1,6,1,-0.5066
7.03,15,1278.61,5.7,3,8.96,33,4.63,26,628.0,37.69,-1.8268,-0.0199,0.2734,1,1,0,5,1,-0.4133
3756.1,10,10156.78,22.94,4,8.43,44,10.85,32,765.0,87.19,1.2216,1.2326,2.1082,0,0,-1,9,-1,-0.587
17.15,19,819.19,0.72,4,3.22,18,4.82,16,684.0,63.69,-2.7287,0.0671,1.7296,1,1,0,5,1,-0.4685
416.7,11,22586.58,10.56,3,8.11,44,8.22,52,696.0,2.03,0.7606,-0.9888,-0.9447,0,0,0,3,1,-0.4596
1676.31,2,139825.32,16.53,2,1.75,46,35.97,64,760.0,28.63,4.184,-0.9568,2.1078,2,2,1,6,1,-0.5272
7.88,6,2009.22,2.19,1,1.99,23,0.48,14,,30.13,-1.5534,-1.189,0.4463,1,1,0,0,1,-0.4438
669.03,8,7671.89,21.84,3,13.2,59,2.49,43,740.0,14.76,1.3374,-0.0442,-1.56,0,0,0,7,1,-0.4767
21.08,17,2267.35,2.82,1,3.23,22,1.42,8,657.0,52.18,-2.7975,-0.8022,1.4292,1,1,0,0,1,-0.4325
600.02,8,23741.32,5.72,6,11.07,37,13.85,44,786.0,12.25,1.3396,0.4438,-0.4754,0,0,0,7,1,-0.4667
8.85,19,2899.09,14.57,5,7.85,20,3.49,11,730.0,37.0,-1.9789,0.2918,0.2599,1,1,0,5,1,-0.4606
22.4,11,2847.75,1.87,3,7.61,31,5.16,7,685.0,22.31,-1.5701,-0.3481,-0.087,1,1,0,5,1,-0.4032
5.22,17,1068.04,0.48,6,9.9,37,0.43,5,642.0,7.6,-2.1875,-0.0091,-1.4945,1,1,0,0,1,-0.4569
9.15,10,611.19,1.63,1,2.83,30,1.61,8,660.0,30.82,-1.9535,-1.1683,0.4352,1,1,0,0,1,-0.4293
679.6,9,18794.39,0.59,4,5.77,30,19.49,38,694.0,9.15,0.5716,-0.5378,0.6783,0,0,0,7,1,-0.4858
10.26,14,1576.64,1.81,7,4.29,31,4.16,17,,18.44,-1.5059,-0.1051,-0.7426,1,1,0,5,1,-0.4279
29.36,14,2123.62,2.02,6,3.93,29,5.64,19,638.0,32.91,-1.9089,0.0347,0.1693,1,1,0,5,1,-0.4134
15.68,10,2522.18,2.05,5,1.82,32,0.41,17,700.0,20.96,-1.3901,-0.7206,-0.6138,1,1,0,0,1,-0.4114
323.76,8,14719.09,7.92,6,9.8,43,8.54,31,681.0,32.56,-0.0184,0.8243,-0.199,0,0,0,3,1,-0.417
13.08,19,2964.57,6.67,2,2.2,32,1.76,15,601.0,4.76,-2.298,-1.8807,-0.5373,1,1,0,5,1,-0.4355
293.03,3,19333.94,32.88,4,10.77,41,1.29,57,614.0,30.43,0.6969,0.6047,-0.6421,0,0,0,1,1,-0.5092
2975.18,3,115024.35,6.84,1,3.7,45,16.3,81,754.0,32.09,3.9387,-1.1119,1.9891,2,2,1,2,1,-0.5453
18.1,17,2323.57,0.02,3,,32,11.87,7,654.0,40.78,-2.0536,0.0162,1.091,1,1,0,5,1,-0.459
652.05,5,34322.41,8.63,7,17.11,22,8.56,17,819.0,38.95,0.5834,2.2617,0.329,0,0,0,9,1,-0.5185
13.2,14,2324.82,8.49,3,4.48,20,1.53,9,777.0,18.28,-1.5033,-0.9319,-0.2374,1,1,0,5,1,-0.4554
1267.89,5,102585.86,19.08,1,,54,8.21,7,749.0,25.56,2.3488,-0.4997,1.0318,2,2,1,2,-1,-0.5644
610.3,5,11499.65,10.31,5,9.69,43,18.39,30,678.0,24.02,0.8536,0.6751,0.4481,0,0,0,7,1,-0.4569
152.1,9,3830.73,19.98,7,12.2,42,12.21,34,708.0,34.44,0.2681,1.4628,-0.3019,0,0,0,7,1,-0.4544
122.65,7,49015.14,9.46,12,14.34,31,18.17,29,726.0,20.98,0.8251,2.6646,-0.4203,0,0,0,9,1,-0.5196
1754.25,4,65203.75,28.66,1,3.35,40,12.79,66,768.0,5.66,3.6594,-1.5642,0.6531,2,2,1,2,1,-0.5185
17.79,22,1369.42,0.6,2,8.46,30,1.67,12,726.0,15.7,-2.1493,-1.1133,-0.5267,1,1,0,0,1,-0.4334
13.75,14,1261.47,1.32,2,6.01,23,1.73,16,642.0,43.5,-2.4327,-0.3984,0.8323,1,1,0,0,1,-0.4061
252.11,8,21094.33,27.87,2,11.77,32,8.25,45,724.0,31.76,0.6439,0.2292,0.2812,0,0,0,1,1,-0.4575
271.82,7,10091.29,9.15,5,5.54,28,24.16,8,726.0,60.48,-0.4238,1.1454,2.3259,0,0,0,4,1,-0.5101
122.82,5,18428.39,3.5,6,7.68,47,5.08,36,719.0,18.4,0.3747,0.1643,-1.1399,0,0,0,3,1,-0.4241
477.51,9,15161.51,38.01,5,14.37,28,10.85,78,698.0,28.78,1.4769,1.0967,-0.1225,0,0,0,7,1,-0.5337
197.55,10,19230.56,15.65,5,13.02,36,1.14,32,742.0,14.7,0.0098,0.4254,-1.3288,0,0,0,1,1,-0.4361
1381.57,4,86989.98,37.44,1,1.28,57,3.01,47,711.0,12.72,3.2595,-1.6779,0.0954,2,2,1,2,1,-0.5264
61.7,12,8079.67,2.42,3,6.01,35,10.92,53,735.0,27.72,-0.0466,-0.6903,0.17,0,0,0,3,1,-0.4518
24.65,19,1895.79,13.86,3,9.03,18,3.67,1,623.0,14.16,-2.6386,-0.3967,-0.0504,1,1,0,5,1,-0.4666
628.04,7,32350.28,3.33,9,19.65,34,0.4,24,658.0,48.86,-0.5569,3.0304,-0.3811,0,0,0,9,1,-0.5116
10.38,12,1969.23,0.5,3,7.51,22,4.24,16,651.0,34.03,-2.0797,-0.119,0.503,1,1,0,5,1,-0.4089
170.03,5,10843.73,5.28,6,5.77,36,2.54,44,680.0,13.55,-0.0584,-0.1417,-1.1455,0,0,0,3,1,-0.4346
156.34,9,16946.97,1.4,4,9.77,25,3.92,20,718.0,17.65,-0.8896,-0.0016,-0.3672,1,0,0,3,1,-0.4168
1685.49,2,97279.13,16.1,1,2.85,48,3.8,36,745.0,1.48,3.0378,-1.7583,0.1332,2,2,1,2,1,-0.4985
586.88,9,45111.56,27.76,5,22.42,30,6.99,23,697.0,54.89,0.26,2.7021,0.8204,0,0,0,9,1,-0.5273
29.42,17,1730.89,3.87,5,3.81,18,0.59,18,636.0,19.88,-2.4978,-0.5966,-0.2204,1,1,0,0,1,-0.4257
694.6,4,10793.85,12.34,3,10.86,21,18.29,21,,13.0,0.4559,0.3215,0.8947,0,0,0,7,1,-0.4899
14.68,18,2008.08,0.27,2,9.44,41,2.31,4,640.0,4.75,-2.0997,-1.06,-1.0303,1,1,0,0,1,-0.4611
695.19,5,107420.38,111.7,1,4.16,45,8.58,50,769.0,0.16,3.4103,-1.5914,-0.0295,2,2,1,2,1,-0.5363
3095.4,5,85253.56,2.63,1,2.04,60,6.46,54,737.0,1.77,3.13,-2.1815,-0.109,2,2,1,2,1,-0.5416
841.15,5,58054.85,62.85,2,1.98,36,58.81,78,821.0,7.54,3.9511,-1.4061,0.7061,2,2,1,6,-1,-0.5595
14575.26,1,45655.89,17.65,7,20.19,35,1.74,18,697.0,86.82,0.9226,3.5884,1.2726,0,0,0,9,-1,-0.5914
178.48,9,13767.16,19.77,7,12.76,29,3.62,10,704.0,7.28,-0.5537,0.9857,-1.3191,0,0,0,1,1,-0.4509
5.93,18,4395.12,1.93,5,4.02,28,3.39,5,622.0,61.11,-2.9254,0.4045,1.2914,1,1,0,0,1,-0.4491
9.97,13,787.84,4.52,2,7.33,18,0.51,7,659.0,28.02,-2.4242,-0.4922,0.2888,1,1,0,0,1,-0.4306
341.43,6,49234.67,8.2,4,17.46,42,5.71,35,673.0,74.38,0.0647,2.2329,1.2759,0,0,0,9,1,-0.5221
562.17,11,15079.74,1.22,4,13.76,46,6.24,59,774.0,19.74,0.9777,0.099,-1.0075,0,0,0,3,1,-0.4965
309.05,10,15378.32,76.45,2,13.73,49,8.21,40,685.0,31.27,0.8866,0.444,-0.2144,0,0,0,1,1,-0.4901
197.39,7,22582.61,3.61,5,14.63,33,29.99,15,715.0,16.9,0.1899,1.0875,0.3073,0,0,0,4,1,-0.4813
382.61,4,15814.67,9.91,5,14.48,40,2.0,36,729.0,21.54,0.4696,0.8928,-1.146,0,0,0,3,1,-0.4284
5125.94,5,28158.52,47.67,10,23.72,42,3.99,23,778.0,27.44,2.2245,3.2938,-1.1532,0,0,0,9,-1,-0.5843
127.26,15,11284.85,0.88,8,5.75,40,0.11,21,,5.45,-1.1146,-0.1866,-1.8191,1,1,0,3,1,-0.4585
1438.25,3,65824.58,7.07,2,1.02,52,0.53,58,784.0,21.8,2.7525,-1.6066,-0.0048,2,2,1,2,1,-0.5358
2002.96,2,57801.04,60.39,1,0.22,61,19.79,43,778.0,5.78,4.3838,-1.6594,0.7731,2,2,1,6,-1,-0.5619
462.26,8,18230.82,12.07,2,7.83,48,6.16,35,668.0,21.68,0.3104,-0.6086,-0.2411,0,0,0,3,1,-0.4281
19.7,15,2843.68,3.23,7,2.04,39,0.34,14,678.0,12.12,-1.5933,-0.6085,-1.3029,1,1,0,0,1,-0.4427
500.93,6,18399.41,14.02,6,7.95,49,1.18,37,732.0,13.74,0.8388,0.068,-1.5182,0,0,0,7,1,-0.4337
307.42,5,63312.93,28.12,8,13.42,55,0.0,9,665.0,15.76,0.8129,1.4988,-1.6697,0,0,-1,9,1,-0.5263
733.68,4,126559.44,37.38,3,2.2,50,19.94,41,847.0,21.22,4.1322,-0.734,1.1839,2,2,1,6,-1,-0.5616
178.11,12,17027.87,54.78,7,,42,7.24,48,687.0,7.94,0.8606,0.2537,-1.3971,0,0,0,1,1,-0.4961
5420.48,6,46177.49,4.11,6,16.69,33,17.3,6,653.0,46.03,0.649,2.3757,1.9197,0,0,0,9,-1,-0.5701
21.87,11,1609.27,1.44,2,0.11,20,1.02,12,607.0,22.75,-2.4333,-1.4132,0.442,1,1,0,0,1,-0.432
2817.91,5,143314.02,22.88,2,4.46,55,5.56,106,764.0,24.92,4.1038,-1.1263,0.4905,2,2,1,2,1,-0.5464
131.69,12,22434.09,2.64,6,8.88,43,1.68,43,735.0,45.51,-0.3243,0.6106,-0.3711,0,0,0,3,1,-0.4617
1859.96,8,21330.31,4.8,4,5.73,35,14.07,31,762.0,92.27,0.9381,0.9379,2.8154,0,0,-1,9,-1,-0.5714
2314.11,3,112433.9,2.87,3,4.64,35,13.05,66,753.0,2.53,3.4977,-1.1834,0.7714,2,2,1,2,1,-0.5152
169.47,12,21123.82,30.52,5,5.0,44,25.69,25,729.0,20.14,0.9176,-0.0512,0.3806,0,0,0,4,1,-0.491
13.64,14,2499.11,7.94,4,6.12,18,3.92,16,660.0,8.11,-1.8669,-0.6505,-0.4152,1,1,0,5,1,-0.4122
14.21,22,1645.4,6.39,4,0.99,22,1.14,10,610.0,34.58,-3.1185,-0.9069,0.5726,1,1,0,5,1,-0.4491
255.09,9,15622.81,6.44,5,10.27,47,0.42,56,705.0,4.59,0.4846,-0.3582,-2.0051,0,0,0,3,1,-0.4601
11.82,19,1453.02,0.56,3,7.6,51,1.2,16,676.0,9.17,-1.5519,-1.1536,-1.4085,1,1,0,0,1,-0.4426
278.1,10,15844.72,44.11,5,14.2,33,2.49,49,721.0,20.61,0.7131,0.857,-1.0914,0,0,0,1,1,-0.4809
127.08,7,9029.25,10.97,4,9.01,42,2.67,25,739.0,9.13,0.0279,-0.307,-1.3532,0,0,0,1,1,-0.4111
173.44,5,13189.61,6.25,4,5.5,37,5.22,30,703.0,21.26,-0.1078,-0.3431,-0.377,0,0,0,3,1,-0.4098
8.06,16,1007.66,2.88,5,6.51,34,3.18,1,685.0,40.11,-2.1884,0.2199,0.1547,1,1,0,0,1,-0.4377
8.65,14,2363.43,8.77,1,4.5,18,1.89,26,532.0,32.52,-2.7081,-0.9348,0.8801,1,1,0,5,1,-0.4726
15.37,24,3016.92,2.61,6,1.52,34,3.38,8,620.0,53.16,-3.0434,-0.0909,0.8248,1,1,0,0,1,-0.4799
5.39,15,1789.08,10.47,2,2.65,23,3.18,18,653.0,18.0,-1.9124,-1.3425,0.1251,1,1,0,5,1,-0.4173
83.4,8,10386.4,8.16,2,6.85,46,9.96,70,716.0,3.67,1.0887,-1.3613,-1.0401,0,0,0,3,1,-0.482
74.14,12,475.41,4.27,2,4.48,34,2.84,20,734.0,14.27,-1.0095,-1.3097,-0.5261,1,1,0,8,1,-0.4107
177.42,9,12898.2,41.01,6,9.41,53,4.75,30,649.0,31.01,0.4118,0.8803,-0.8627,0,0,0,1,1,-0.4817
22.65,22,1396.29,2.13,1,2.8,31,4.9,7,649.0,16.03,-2.5086,-1.85,0.2037,1,1,0,5,1,-0.4461
7.71,15,1644.82,0.84,3,9.84,22,0.71,1,661.0,37.9,-2.6987,0.1753,0.3746,1,1,0,0,1,-0.4439
238.48,11,18296.7,7.76,4,6.58,39,2.5,35,708.0,29.2,-0.3725,-0.3054,-0.3416,0,0,0,3,1,-0.4179
186.11,13,11060.01,35.34,4,14.99,30,1.29,15,697.0,17.52,-0.6267,0.7355,-0.9221,0,0,0,1,1,-0.4804
155.25,10,15213.34,1.94,3,12.63,25,1.26,39,665.0,43.34,-1.2284,0.5658,0.3143,1,0,0,3,1,-0.4538
542.11,6,15555.86,2.7,5,11.52,33,6.81,33,,20.29,0.0769,0.5535,-0.3671,0,0,0,3,1,-0.4322
389.59,6,11702.15,1.94,2,13.39,47,11.97,35,698.0,38.15,0.344,0.4799,0.446,0,0,0,3,1,-0.4583
299.02,7,15793.11,15.93,6,6.84,56,4.04,43,687.0,13.09,0.8135,-0.0984,-1.5573,0,0,0,1,1,-0.441
398.81,5,17548.24,0.19,9,,43,0.41,58,733.0,11.89,0.7915,0.5109,-2.0118,0,0,0,3,1,-0.4928
275.72,16,29808.3,12.16,3,9.53,48,2.46,73,746.0,15.29,0.8864,-0.9519,-1.2687,0,0,0,1,1,-0.4902
631.74,4,75726.67,17.3,8,12.53,18,8.47,45,623.0,73.75,0.3563,2.8569,2.1488,0,0,-1,9,-1,-0.5809
138.19,8,19404.92,12.43,5,9.8,41,1.37,23,737.0,46.16,-0.3342,0.8453,-0.1597,0,0,0,1,1,-0.4317
12.9,16,1584.56,3.43,1,1.79,33,6.2,13,674.0,23.03,-1.7838,-1.6453,0.4277,1,1,0,5,1,-0.424
10.57,11,2785.69,0.4,3,0.72,24,5.25,19,673.0,30.71,-1.7221,-0.9944,0.6306,1,1,0,5,1,-0.4203
165.46,7,15842.42,1.71,3,11.19,32,1.84,28,741.0,37.87,-0.5609,0.338,-0.0232,0,0,0,3,1,-0.4287
50.93,16,1133.38,6.66,2,1.65,43,0.55,11,718.0,60.69,-1.7972,-0.7019,0.9191,1,1,0,0,1,-0.4643
20.88,17,933.08,4.39,2,9.61,19,4.74,11,709.0,34.77,-2.1768,-0.2077,0.6318,1,1,0,5,1,-0.4351
573.5,9,16496.84,4.88,3,6.48,32,4.8,29,734.0,3.59,0.0817,-0.9911,-0.6299,0,0,0,7,1,-0.4312
2043.41,8,47334.38,32.49,7,19.0,21,3.63,21,734.0,38.16,1.1052,2.5664,0.4927,0,0,-1,9,-1,-0.5679
560.52,17,16522.91,3.0,4,10.06,40,7.64,36,721.0,11.08,-0.1546,-0.4861,-0.6389,0,0,0,7,1,-0.4636
14.73,20,2456.16,20.32,1,5.47,30,3.46,9,697.0,16.61,-1.7389,-1.3752,-0.0891,1,1,0,8,1,-0.462
244.34,6,7872.7,16.08,6,14.44,61,6.37,6,708.0,26.82,0.2615,1.3572,-1.2347,0,0,0,1,1,-0.4731
33.66,20,1535.71,1.89,4,0.6,25,2.47,4,615.0,31.88,-3.005,-0.9511,0.5466,1,1,0,0,1,-0.4357
381.65,8,10797.4,17.62,2,7.07,44,9.24,35,713.0,22.38,0.5527,-0.6024,-0.0282,0,0,0,7,1,-0.4262
3629.05,3,104646.86,10.54,2,2.68,55,25.69,55,759.0,11.16,4.1715,-1.3326,1.2605,2,2,1,6,1,-0.5119
55.97,14,1131.87,1.12,3,4.51,29,0.78,11,646.0,6.74,-2.0276,-1.2234,-0.7245,1,1,0,0,1,-0.4078
172.3,9,18704.5,0.85,2,14.58,53,12.87,45,751.0,10.1,0.9953,-0.2749,-0.8842,0,0,0,3,1,-0.4735
16.76,13,2237.45,8.3,2,4.88,41,6.64,8,627.0,26.26,-1.6043,-0.8134,0.2015,1,1,0,5,1,-0.4295
24.22,16,2529.56,4.64,3,6.97,39,4.69,11,629.0,26.35,-1.9264,-0.505,-0.0903,1,1,0,5,1,-0.4137
26.0,16,1531.82,4.64,3,9.17,18,7.87,6,713.0,31.93,-2.0312,0.0165,0.7079,1,1,0,5,1,-0.4414
38.51,16,1931.06,3.68,3,5.85,27,1.03,13,606.0,48.55,-2.7102,-0.1066,0.833,1,1,0,0,1,-0.4068
33.24,14,1612.9,4.58,3,0.32,29,3.52,3,725.0,23.08,-1.7309,-1.2856,0.1379,1,1,0,0,1,-0.4355
41.72,18,1347.89,10.62,3,2.32,33,2.35,1,555.0,23.71,-2.7886,-1.0094,0.1779,1,1,0,8,1,-0.4619
11.97,16,1658.36,8.89,1,2.98,20,0.75,8,624.0,17.77,-2.5592,-1.5179,0.2501,1,1,0,5,1,-0.435
3.67,11,2071.26,16.74,3,9.82,21,10.85,10,697.0,50.5,-1.4081,0.8039,1.4303,1,1,0,8,1,-0.4817
40.37,7,2244.04,15.91,4,2.02,25,2.61,15,618.0,27.89,-1.5241,-0.3961,0.2154,1,1,0,8,1,-0.4404
276.37,5,65847.52,18.77,6,21.63,35,0.71,18,674.0,64.35,-0.0882,3.1098,0.5174,0,0,0,9,1,-0.5383
2168.02,8,47164.46,31.24,11,10.11,30,6.69,30,,19.13,1.6009,1.947,-0.3328,0,0,-1,9,-1,-0.5618
22.14,14,2167.05,0.67,1,9.83,37,0.84,18,621.0,16.34,-1.923,-0.9022,-0.5785,1,1,0,0,1,-0.4328
16.56,9,2275.79,1.54,3,4.67,18,12.33,8,675.0,56.09,-1.8489,0.3404,2.1047,1,1,0,5,1,-0.4704
37.48,17,1824.72,3.87,1,6.44,22,0.47,15,632.0,28.89,-2.5822,-0.9907,0.3983,1,1,0,0,1,-0.4246
94.48,7,21534.82,4.52,5,7.6,33,3.63,37,729.0,27.77,-0.1696,0.131,-0.4131,0,0,0,3,1,-0.4247
180.39,8,11287.07,5.89,3,5.71,32,21.46,44,716.0,29.83,0.4144,-0.2918,1.1301,0,0,0,4,1,-0.4478
247.52,6,10377.58,4.35,5,14.19,43,1.71,59,681.0,33.95,0.1925,0.913,-0.9494,0,0,0,3,1,-0.4733
52.73,14,1891.61,11.3,3,0.47,28,0.02,8,634.0,22.69,-2.1399,-1.2237,0.0046,1,1,0,8,1,-0.4239
2165.32,0,126450.44,8.1,1,0.8,62,7.53,48,773.0,24.38,3.8124,-1.5923,0.881,2,2,1,2,1,-0.5452
2610.56,5,97424.49,4.11,2,2.43,41,17.75,89,808.0,5.63,4.1332,-1.7303,1.0455,2,2,1,2,1,-0.5402
51.86,22,1320.42,17.49,3,3.08,26,0.47,7,671.0,35.07,-2.498,-0.8502,0.3867,1,1,0,8,1,-0.4682
863.97,1,106797.84,15.18,1,3.33,46,7.22,71,758.0,15.75,3.4341,-1.5306,0.4256,2,2,1,2,1,-0.5106
1372.96,4,92484.61,1.45,4,1.86,31,47.76,55,772.0,16.0,3.0412,-0.8402,1.6959,2,2,1,6,1,-0.5419
334.86,6,32837.65,0.33,6,18.11,60,7.15,34,665.0,38.39,0.5071,1.8064,-0.7422,0,0,0,9,1,-0.5075
698.14,5,16482.97,5.44,4,11.51,30,15.98,48,752.0,7.42,1.3435,0.1116,-0.063,0,0,0,7,1,-0.4765
11.32,17,1204.39,1.48,2,4.1,36,0.92,14,677.0,32.18,-2.0739,-1.0894,0.0627,1,1,0,0,1,-0.403
31.19,17,1452.35,8.91,1,5.24,28,6.87,22,608.0,20.49,-1.9719,-1.246,0.431,1,1,0,8,1,-0.4491
1040.03,9,17238.18,34.13,7,9.78,48,25.56,45,710.0,11.62,2.2951,0.805,-0.2045,0,0,0,4,1,-0.5186
244.77,11,20362.73,3.11,9,5.76,45,4.07,35,754.0,24.86,0.1154,0.5447,-1.1748,0,0,0,3,1,-0.4563
574.09,6,58154.85,5.27,7,18.85,21,3.87,15,655.0,69.69,-0.7813,3.1846,1.4634,0,0,0,9,1,-0.5459
113.77,5,18709.85,0.16,5,5.22,48,11.92,53,797.0,45.36,1.1196,0.1784,0.2844,0,0,0,3,1,-0.5175
24.68,19,2126.84,2.71,2,8.67,36,0.39,19,611.0,40.01,-2.5044,-0.4106,0.2086,1,1,0,0,1,-0.426
754.7,5,67696.45,6.25,5,14.45,38,7.9,48,635.0,34.74,1.0017,1.228,0.4529,0,0,-1,9,1,-0.5115
235.76,5,16099.05,31.59,2,10.46,44,0.59,27,703.0,14.28,0.5285,-0.2611,-1.0841,0,0,0,1,1,-0.4582
224.5,6,58651.76,7.27,9,22.43,60,19.35,19,668.0,58.81,0.9757,3.6698,0.5785,0,0,0,9,-1,-0.5776
26.18,14,2596.98,10.61,3,4.98,32,3.44,18,550.0,41.92,-2.3433,-0.2173,0.7101,1,1,0,5,1,-0.4269
21.53,16,2012.23,12.41,3,4.36,37,0.81,4,726.0,21.41,-1.5431,-0.9472,-0.5179,1,1,0,5,1,-0.439
19.46,17,3275.58,4.86,3,2.05,25,0.28,6,628.0,13.05,-2.5392,-1.3773,-0.2631,1,1,0,0,1,-0.4191
21.72,13,1431.75,2.64,5,9.26,36,10.79,8,615.0,34.99,-1.7957,0.6412,0.4257,1,1,0,5,1,-0.4567
1682.85,7,53954.29,4.98,8,18.49,48,6.71,13,699.0,50.73,1.0177,2.793,0.5316,0,0,0,9,-1,-0.5529
47.69,8,1382.45,3.67,4,4.91,29,5.35,11,635.0,25.39,-1.5994,-0.2193,0.1196,1,1,0,8,1,-0.4065
186.43,11,13650.12,26.41,4,11.58,36,16.47,25,687.0,3.04,0.4031,0.1338,-0.376,0,0,0,7,1,-0.4731
364.87,7,20148.92,0.27,4,9.41,50,1.59,41,780.0,30.39,0.6125,-0.0426,-0.8618,0,0,0,3,1,-0.457
475.11,6,16103.61,8.02,7,8.99,40,3.7,37,676.0,18.9,0.1836,0.6249,-1.0017,0,0,0,3,1,-0.4267
1217.49,2,81269.44,19.07,3,1.4,51,2.01,55,785.0,4.79,3.2594,-1.5686,-0.6127,2,2,1,2,1,-0.4991
1225.76,1,95539.53,29.09,4,3.21,40,0.97,47,802.0,11.96,3.2774,-0.7713,-0.2221,2,2,1,2,1,-0.5327
51.34,11,2086.2,2.71,2,7.53,18,0.1,10,679.0,51.86,-2.349,0.0963,1.0726,1,1,0,0,1,-0.4352
48.8,16,1954.2,3.48,4,6.58,21,3.69,16,614.0,15.59,-2.3345,-0.5079,-0.1635,1,1,0,0,1,-0.4149
9.7,10,1297.67,2.25,6,6.63,26,0.88,14,576.0,10.21,-2.166,-0.0139,-0.9137,1,1,0,0,1,-0.4421
22.83,20,1906.57,3.03,5,6.95,27,1.23,19,681.0,6.35,-2.0514,-0.734,-1.0955,1,1,0,0,1,-0.4295
513.62,10,19995.54,4.12,2,7.79,27,2.95,51,688.0,21.58,-0.2,-0.7816,0.0184,1,0,0,3,1,-0.4638
992.42,1,79242.91,49.1,3,3.63,58,8.86,44,770.0,3.34,3.7908,-1.0062,-0.516,2,2,1,2,1,-0.5194
15.7,18,1886.1,14.46,6,4.23,20,1.01,10,693.0,39.57,-2.2792,0.1845,0.2543,1,1,0,5,1,-0.4551
32.12,13,2435.44,1.98,5,7.95,38,7.62,8,,33.69,-1.4024,0.3239,0.0279,1,1,0,5,1,-0.4282
204.42,9,11779.21,14.28,9,6.06,58,5.07,43,710.0,22.26,0.6908,0.607,-1.649,0,0,0,1,1,-0.4554
23.13,16,1451.0,6.44,5,2.8,30,0.13,6,790.0,58.75,-1.8284,0.1076,0.6599,1,1,0,0,1,-0.4869
28.08,15,2932.94,1.5,2,3.36,48,0.09,4,574.0,49.79,-2.5612,-0.6417,0.5764,1,1,0,0,1,-0.4802
169.28,7,14012.43,3.3,2,8.68,50,,35,,13.28,0.2652,-0.7718,-0.7591,0,0,0,3,1,-0.4235
204.12,6,15438.73,46.67,3,5.31,44,12.71,26,709.0,56.02,0.7446,0.5445,1.3363,0,0,0,7,1,-0.5052
1635.7,6,126131.24,22.75,3,1.35,48,9.22,69,762.0,1.85,4.0231,-1.6825,0.1938,2,2,1,2,1,-0.509
9.11,12,1906.94,13.89,4,8.75,40,4.15,7,655.0,10.67,-1.2431,-0.2357,-0.9712,1,1,0,5,1,-0.441
452.2,7,12806.01,1.21,5,5.34,49,2.67,49,717.0,9.78,0.621,-0.7311,-1.4097,0,0,0,3,1,-0.4575
214.61,8,10593.6,9.68,2,11.12,22,0.4,48,725.0,26.46,-0.3968,-0.1935,-0.2636,0,0,0,3,1,-0.448
264.85,8,6942.59,17.16,2,13.89,55,14.03,27,762.0,12.47,1.1322,-0.0219,-0.7215,0,0,0,7,1,-0.483
480.71,4,8074.95,8.12,6,12.48,39,10.69,37,707.0,17.1,0.6898,0.9238,-0.6648,0,0,0,3,1,-0.4404
3.84,17,3213.84,12.91,4,9.51,23,0.39,15,748.0,9.59,-1.5062,-0.426,-1.0259,1,1,0,5,1,-0.4559
170.67,7,10169.83,15.56,5,13.35,34,10.3,26,688.0,21.58,-0.0651,0.9557,-0.3435,0,0,0,1,1,-0.4323
864.43,6,52367.68,4.87,5,13.56,36,0.86,36,706.0,32.38,0.6241,0.9543,-0.1455,0,0,0,9,1,-0.4657
5.94,16,3587.53,3.08,2,5.5,30,3.71,17,588.0,14.26,-2.2519,-1.1629,-0.1343,1,1,0,5,1,-0.4216
5350.62,1,91269.53,2.46,2,0.62,49,7.23,68,793.0,1.89,3.8023,-2.0422,0.0347,2,2,1,2,1,-0.5207
598.2,8,9402.74,5.85,7,,39,14.41,34,774.0,27.18,0.8414,0.7134,0.0264,0,0,0,7,1,-0.458
675.32,4,26728.83,46.7,6,13.48,18,1.12,11,643.0,54.9,-0.4172,2.3599,0.953,0,0,0,9,-1,-0.5554
31.34,13,1793.14,0.48,3,4.53,38,6.37,1,662.0,8.97,-1.6424,-1.0651,-0.4554,1,1,0,5,1,-0.4437
191.12,9,16388.26,1.77,3,5.26,49,24.55,37,700.0,33.93,0.5039,-0.3644,0.958,0,0,0,4,1,-0.4669
258.06,7,20150.7,1.28,1,14.45,35,6.73,32,800.0,31.2,0.2956,0.0948,0.0826,0,0,0,3,1,-0.4703
65.5,12,674.66,0.94,2,8.36,27,0.34,17,641.0,41.94,-2.1929,-0.1425,0.4794,1,1,0,8,1,-0.4141
17.86,17,2343.08,4.2,2,7.82,28,0.49,1,698.0,27.17,-2.3066,-0.6457,-0.0276,1,1,0,0,1,-0.4284
838.16,1,73188.48,17.02,3,0.66,50,3.01,49,798.0,3.71,2.8856,-1.6288,-0.7432,2,2,1,2,1,-0.506
168.11,10,5585.27,7.31,9,14.34,46,12.61,19,655.0,35.41,-0.5024,2.1684,-0.4536,0,0,0,7,1,-0.4758
405.46,6,27596.76,15.15,5,22.51,34,7.79,24,667.0,40.92,-0.0394,2.3832,0.1111,0,0,0,9,1,-0.4825
390.12,9,16120.85,12.94,6,13.23,50,2.97,26,662.0,2.45,0.1228,0.4589,-1.9069,0,0,0,1,1,-0.4534
2364.08,5,88151.79,71.36,2,0.25,63,6.36,65,,7.41,4.0192,-1.7851,-0.0993,2,2,1,2,-1,-0.55
8.98,18,1370.07,6.55,1,5.92,35,0.2,20,705.0,38.13,-1.8665,-1.0197,0.2096,1,1,0,5,1,-0.4331
3728.1,4,106351.74,29.95,3,0.09,34,1.67,68,759.0,16.55,3.4473,-1.3873,0.5851,2,2,1,2,1,-0.5253
1192.76,1,117456.98,36.23,1,1.57,37,20.28,62,763.0,4.34,4.3841,-1.5249,1.4179,2,2,1,6,1,-0.5388
351.68,11,14903.55,23.91,4,7.11,44,1.64,37,737.0,22.16,0.3911,-0.3462,-0.8717,0,0,0,1,1,-0.431
122.49,5,10300.77,33.45,2,12.43,31,7.11,38,698.0,18.67,0.5107,0.2001,-0.3438,0,0,0,1,1,-0.4537
319.94,8,21239.32,19.63,6,13.21,38,8.13,22,775.0,31.54,0.533,1.2939,-0.3387,0,0,0,1,1,-0.4533
45.57,21,2165.62,33.42,2,8.23,25,3.09,8,678.0,32.51,-1.8945,-0.3344,0.3784,1,1,0,8,1,-0.4726
10.44,18,1851.55,0.3,3,6.98,24,3.82,13,724.0,30.44,-2.0765,-0.5252,0.2362,1,1,0,5,1,-0.4169
41.11,20,2071.99,0.44,3,1.54,29,1.37,14,689.0,16.24,-2.2191,-1.6019,-0.2859,1,1,0,0,1,-0.422
1523.19,3,37733.55,44.75,1,0.09,43,12.75,43,718.0,9.1,2.9233,-1.5734,0.8123,2,2,1,2,1,-0.5327
105.82,7,20630.82,4.98,5,6.52,59,1.59,42,697.0,21.63,0.41,-0.3213,-1.4222,0,0,0,3,1,-0.4443
1214.66,2,64709.87,6.79,1,0.5,54,34.35,65,763.0,0.82,3.7094,-2.1032,0.6124,2,2,1,6,1,-0.5369
27.54,18,1149.86,17.93,4,4.98,34,10.58,17,648.0,26.01,-1.4313,-0.4092,0.3262,1,1,0,8,1,-0.4707
18.1,18,2396.0,5.9,4,,25,6.53,8,671.0,45.61,-2.3195,0.3109,0.9011,1,1,0,5,1,-0.4255
269.03,14,11528.58,20.65,6,10.48,48,13.67,29,683.0,18.46,0.2361,0.5401,-0.531,0,0,0,7,1,-0.4709
296.42,7,17743.68,17.19,7,7.46,47,3.87,28,750.0,27.15,0.5528,0.6247,-0.97,0,0,0,1,1,-0.4225
2508.62,1,81365.08,9.64,1,0.28,62,7.95,75,796.0,8.05,4.3058,-2.2126,-0.0438,2,2,1,2,-1,-0.5532
11.72,17,2397.3,2.17,3,2.7,30,1.8,12,684.0,43.66,-2.2667,-0.7009,0.641,1,1,0,0,1,-0.4048
2328.83,2,117451.68,3.19,1,4.76,40,11.39,80,805.0,8.24,4.091,-1.6232,0.796,2,2,1,2,1,-0.5468
551.0,4,60164.13,75.51,10,17.06,22,3.92,23,726.0,13.44,1.2442,2.5867,-1.0887,0,0,0,9,1,-0.5485
104.44,12,2517.31,2.79,3,2.08,23,1.79,11,719.0,45.94,-1.8821,-0.5279,0.9108,1,1,0,8,1,-0.4307
315.93,6,20513.52,77.94,4,7.28,32,6.25,35,693.0,35.45,0.5924,0.461,0.3149,0,0,0,1,1,-0.4651
71.05,23,2213.2,3.61,2,8.12,23,,7,693.0,34.33,-2.5053,-0.5467,0.8574,1,1,0,8,1,-0.4625
6.31,12,1927.19,11.21,5,0.99,21,0.4,11,643.0,9.9,-1.9619,-0.9193,-0.5638,1,1,0,5,1,-0.4436
13.74,14,2351.83,11.19,3,9.2,41,2.68,19,638.0,31.74,-1.5204,-0.0951,-0.2811,1,1,0,5,1,-0.4158
19.21,11,1095.52,3.76,2,2.4,26,1.59,10,682.0,17.35,-1.7733,-1.3262,-0.0826,1,1,0,0,1,-0.4015
31.38,11,2365.87,4.21,3,9.17,28,2.87,18,705.0,27.13,-1.4012,-0.1316,-0.17,1,1,0,0,1,-0.3951
42.46,19,2109.05,8.55,2,0.12,24,0.49,18,573.0,30.23,-2.8458,-1.4848,0.609,1,1,0,8,1,-0.4435
15.26,7,2573.66,0.82,5,1.83,27,1.23,16,574.0,9.17,-1.9246,-0.7527,-0.6385,1,1,0,0,1,-0.446
711.83,8,56453.49,8.0,10,17.49,30,18.8,25,613.0,63.34,0.1392,3.6681,1.8246,0,0,0,9,-1,-0.5878
132.23,6,5239.86,2.92,3,6.53,57,1.0,33,754.0,3.6,0.4735,-1.1578,-1.9424,0,0,0,3,1,-0.4508
180.82,10,25438.6,56.11,4,6.46,43,2.09,32,735.0,14.83,0.7578,-0.398,-1.0464,0,0,0,1,1,-0.4643
1537.27,6,36075.31,12.05,9,14.51,21,6.61,14,737.0,32.67,0.6967,2.3534,0.4313,0,0,0,9,1,-0.5431
2482.03,4,100573.39,21.15,1,4.98,43,,54,793.0,8.82,3.6338,-1.4291,0.5222,2,2,1,2,1,-0.5003
213.18,7,14353.77,10.61,2,8.67,36,0.79,35,698.0,18.16,-0.2223,-0.6127,-0.662,0,0,0,1,1,-0.4128
93.32,11,21630.23,45.17,1,5.91,51,0.78,28,776.0,36.99,0.6528,-0.7414,-0.2838,0,0,0,1,1,-0.5242
1618.48,2,124955.39,31.55,1,1.38,42,4.85,65,785.0,5.89,4.1376,-1.8603,0.3849,2,2,1,2,1,-0.5023
18.4,19,1127.93,6.1,3,1.13,37,0.21,4,690.0,34.0,-2.25,-1.1656,0.0918,1,1,0,0,1,-0.434
1830.98,0,136911.02,12.88,2,2.2,49,,56,770.0,7.05,3.8791,-1.5364,0.3583,2,2,1,2,1,-0.4993
232.61,5,34537.9,0.38,5,,26,13.96,27,673.0,29.0,-0.1406,0.524,0.8751,0,0,0,9,1,-0.4743
724.57,14,11265.27,9.23,5,13.78,38,7.85,35,673.0,11.46,-0.0695,0.4065,-0.7322,0,0,0,7,1,-0.4627
23.07,10,1229.69,1.51,2,4.7,31,0.32,7,550.0,29.5,-2.5698,-0.6824,0.2622,1,1,0,0,1,-0.4474
10.72,24,3492.32,15.63,3,7.52,24,3.19,6,705.0,48.71,-2.5549,-0.0651,0.901,1,1,0,5,1,-0.4879
2092.32,6,67718.81,19.77,9,16.84,62,0.01,27,660.0,57.67,1.665,2.8997,-0.098,0,0,-1,9,-1,-0.6029
11.54,13,1035.73,9.71,1,5.65,34,1.78,5,586.0,16.45,-2.1846,-1.1463,-0.1484,1,1,0,5,1,-0.4384
188.28,7,13170.45,5.1,3,14.35,51,8.56,41,688.0,11.26,0.5029,0.0782,-1.1378,0,0,0,3,1,-0.441
57.63,17,3708.12,4.78,4,6.53,24,5.81,20,719.0,9.78,-1.4609,-0.7666,-0.4712,1,1,0,8,1,-0.419
308.61,7,11596.52,6.92,5,6.22,40,8.07,26,749.0,28.03,0.1768,0.082,-0.1531,0,0,0,3,1,-0.4177
75.17,7,14947.54,7.18,3,6.74,70,0.56,46,638.0,12.36,0.4342,-1.0008,-1.878,0,0,0,3,1,-0.4857
458.08,10,15900.96,8.66,2,6.02,47,10.81,38,713.0,29.74,0.4691,-0.7062,0.3883,0,0,0,3,1,-0.4401
4602.75,1,79968.64,20.68,3,0.85,50,7.03,57,760.0,3.17,3.6868,-1.5208,-0.0875,2,2,1,2,1,-0.499
593.57,4,15474.22,17.3,5,9.15,31,17.1,47,821.0,12.9,1.9742,0.2756,-0.027,0,0,0,7,1,-0.5003
194.34,6,11218.54,0.58,6,10.77,43,4.65,25,737.0,16.77,-0.0079,0.5064,-1.2172,0,0,0,3,1,-0.4256
25.97,14,1925.68,6.23,1,4.44,18,5.49,12,651.0,25.9,-2.1627,-1.0751,0.8152,1,1,0,5,1,-0.4258
7.54,12,1435.33,17.23,4,2.81,41,1.67,10,705.0,22.17,-1.0435,-0.7418,-0.6355,1,1,0,5,1,-0.4373
23.55,16,1537.57,13.58,1,6.19,27,0.56,8,592.0,16.11,-2.4226,-1.1582,-0.0964,1,1,0,5,1,-0.4523
382.42,13,14446.28,8.59,6,10.1,47,19.21,5,735.0,30.22,0.0611,0.8947,0.494,0,0,0,7,1,-0.5024
234.4,12,13095.35,2.95,5,6.69,44,5.85,28,737.0,11.47,-0.1449,-0.5078,-1.0224,0,0,0,3,1,-0.4229
2253.6,3,46582.15,5.98,9,14.7,45,6.86,28,599.0,55.88,0.8394,2.8511,0.8338,0,0,0,9,-1,-0.5568
17.46,19,1574.7,3.13,1,0.48,29,3.9,19,666.0,12.37,-2.023,-2.1884,0.0323,1,1,0,5,1,-0.4381
64.61,3,3726.98,0.66,4,9.45,35,0.05,34,699.0,9.52,-0.3815,-0.2166,-1.4162,0,0,0,3,1,-0.4434
34.78,11,2342.16,2.44,3,0.36,31,8.2,16,665.0,22.2,-1.3832,-1.1887,0.4038,1,1,0,8,1,-0.4216
309.65,6,22896.48,39.15,5,7.02,38,9.42,37,792.0,4.93,1.7737,-0.1361,-0.9723,0,0,0,1,1,-0.4953
105.56,22,2944.39,1.12,2,5.83,29,1.3,18,700.0,40.8,-2.3616,-0.8477,0.5306,1,1,0,8,1,-0.4423
16.86,14,1361.24,0.41,3,3.35,29,6.35,4,641.0,36.64,-2.2788,-0.5442,0.8287,1,1,0,5,1,-0.4216
76.87,17,2722.99,2.97,1,6.52,39,0.87,14,627.0,13.17,-2.0023,-1.4363,-0.5545,1,1,0,8,1,-0.4373
3598.41,5,96018.38,12.52,2,1.8,45,7.75,37,792.0,2.15,3.11,-1.7344,0.3718,2,2,1,2,1,-0.501
349.01,5,12467.56,6.6,3,11.58,39,3.78,49,743.0,67.79,0.1979,1.0546,0.8861,0,0,0,3,1,-0.4894
22.62,12,2083.77,0.5,4,0.97,19,4.83,19,620.0,47.51,-2.374,-0.3137,1.2893,1,1,0,5,1,-0.4424
282.49,10,19993.95,2.56,8,9.85,60,7.38,21,695.0,21.97,0.1533,0.8544,-1.2919,0,0,0,3,1,-0.4489
51.6,14,2262.22,1.63,2,0.78,32,1.96,13,703.0,33.4,-1.7875,-1.3256,0.4058,1,1,0,0,1,-0.4144
186.43,4,43139.12,5.75,8,15.29,37,8.04,21,710.0,32.81,0.2599,2.089,-0.3858,0,0,0,9,1,-0.4684
48.74,13,1930.7,5.32,3,1.55,42,8.53,9,595.0,13.19,-1.5861,-1.261,-0.0765,1,1,0,8,1,-0.4455
11.4,10,1389.73,3.02,3,1.64,28,1.73,7,701.0,40.97,-1.8304,-0.6216,0.6061,1,1,0,0,1,-0.4141
11.54,15,745.66,1.72,1,3.54,24,2.84,2,630.0,8.15,-2.4655,-1.6616,-0.0412,1,1,0,0,1,-0.4351
108.68,9,11151.11,70.2,5,12.69,48,2.04,47,727.0,46.41,0.7288,1.2183,-0.6661,0,0,0,1,1,-0.4904
26.4,9,355.22,6.52,2,3.65,28,10.47,9,579.0,27.16,-1.8306,-0.6499,0.9641,1,1,0,8,1,-0.4484
703.95,6,14146.18,19.3,5,8.19,61,7.57,20,792.0,17.01,1.5949,0.0755,-1.0829,0,0,0,7,1,-0.4804
1996.88,3,56282.29,6.62,3,3.89,42,14.9,60,730.0,5.67,2.9608,-1.1027,0.5531,2,2,1,2,1,-0.5168
393.22,6,13319.28,36.76,3,6.36,44,1.04,27,677.0,9.78,0.5674,-0.5759,-1.0762,0,0,0,1,1,-0.4685
145.33,9,12279.78,0.06,6,11.43,49,9.9,44,744.0,25.24,0.4784,0.5999,-0.8582,0,0,0,3,1,-0.4521
348.78,3,58260.7,5.8,7,19.95,32,1.22,32,714.0,59.79,0.2082,2.9259,0.2545,0,0,0,9,1,-0.5046
24919.7,0,78138.94,28.55,2,1.62,45,4.07,25,766.0,95.86,2.3905,0.2553,2.6101,2,0,-1,9,-1,-0.5833
17.0,10,2596.33,2.21,3,0.34,25,2.09,14,631.0,32.58,-2.071,-0.9372,0.5498,1,1,0,0,1,-0.4147
362.32,6,47820.15,16.65,13,18.79,39,0.49,10,616.0,18.84,-0.279,3.128,-1.7958,0,0,0,9,1,-0.5494
40.74,12,1958.53,2.34,1,4.64,22,2.88,10,752.0,11.13,-1.452,-1.4926,-0.1602,1,1,0,0,1,-0.4488
217.83,5,4934.64,4.35,8,10.48,34,13.68,42,640.0,1.44,0.1877,0.8069,-1.0943,0,0,0,3,1,-0.4976
8.69,12,3557.43,2.03,3,0.38,29,0.89,17,589.0,4.63,-2.0666,-1.6743,-0.5822,1,1,0,0,1,-0.4459
12.99,20,3063.19,1.86,2,8.3,35,3.61,10,629.0,68.32,-2.8178,0.2544,1.527,1,1,0,5,1,-0.4546
458.7,9,16475.42,0.64,7,5.52,39,1.18,33,698.0,17.59,-0.2803,-0.0006,-1.0525,0,0,0,3,1,-0.4431
586.1,5,18740.2,8.33,7,9.01,49,5.9,51,693.0,38.61,0.8921,1.0062,-0.4335,0,0,0,3,1,-0.4679
437.99,18,1012.33,12.31,2,4.63,49,2.4,18,625.0,48.29,-1.5434,-0.6173,0.6128,1,1,0,7,1,-0.4823
3820.5,3,67146.98,3.51,14,22.14,24,0.98,13,719.0,30.29,0.8827,3.7337,-0.5261,0,0,-1,9,-1,-0.6213
3.59,23,2864.37,9.5,2,7.91,28,3.6,5,597.0,6.36,-2.7541,-1.1684,-0.3977,1,1,0,5,1,-0.4668
8.61,16,1930.32,0.75,6,9.22,36,2.71,14,524.0,13.22,-2.5617,0.1598,-0.937,1,1,0,0,1,-0.4724
3678.47,1,134798.48,8.35,1,2.58,44,29.68,56,812.0,18.56,4.232,-1.3368,1.8707,2,2,1,6,1,-0.5258
212.56,12,17523.04,3.47,6,10.53,60,8.09,36,742.0,25.18,0.504,0.3778,-1.1232,0,0,0,3,1,-0.4507
18.08,12,249.3,2.57,3,2.55,27,9.04,10,713.0,55.69,-1.7057,-0.1539,1.616,1,1,0,5,1,-0.4532
31.68,17,2892.52,1.48,1,1.91,18,4.91,23,662.0,26.61,-2.214,-1.5776,0.8446,1,1,0,5,1,-0.4421
34.37,18,2378.04,6.73,5,6.62,22,1.25,1,773.0,60.85,-2.2994,0.6489,0.9545,1,1,0,0,1,-0.5029
1381.55,7,51403.18,85.52,3,22.84,18,7.15,26,714.0,18.16,1.4734,1.6292,0.4435,0,0,0,9,-1,-0.5718
157.38,16,4512.06,4.59,5,9.62,26,0.02,8,625.0,10.08,-2.2519,-0.0858,-0.9087,1,1,0,8,1,-0.449
402.56,8,11377.39,12.99,6,13.48,51,20.87,25,754.0,17.77,1.233,1.059,-0.3503,0,0,0,4,1,-0.484
3456.57,2,91349.53,9.56,5,1.52,38,16.6,59,820.0,2.62,3.9956,-0.9759,0.6382,2,2,1,2,1,-0.5423
47.28,17,970.33,1.23,3,4.21,30,1.02,10,628.0,19.78,-2.4386,-1.0369,-0.2165,1,1,0,0,1,-0.403
74.59,12,1861.23,0.17,3,2.97,33,1.98,7,594.0,34.69,-2.3665,-0.6368,0.4293,1,1,0,8,1,-0.4281
506.32,5,15647.4,43.24,8,8.26,76,4.54,35,717.0,21.41,2.0214,0.9202,-1.9144,0,0,-1,7,1,-0.5095
323.1,6,16787.4,8.87,5,6.76,52,14.26,24,696.0,30.37,0.5833,0.3248,0.1688,0,0,0,3,1,-0.4453
257.03,8,11318.76,39.69,7,14.88,42,11.5,37,793.0,25.92,1.5286,1.6772,-0.8568,0,0,0,7,1,-0.5018
8.17,15,2526.21,1.56,2,4.06,33,2.96,13,696.0,74.95,-2.2156,-0.0167,1.7622,1,1,0,0,1,-0.4528
11.09,14,2704.83,4.97,1,8.59,18,6.95,10,653.0,35.97,-2.2363,-0.3328,1.1198,1,1,0,5,1,-0.4371
2401.99,2,138660.74,33.94,1,3.14,36,6.36,78,751.0,6.92,4.1639,-1.601,0.5898,2,2,1,2,1,-0.5281
104.13,8,23610.72,5.46,2,8.51,30,1.7,27,772.0,11.62,-0.1811,-0.831,-0.6982,0,0,0,3,1,-0.434
286.05,4,16702.66,0.37,7,7.73,26,7.92,37,700.0,16.84,-0.0246,0.552,-0.4549,0,0,0,3,1,-0.4578
2655.58,3,124870.59,12.05,2,4.3,55,37.18,76,825.0,0.87,5.1176,-1.5477,0.6029,2,2,1,6,1,-0.5417
116.08,5,45143.25,11.14,8,11.66,36,4.6,25,616.0,29.16,-0.3082,1.5919,-0.488,0,0,0,9,1,-0.4593
65.35,10,51758.23,0.78,7,13.63,46,2.21,21,635.0,55.3,-0.8856,1.8598,0.0974,0,0,0,9,1,-0.5045
1143.49,4,84507.75,33.03,3,4.58,41,4.28,67,804.0,33.13,3.3506,-0.4875,0.5661,2,2,1,2,1,-0.5292
2151.2,2,74034.52,12.71,2,3.86,45,29.31,67,729.0,8.29,3.7619,-1.1823,1.1195,2,2,1,6,1,-0.5135
853.67,7,48325.2,19.66,8,20.16,25,1.13,18,662.0,31.76,0.0065,2.6977,-0.3635,0,0,0,9,1,-0.5268
1708.61,1,82941.26,4.47,4,3.12,71,0.52,79,,9.63,3.6726,-1.3074,-1.0986,2,2,1,2,-1,-0.6043
3206.76,0,87291.61,37.53,2,0.92,50,7.21,47,802.0,3.6,4.2452,-1.5345,0.0768,2,2,1,2,1,-0.5124
237.73,7,14319.67,1.25,4,14.6,42,6.2,53,643.0,11.88,0.1237,0.3019,-1.1417,0,0,0,3,1,-0.4812
1824.04,0,123164.85,9.3,2,1.55,55,5.3,28,802.0,3.81,3.5236,-1.6418,0.1002,2,2,1,2,1,-0.53
7.79,12,1519.58,0.49,6,4.64,40,4.9,19,626.0,32.73,-1.636,0.1011,-0.2183,1,1,0,5,1,-0.4335
642.96,6,40916.09,2.13,12,18.72,25,7.21,22,653.0,41.46,-0.3284,3.6222,-0.1479,0,0,0,9,-1,-0.5541
390.47,5,14095.7,4.61,6,12.73,39,3.77,28,724.0,9.53,0.2438,0.6444,-1.406,0,0,0,3,1,-0.4262
19.65,15,2914.13,4.51,5,2.71,19,0.8,5,677.0,61.29,-2.7216,0.3456,1.2978,1,1,0,0,1,-0.4509
51.99,16,2891.74,2.73,2,5.42,18,2.77,23,759.0,12.67,-1.5065,-1.3285,-0.227,1,1,0,0,1,-0.4571
403.43,7,9015.44,12.29,8,13.5,48,3.22,42,686.0,30.97,0.3355,1.5721,-1.2699,0,0,0,1,1,-0.452
5.18,15,1968.34,0.37,3,0.39,29,,8,583.0,18.81,-2.4015,-1.3032,0.4494,1,1,0,5,1,-0.4422
723.54,2,172756.9,46.6,3,0.78,38,29.02,75,780.0,23.29,4.2756,-0.8441,1.517,2,2,1,6,-1,-0.5593
18.23,15,1640.69,0.26,1,0.62,26,6.94,17,752.0,7.07,-1.2808,-2.1803,0.005,1,1,0,5,1,-0.4746
1264.79,3,109518.82,173.9,1,3.85,39,8.37,45,732.0,0.89,3.4773,-1.4308,0.5094,2,2,1,2,1,-0.5194
479.44,10,21358.55,1.64,8,9.66,18,3.27,31,678.0,30.07,-0.957,1.1595,-0.0879,0,0,0,3,1,-0.4669
15.27,9,2058.47,12.24,1,0.48,27,0.45,7,685.0,27.51,-1.6158,-1.4161,0.3675,1,1,0,5,1,-0.4408
209.83,6,43632.6,7.57,6,21.05,24,11.94,12,695.0,47.49,-0.3824,2.8027,0.8829,0,0,0,9,1,-0.5204
255.5,9,14718.04,24.46,3,12.47,28,4.97,47,714.0,20.57,0.2819,0.1915,-0.4311,0,0,0,1,1,-0.4401
9.62,17,1527.6,0.77,3,0.18,24,2.65,17,660.0,9.05,-2.1576,-1.7724,-0.2607,1,1,0,0,1,-0.4311
68.55,8,7460.73,33.22,7,10.69,55,11.09,31,714.0,43.29,0.7944,1.5463,-0.3897,0,0,0,7,1,-0.4839
325.08,13,21272.32,15.68,5,13.31,55,6.26,35,763.0,20.65,0.7652,0.4324,-1.2375,0,0,0,1,1,-0.4695
672.42,5,114233.06,31.78,3,0.19,58,8.2,45,756.0,22.1,3.175,-1.2031,0.3436,2,2,1,2,1,-0.5376
527.06,11,7837.14,29.2,5,9.67,38,0.36,38,754.0,13.29,0.5537,0.0257,-1.3586,0,0,0,7,1,-0.4648
1747.49,2,109241.81,92.63,3,1.29,58,1.32,58,765.0,8.86,4.3305,-1.3714,-0.3805,2,2,1,2,1,-0.531
484.15,5,21459.24,21.03,4,10.13,37,1.36,34,697.0,20.5,0.4518,0.2353,-0.7088,0,0,0,7,1,-0.4242
1172.36,4,45769.96,16.17,11,24.69,30,8.21,25,785.0,47.3,1.4738,3.9162,0.0282,0,0,0,9,-1,-0.5797
2623.05,3,119678.7,27.68,1,3.61,41,0.43,38,759.0,3.66,3.1175,-1.5944,0.1433,2,2,1,2,1,-0.5046
28.84,27,1464.62,5.42,1,6.33,18,1.66,2,614.0,50.6,-3.8421,-0.6864,1.5103,1,1,0,0,1,-0.5113
972.05,8,26738.9,21.63,8,11.83,33,1.44,29,671.0,40.09,0.1977,1.7945,-0.1068,0,0,0,9,1,-0.4869
29.89,11,1322.53,10.22,1,5.27,25,5.09,17,673.0,23.24,-1.4605,-1.0015,0.3794,1,1,0,5,1,-0.4225
23.58,18,2122.75,5.17,1,9.3,23,0.1,22,746.0,16.33,-1.7181,-1.1149,-0.4507,1,1,0,0,1,-0.4581
2334.15,8,41409.38,2.6,14,16.73,38,15.77,11,804.0,70.56,1.2599,4.0293,1.5048,0,0,-1,9,-1,-0.646
1601.43,5,78179.36,19.5,3,3.06,68,2.09,61,775.0,7.89,3.7634,-1.5098,-0.9022,2,2,1,2,1,-0.5315
12.97,15,1713.33,4.34,2,5.28,24,2.74,19,676.0,52.13,-2.1918,-0.329,1.1433,1,1,0,5,1,-0.4114
1048.27,5,148453.59,159.7,2,0.59,40,4.15,47,746.0,30.1,2.8817,-1.0774,1.0953,2,2,1,2,1,-0.5293
314.39,4,34626.7,29.04,6,14.79,27,12.43,11,607.0,29.88,-0.0726,1.9764,0.5521,0,0,0,9,1,-0.5031
1944.06,2,80043.46,29.24,3,3.65,54,4.93,70,791.0,5.27,4.2498,-1.2638,-0.5319,2,2,1,2,1,-0.5052
273.23,14,12256.22,15.27,5,10.88,39,1.23,20,670.0,18.82,-0.8971,0.2533,-0.9769,0,1,0,1,1,-0.4416
862.5,8,18377.01,3.74,5,7.04,37,3.5,32,702.0,17.37,0.2079,-0.1585,-0.4577,0,0,0,7,1,-0.4431
5.1,11,1190.04,4.45,5,8.41,39,6.31,13,677.0,21.61,-1.1832,0.1462,-0.5746,1,1,0,5,1,-0.4151
541.52,3,59770.4,16.26,8,23.05,41,28.67,35,779.0,41.0,2.2285,3.1481,0.4661,0,0,0,4,1,-0.5421
15.03,16,1375.49,10.09,1,1.58,23,2.56,13,621.0,22.88,-2.3472,-1.5715,0.5101,1,1,0,5,1,-0.4264
502.86,11,13055.36,10.77,3,9.39,18,6.2,36,784.0,27.99,-0.1183,-0.0811,0.4135,0,0,0,7,1,-0.4823
281.02,11,14293.21,0.03,1,,31,,25,704.0,32.03,-0.8428,-0.6491,0.71,1,0,0,3,1,-0.431
21.45,11,2534.91,18.61,3,3.25,29,1.61,15,750.0,44.62,-1.1043,-0.3486,0.4936,1,1,0,5,1,-0.4466
72.95,17,1902.22,5.32,1,2.76,22,16.34,6,619.0,36.44,-2.1865,-0.9315,2.0643,1,1,0,8,1,-0.506
751.88,9,13890.37,64.41,5,7.63,53,20.68,31,674.0,10.03,1.8112,0.1801,-0.0862,0,0,0,4,1,-0.5243
9.95,15,1091.15,4.9,2,2.78,22,3.26,18,708.0,18.86,-1.7663,-1.3901,0.1017,1,1,0,5,1,-0.419
7385.89,2,67628.05,9.82,2,1.42,46,2.62,87,788.0,8.25,3.4595,-1.8694,-0.2648,2,2,1,2,1,-0.5285
24.87,19,2196.1,0.23,2,8.84,18,6.29,5,689.0,52.39,-2.7412,0.0906,1.5267,1,1,0,5,1,-0.4659
25.4,15,2608.48,9.64,5,0.86,45,0.86,15,541.0,6.89,-1.9852,-1.1914,-1.1149,1,1,0,5,1,-0.484
1592.12,8,43728.43,28.43,9,12.54,18,0.16,40,733.0,30.88,1.1806,1.9143,-0.0569,0,0,-1,9,-1,-0.5801
91.92,12,2410.84,4.24,4,4.1,30,,12,652.0,11.71,-1.4691,-0.7562,-0.2165,1,1,0,8,1,-0.4098
1983.95,4,68469.46,42.64,1,2.45,49,41.9,59,762.0,12.64,4.2368,-1.3204,1.2626,2,2,1,6,1,-0.5254
12.43,10,2530.16,6.52,4,8.3,21,9.0,15,622.0,40.92,-1.8605,0.5835,1.0052,1,1,0,5,1,-0.4243
240.17,10,19693.72,23.93,5,9.99,33,5.04,53,742.0,1.48,0.8448,-0.2159,-1.4344,0,0,0,1,1,-0.4537
136.7,11,39903.2,22.06,10,20.06,26,15.19,28,683.0,55.08,-0.0871,3.6744,0.7316,0,0,0,9,-1,-0.5676
341.32,3,39665.49,3.26,2,12.14,18,1.3,26,670.0,43.3,-0.7274,0.6334,0.9622,0,0,0,9,1,-0.4808
1854.92,4,81927.67,0.64,1,0.11,45,12.34,73,786.0,2.21,3.6067,-2.3549,0.5957,2,2,1,2,1,-0.5311
718.47,7,10798.55,0.09,2,7.98,28,8.12,59,758.0,20.7,0.752,-0.7332,0.1894,0,0,0,7,1,-0.4937
6.52,17,1759.12,0.37,2,4.53,39,3.68,11,679.0,24.98,-1.881,-1.1751,-0.0722,1,1,0,0,1,-0.4226
448.93,6,18182.62,24.27,6,11.27,42,21.61,33,755.0,12.81,1.6985,0.8463,-0.2004,0,0,0,4,1,-0.4706
401.67,9,12165.35,7.15,6,10.18,68,6.61,25,711.0,32.73,0.5464,0.6721,-1.0133,0,0,0,3,1,-0.4506
197.51,6,20504.85,38.66,4,10.54,29,6.55,29,658.0,28.96,0.175,0.7672,0.0934,0,0,0,1,1,-0.4658
240.41,14,1683.83,3.53,2,4.65,18,2.56,10,504.0,80.65,-3.3988,0.356,2.5156,1,1,0,8,1,-0.5129
1699.58,1,99018.07,14.91,6,4.68,45,3.25,69,774.0,7.18,3.8156,-0.463,-0.5586,2,2,1,2,1,-0.541
122.41,2,13747.3,100.36,9,6.04,46,0.48,16,671.0,19.81,0.4481,1.1771,-1.6071,0,0,0,1,1,-0.5223
26.31,12,1042.46,1.34,2,9.47,29,1.15,1,661.0,11.38,-2.0449,-0.6401,-0.5963,1,1,0,0,1,-0.4374
15.49,22,1066.87,1.69,3,8.31,38,5.41,17,710.0,32.64,-1.8975,-0.5094,0.003,1,1,0,5,1,-0.4453
41.1,14,2405.75,0.78,2,1.85,37,5.28,6,655.0,12.37,-1.7501,-1.5935,-0.1613,1,1,0,8,1,-0.4268
2123.97,3,97457.44,42.99,2,4.31,61,30.82,72,846.0,9.48,5.7356,-1.1451,0.6181,2,2,1,6,-1,-0.5563
713.61,5,110186.11,66.17,1,,56,23.59,56,824.0,16.22,4.4788,-0.7591,0.7901,2,2,1,6,-1,-0.5736
26.44,22,2186.42,8.11,2,5.59,18,2.21,12,783.0,14.16,-1.9387,-1.3926,-0.1946,1,1,0,5,1,-0.4759
87.85,14,15507.88,13.37,2,7.17,51,3.96,40,706.0,22.01,-0.0756,-0.9916,-0.7128,0,0,0,1,1,-0.4414
13.22,23,1309.14,7.75,5,6.04,18,2.2,15,675.0,13.55,-2.5397,-0.6388,-0.4586,1,1,0,5,1,-0.4621
16.2,22,1820.31,2.41,5,5.09,28,2.49,16,664.0,51.28,-2.698,0.0621,0.6954,1,1,0,0,1,-0.4306
2644.99,4,135039.09,82.45,5,3.2,48,10.48,79,760.0,2.72,4.7726,-0.8185,-0.0979,2,2,1,2,1,-0.5464
1597.46,7,47214.67,54.22,11,23.26,19,0.06,23,683.0,19.06,1.1045,3.4048,-0.936,0,0,-1,9,-1,-0.6173
320.44,11,12911.8,6.85,3,12.14,43,2.71,26,770.0,26.4,-0.0816,0.0368,-0.6813,0,0,0,3,1,-0.4392
12.31,12,2279.19,3.13,7,8.55,31,7.82,17,608.0,14.95,-1.6318,0.5207,-0.6339,1,1,0,5,1,-0.4436
4.91,19,1677.56,2.68,2,5.22,32,0.71,22,692.0,32.49,-2.0505,-1.0467,0.0521,1,1,0,0,1,-0.4182
1411.01,3,130602.78,40.3,1,0.58,46,7.26,50,780.0,15.34,3.9424,-1.6015,0.8475,2,2,1,2,1,-0.5187
455.39,11,18051.48,29.12,3,14.08,32,2.84,39,769.0,35.59,0.4656,0.6535,-0.1454,0,0,0,7,1,-0.4804
332.59,9,22006.79,6.83,4,13.89,43,30.63,29,643.0,41.51,0.1234,1.2263,1.1547,0,0,0,4,1,-0.4878
25.25,9,1735.71,0.63,5,9.94,33,2.93,14,628.0,21.39,-1.6583,0.375,-0.643,1,1,0,0,1,-0.4193
9.2,13,2568.09,2.21,3,4.32,26,1.84,13,666.0,44.21,-2.18,-0.3318,0.7127,1,1,0,0,1,-0.3994
8.59,12,1772.01,14.49,3,1.91,21,,4,701.0,16.28,-1.4918,-0.9933,0.3122,1,1,0,8,1,-0.4569
11.45,14,3311.54,5.13,1,8.91,35,1.53,10,590.0,8.34,-2.1029,-1.0654,-0.6252,1,1,0,5,1,-0.4302
624.75,5,69360.52,5.22,5,20.93,27,14.18,21,634.0,49.48,0.2258,2.6378,1.5913,0,0,0,9,-1,-0.5735
408.84,9,19055.1,41.7,8,10.2,48,13.1,29,781.0,24.97,1.664,1.3469,-0.6655,0,0,0,7,1,-0.5012
241.26,9,13078.77,11.3,7,10.88,29,11.02,26,724.0,22.5,-0.1086,1.0517,-0.256,0,0,0,7,1,-0.4217
183.52,10,7985.42,17.29,6,10.51,26,4.85,25,708.0,4.04,-0.4348,0.3127,-1.1814,0,0,0,1,1,-0.4349
12.92,22,1496.14,2.51,5,5.59,31,0.13,22,715.0,27.83,-2.1035,-0.5524,-0.5366,1,1,0,0,1,-0.4379
25596.06,3,15848.8,5.94,5,6.84,42,5.5,46,692.0,90.77,0.9786,1.2709,1.79,0,0,-1,9,-1,-0.5545
273.37,8,18257.46,5.19,9,14.12,54,5.7,44,770.0,18.85,1.0179,1.412,-1.9568,0,0,0,3,1,-0.4646
10.78,15,1209.95,1.22,3,8.44,33,0.09,14,585.0,38.59,-2.6046,-0.059,0.1512,1,1,0,0,1,-0.4233
1369.09,3,47070.6,39.87,6,21.65,42,7.96,26,631.0,43.7,1.6792,2.9753,0.4716,0,0,0,9,-1,-0.56
1010.62,9,15852.42,7.23,3,12.37,34,0.07,29,689.0,14.55,-0.0333,-0.0549,-0.6093,0,0,0,7,1,-0.4599
801.0,8,15372.88,26.66,5,13.33,45,7.04,31,757.0,5.63,1.4138,0.4627,-1.2676,0,0,0,7,1,-0.4677
24.61,13,1229.08,2.2,7,0.72,35,6.2,8,596.0,29.85,-2.0974,-0.0792,0.0712,1,1,0,5,1,-0.4554
24.31,11,3035.01,17.54,1,0.98,45,0.5,20,658.0,33.13,-1.0788,-1.4105,0.0338,1,1,0,5,1,-0.4665
764.06,8,51388.84,31.54,10,23.62,18,4.0,40,745.0,35.92,0.997,3.351,-0.4288,0,0,0,9,-1,-0.5662
761.54,10,52556.15,5.41,7,10.48,39,2.95,38,691.0,49.76,0.2673,1.3312,0.4019,0,0,0,9,1,-0.4916
215.28,9,17600.45,17.09,4,10.23,51,4.78,31,733.0,7.14,0.6308,-0.2787,-1.4911,0,0,0,1,1,-0.4232
17.24,14,2628.87,1.93,2,8.45,18,6.76,14,681.0,22.4,-1.9404,-0.5108,0.443,1,1,0,5,1,-0.4186
223.77,8,1730.48,59.8,5,5.61,48,7.11,19,809.0,28.52,1.0169,0.1888,-0.6176,0,0,0,1,1,-0.4998
1016.81,3,101679.35,2.1,4,0.71,50,5.67,74,755.0,6.36,3.245,-1.6026,-0.3404,2,2,1,2,1,-0.549
2401.42,4,40387.29,2.31,6,17.03,32,21.39,18,616.0,25.77,0.9738,2.0032,1.3304,0,0,0,4,-1,-0.5735
1424.1,2,123844.92,1.91,2,4.51,56,32.65,41,784.0,6.32,3.9204,-1.2164,1.0038,2,2,1,6,1,-0.5278
6.31,16,2179.59,1.77,2,0.52,29,6.93,11,644.0,27.02,-2.1313,-1.4182,0.7251,1,1,0,5,1,-0.4314
42.63,12,2985.96,9.71,2,7.48,26,1.58,15,669.0,13.59,-1.5885,-0.8199,-0.418,1,1,0,8,1,-0.4038
467.69,4,142440.58,33.73,1,0.22,56,3.53,84,767.0,1.04,3.7804,-2.3637,-0.7764,2,2,1,2,-1,-0.5625
18.22,17,1689.7,0.08,2,9.44,27,0.88,12,662.0,24.03,-2.3618,-0.5854,-0.1592,1,1,0,0,1,-0.4145
689.22,4,58364.32,16.98,9,14.8,18,0.13,22,661.0,50.36,-0.1843,2.7957,0.4778,0,0,0,9,1,-0.5242
6.15,12,2500.8,1.49,2,4.19,20,1.36,17,603.0,38.46,-2.5373,-0.6243,0.836,1,1,0,0,1,-0.4244
31.33,14,1917.52,0.42,3,8.07,31,3.14,15,647.0,34.97,-2.0596,-0.158,0.2198,1,1,0,0,1,-0.4011
38.77,13,2457.79,0.29,6,7.35,18,5.18,13,556.0,25.24,-2.6707,0.4386,0.1968,1,1,0,8,1,-0.4508
16.1,22,2801.5,2.38,1,3.74,26,2.54,5,507.0,6.96,-3.3977,-1.8369,0.0351,1,1,0,0,1,-0.495
2080.79,3,137002.75,1.22,1,1.01,43,11.39,67,759.0,0.2,3.6443,-2.2148,0.7335,2,2,1,2,1,-0.53
112.04,3,81220.04,18.73,12,13.43,18,12.8,30,706.0,34.81,0.886,3.0769,0.2975,0,0,0,9,-1,-0.571
628.8,11,19543.05,0.4,4,8.46,38,0.21,20,646.0,20.69,-0.9203,-0.2169,-0.4591,1,0,0,7,1,-0.4559
1465.45,5,51425.09,12.36,4,12.52,37,3.21,1,680.0,71.1,0.1984,1.8787,2.0652,0,0,0,9,-1,-0.5662
55.29,9,1455.9,2.96,2,1.61,28,2.91,20,664.0,29.8,-1.5357,-1.1058,0.4138,1,1,0,0,1,-0.4074
21.22,17,2646.38,9.4,3,6.0,26,4.48,5,649.0,25.35,-2.242,-0.5439,0.2513,1,1,0,5,1,-0.4158
16.25,7,2007.9,0.76,2,7.79,38,2.11,22,665.0,31.88,-1.1941,-0.3681,-0.1271,1,1,0,0,1,-0.4202
290.73,11,14659.03,15.23,7,6.95,43,0.12,31,776.0,4.22,0.3484,-0.1865,-1.9967,0,0,0,1,1,-0.4602
1556.32,3,47608.96,3.81,5,12.92,28,44.17,17,627.0,51.55,0.8362,1.9532,2.6833,0,0,0,4,-1,-0.5699
548.14,4,101467.67,16.83,2,2.15,50,2.49,46,782.0,10.33,2.5723,-1.6301,-0.355,2,2,1,2,1,-0.4983
305.05,13,8998.75,20.48,5,8.75,36,0.45,37,735.0,14.27,-0.1081,-0.1719,-1.2614,0,0,0,1,1,-0.4482
12.95,16,3476.27,0.24,1,5.57,26,0.79,8,610.0,37.19,-2.816,-0.8582,0.7272,1,1,0,0,1,-0.4294
96.33,7,25055.94,10.09,5,5.46,47,0.59,29,754.0,14.86,0.3274,-0.4774,-1.3578,0,0,0,1,1,-0.4489
953.83,4,130869.16,0.23,3,3.68,45,16.61,51,782.0,12.93,3.1176,-1.0727,0.9439,2,2,1,2,1,-0.5253
330.65,7,13406.93,12.73,11,,41,2.06,35,739.0,10.81,0.4582,1.1436,-2.0645,0,0,0,1,1,-0.4646
27.96,10,2797.81,0.51,1,1.39,26,1.73,8,749.0,27.33,-1.5179,-1.4752,0.3709,1,1,0,0,1,-0.4495
371.94,11,21224.19,32.47,5,10.7,48,7.93,42,755.0,9.83,1.3775,0.1119,-1.2519,0,0,0,1,1,-0.4749
21.95,20,1852.44,11.92,1,2.86,50,0.81,9,540.0,6.25,-2.3004,-2.0202,-0.8182,1,1,0,5,1,-0.5187
23.53,20,1608.81,10.89,2,4.14,34,0.28,15,626.0,26.96,-2.3471,-1.1902,-0.0378,1,1,0,5,1,-0.4233
8726.37,5,34508.79,3.8,11,21.81,33,7.99,10,761.0,96.36,0.6621,4.5107,1.1399,0,0,0,9,-1,-0.6251
135.72,10,7875.9,16.05,4,6.13,36,13.13,32,749.0,16.89,0.33,-0.379,-0.0984,0,0,0,7,1,-0.4325
1939.03,0,72660.5,41.34,1,4.54,55,2.37,35,790.0,5.55,3.726,-1.2878,-0.3829,2,2,1,2,1,-0.536
26.39,19,1689.99,2.13,6,6.11,41,0.94,12,660.0,47.32,-2.2735,0.3419,-0.0509,1,1,0,0,1,-0.4439
5.75,16,2198.68,11.63,1,1.85,33,0.31,17,626.0,20.65,-2.013,-1.7003,-0.0493,1,1,0,5,1,-0.4345
6.66,17,3977.74,3.55,3,6.59,29,0.08,14,743.0,7.81,-1.6098,-1.1445,-0.9931,1,1,0,0,1,-0.4249
9.8,13,2239.13,2.3,4,7.49,44,3.06,8,599.0,37.61,-2.047,0.1124,-0.0372,1,1,0,0,1,-0.4369
160.11,8,16907.13,0.05,9,9.95,46,0.77,48,725.0,1.3,0.3617,0.4549,-2.559,0,0,0,3,1,-0.4738
31.58,15,1460.41,0.44,3,3.99,45,9.8,24,546.0,10.49,-1.6541,-1.1908,-0.2727,1,1,0,8,1,-0.4896
24.43,18,2218.28,3.29,5,7.14,30,1.8,11,,12.6,-1.9234,-0.4742,-0.9031,1,1,0,0,1,-0.415
320.77,11,17841.95,3.57,5,7.1,18,9.28,24,684.0,12.48,-0.8657,-0.1248,0.132,1,1,0,3,1,-0.4393
205.01,5,65224.17,1.5,8,11.26,27,7.12,20,742.0,27.32,0.2664,1.4349,-0.0737,0,0,0,9,1,-0.4836
16.33,13,3076.8,1.49,2,4.49,24,0.57,16,600.0,48.22,-2.6431,-0.423,1.0293,1,1,0,0,1,-0.4172
49.19,17,837.52,3.82,3,5.82,34,2.57,9,658.0,31.36,-2.1638,-0.5765,0.0871,1,1,0,0,1,-0.4046
26.52,17,2753.0,4.96,2,7.42,32,2.66,13,690.0,11.61,-1.7459,-1.1025,-0.5728,1,1,0,0,1,-0.4009
1006.15,2,116571.8,1.9,3,1.43,36,68.99,21,784.0,4.37,2.7087,-1.1763,1.4082,2,2,1,6,-1,-0.5509
13.99,12,246.27,2.2,3,8.77,38,0.83,13,678.0,25.41,-1.6093,-0.3059,-0.5753,1,1,0,0,1,-0.4103
2280.58,1,115693.55,91.42,2,0.53,46,14.61,100,790.0,12.97,5.1315,-1.4266,1.0408,2,2,1,2,1,-0.5368
147.26,9,9263.01,12.17,5,14.52,24,4.84,17,742.0,22.44,-0.6793,1.0043,-0.5209,0,0,0,1,1,-0.4403
48.46,19,1521.55,0.31,6,2.33,24,13.08,5,708.0,57.89,-2.2175,0.4145,1.8028,1,1,0,8,1,-0.5154
7.72,17,1277.26,11.18,6,4.14,31,1.68,12,671.0,52.64,-2.1829,0.4347,0.4903,1,1,0,5,1,-0.4354
17.32,19,2479.56,0.06,5,0.83,25,1.05,18,610.0,35.24,-2.8089,-0.7023,0.3484,1,1,0,0,1,-0.4374
159.05,8,16135.89,1.89,5,11.62,50,7.51,30,719.0,16.63,0.2201,0.3037,-1.0932,0,0,0,3,1,-0.4213
9.73,11,3548.97,0.32,2,1.73,36,2.08,17,635.0,17.23,-1.6666,-1.4921,-0.2434,1,1,0,0,1,-0.4249
1585.69,6,33464.02,12.01,9,23.61,45,30.66,25,683.0,56.94,1.5849,3.7755,1.3211,0,0,0,4,-1,-0.5834
254.99,4,62967.16,13.92,3,18.16,33,4.8,40,722.0,61.95,0.6287,1.8791,1.0472,0,0,0,9,1,-0.528
14.17,10,2320.31,0.74,1,4.49,32,2.4,15,634.0,12.15,-1.6913,-1.434,-0.2798,1,1,0,0,1,-0.4162
25.98,18,3185.93,9.47,5,3.87,28,0.58,10,732.0,48.5,-2.0507,-0.0043,0.4227,1,1,0,5,1,-0.4493
607.79,11,15117.77,17.67,7,,29,6.47,28,696.0,20.32,-0.1102,0.5873,-0.3235,0,0,0,7,1,-0.4322
2465.6,2,68715.66,17.67,10,21.17,26,4.16,28,758.0,21.6,2.0463,3.1036,-0.5738,0,0,-1,9,-1,-0.599
12.69,16,2424.26,0.41,3,6.89,27,1.74,3,719.0,37.91,-2.2362,-0.2813,0.342,1,1,0,0,1,-0.4306
4107.39,5,58468.37,0.3,7,21.45,24,1.48,30,660.0,12.43,0.7234,2.0456,-0.5701,0,0,-1,9,-1,-0.5714
1681.68,10,86330.55,30.95,1,1.31,46,18.92,38,809.0,18.81,3.5188,-1.5002,1.7738,2,2,1,2,-1,-0.5614
182.67,7,14520.28,15.97,8,8.25,20,2.32,27,702.0,11.38,-0.5011,0.7471,-1.0598,0,0,0,1,1,-0.452
2275.58,7,40892.19,2.32,11,23.43,21,10.81,15,,47.98,0.3653,3.9582,0.8669,0,0,0,9,-1,-0.5924
2307.18,2,99841.75,3.47,3,3.68,61,7.41,60,736.0,2.15,3.7251,-1.4527,-0.3091,2,2,1,2,1,-0.5292
305.08,5,12523.93,2.96,6,7.33,34,12.84,30,677.0,29.07,-0.0414,0.6396,0.3196,0,0,0,3,1,-0.4307
259.56,5,44181.47,6.51,16,11.08,45,1.89,41,670.0,27.71,0.4698,2.1334,-1.5689,0,0,0,9,1,-0.5084
6.4,12,2806.29,16.14,4,7.02,37,0.27,19,641.0,18.67,-1.3455,-0.3363,-0.8684,1,1,0,5,1,-0.4348
1155.04,7,80339.12,36.03,8,17.97,40,0.34,13,682.0,43.89,1.2245,2.7644,0.043,0,0,0,9,-1,-0.5765
1100.03,6,47708.13,40.69,12,19.89,25,0.15,6,719.0,25.13,0.8227,3.6368,-1.0965,0,0,-1,9,-1,-0.6025
584.38,9,9314.59,2.43,6,6.73,33,2.65,60,697.0,9.13,0.2745,-0.3601,-1.1763,0,0,0,3,1,-0.4708
3207.41,2,91456.13,13.73,1,2.34,44,37.97,73,807.0,11.94,4.4707,-1.5967,1.4253,2,2,1,6,1,-0.518
215.4,3,46909.87,3.99,6,19.98,43,24.93,27,702.0,23.63,1.1667,2.1048,0.0502,0,0,0,4,1,-0.5145
797.1,4,141984.32,2.59,1,1.63,63,0.06,60,675.0,2.27,2.4874,-2.3237,-0.7585,2,2,1,2,-1,-0.5787
368.43,9,16076.84,17.31,4,8.49,45,1.45,24,676.0,5.81,-0.0203,-0.4326,-1.3497,0,0,0,1,1,-0.4312
23.42,24,1912.0,1.99,1,7.52,27,0.84,4,607.0,16.2,-3.1934,-1.3446,-0.0719,1,1,0,0,1,-0.488
1501.14,11,57357.49,1.76,9,13.74,60,2.93,24,695.0,25.77,1.2565,1.5306,-0.9246,0,0,-1,9,-1,-0.552
2378.34,1,94469.64,43.75,4,1.98,58,14.69,43,753.0,16.85,4.3871,-0.5382,0.7425,2,2,1,2,1,-0.5401
259.1,8,12505.97,17.13,6,10.48,43,19.16,34,673.0,41.13,0.5017,1.3261,0.7805,0,0,0,7,1,-0.4702
6.36,10,1658.7,4.43,1,3.88,46,0.11,11,703.0,40.68,-1.3111,-0.9638,0.1136,1,1,0,0,1,-0.4458
2816.06,4,146443.44,22.22,3,3.78,37,24.11,41,774.0,2.9,3.8115,-0.9297,1.35,2,2,1,6,1,-0.5046
213.08,9,9230.55,28.78,8,6.87,55,14.44,30,717.0,6.35,1.226,0.457,-1.3324,0,0,0,7,1,-0.4792
115.44,16,1454.14,9.59,5,4.92,23,0.55,14,613.0,85.41,-2.8145,0.8871,1.6123,1,1,0,8,1,-0.4701
1585.52,6,156663.39,11.14,1,3.26,32,29.54,20,758.0,14.61,2.6645,-1.1635,2.3563,2,2,1,6,1,-0.5446
172.4,8,8301.23,41.58,3,11.76,41,1.41,11,723.0,15.09,0.123,0.214,-1.1125,0,0,0,1,1,-0.4775
473.14,2,46929.21,25.94,7,21.8,31,31.87,30,726.0,34.2,1.7046,3.0112,0.587,0,0,0,4,1,-0.5257
776.42,22,1047.92,2.98,1,6.71,31,1.27,15,671.0,86.23,-2.3375,-0.128,2.1125,1,1,0,7,1,-0.5217
178.67,10,16322.29,22.94,3,6.24,59,7.76,23,732.0,5.61,0.8141,-0.9503,-1.2399,0,0,0,1,1,-0.4624
305.9,9,9557.25,8.9,4,12.93,51,9.99,22,712.0,18.34,0.2498,0.3879,-0.7356,0,0,0,3,1,-0.4294
1073.53,3,92697.72,52.6,4,2.23,39,1.65,84,755.0,3.33,3.6693,-1.1998,-0.6372,2,2,1,2,-1,-0.5519
2423.78,4,132844.69,16.76,2,1.57,48,10.86,76,817.0,7.79,4.4754,-1.7901,0.5089,2,2,1,2,1,-0.5249
13.28,7,3070.45,9.27,3,3.25,34,2.06,18,656.0,61.7,-1.5116,0.1394,1.1325,1,1,0,5,1,-0.4402
20.8,8,509.6,7.32,3,1.24,36,0.6,17,611.0,10.56,-1.4652,-1.3214,-0.6942,1,1,0,5,1,-0.4393
351.17,8,15286.45,6.71,4,12.99,52,1.33,36,726.0,18.72,0.3829,0.187,-1.4285,0,0,0,3,1,-0.4277
86.6,10,17026.43,1.91,4,10.35,42,15.74,37,674.0,12.68,0.0939,-0.0668,-0.2352,0,0,0,3,1,-0.4526
342.02,16,23939.35,1.44,4,13.07,31,0.03,13,731.0,5.08,-1.0872,-0.1967,-1.2055,1,1,0,1,1,-0.4908
175.37,3,40796.74,11.57,11,24.75,52,2.27,19,693.0,29.38,0.5184,3.3518,-1.9549,0,0,0,9,1,-0.5374
2877.58,2,109182.57,0.91,1,1.05,51,2.39,71,824.0,25.74,3.7415,-1.8472,0.6364,2,2,1,2,-1,-0.5682
225.38,5,18222.13,12.03,3,7.02,47,13.55,34,738.0,20.37,1.0123,-0.3507,-0.0434,0,0,0,7,1,-0.4314
22.21,12,1361.66,15.8,4,2.06,30,0.21,19,642.0,34.99,-1.7074,-0.5029,0.0968,1,1,0,5,1,-0.4319
59.33,11,2949.45,1.91,3,2.54,28,1.54,15,676.0,50.45,-1.9399,-0.3671,0.9223,1,1,0,0,1,-0.4053
190.62,8,26256.59,9.53,6,7.94,47,2.55,43,709.0,4.73,0.5532,-0.245,-1.7585,0,0,0,1,1,-0.4297
169.76,5,43537.84,16.57,5,14.63,63,9.31,30,723.0,49.96,1.2286,1.5844,-0.089,0,0,0,9,1,-0.4917
355.54,6,26881.28,33.69,4,5.33,47,4.43,30,774.0,11.54,1.4435,-0.5257,-1.0169,0,0,0,1,1,-0.4622
52.47,9,1767.25,11.58,5,8.29,23,3.07,9,627.0,41.8,-1.9497,0.8363,0.4586,1,1,0,8,1,-0.4365
49.99,14,3686.01,8.31,4,6.52,28,0.51,1,679.0,33.31,-2.1219,-0.0526,0.0358,1,1,0,8,1,-0.4292
36.9,15,3073.04,3.08,1,8.52,35,1.69,17,586.0,6.68,-2.0623,-1.2344,-0.6766,1,1,0,0,1,-0.437
24.88,10,2139.22,1.35,4,1.28,20,1.74,18,600.0,34.28,-2.3317,-0.5409,0.5849,1,1,0,0,1,-0.4279
1779.09,3,77866.45,7.48,3,0.82,30,58.28,83,778.0,0.3,3.792,-1.5924,1.136,2,2,1,6,-1,-0.5555
65.52,17,1651.09,2.97,3,6.36,26,1.26,5,626.0,3.61,-2.4284,-1.086,-0.7089,1,1,0,0,1,-0.4293
867.5,4,44676.99,44.73,4,13.24,50,0.36,13,787.0,44.72,1.6593,1.3107,-0.0962,0,0,-1,9,1,-0.5477
330.24,6,17695.18,23.43,8,7.41,42,1.22,58,698.0,27.48,0.8539,0.7933,-1.2422,0,0,0,1,1,-0.4736
921.48,1,65919.85,19.19,1,1.45,63,7.12,72,812.0,11.03,3.8768,-1.9581,-0.5081,2,2,1,2,1,-0.5372
1535.56,5,81834.48,8.54,3,2.83,49,51.08,49,801.0,8.99,3.6964,-1.1739,1.023,2,2,1,6,1,-0.519
170.97,9,18310.87,0.94,2,6.39,61,4.62,21,695.0,23.5,-0.0884,-0.9102,-0.6496,0,0,0,3,1,-0.4483
43.7,12,2725.55,9.31,3,9.89,21,4.02,11,700.0,17.52,-1.5537,-0.1568,-0.2128,1,1,0,8,1,-0.4247
484.27,3,24948.14,8.3,10,18.5,44,2.05,36,759.0,63.19,0.6363,3.4384,-0.4838,0,0,0,9,-1,-0.551
18.43,4,1929.88,4.53,2,0.33,24,0.43,11,685.0,18.05,-1.3562,-1.3292,-0.0366,1,1,0,0,1,-0.4465
534.39,6,49312.79,14.5,5,22.32,34,12.29,24,573.0,51.08,-0.1265,2.7526,1.1737,0,0,0,9,1,-0.531
316.39,6,15950.74,1.38,3,9.63,50,10.88,55,705.0,19.62,0.9644,-0.3324,-0.483,0,0,0,3,1,-0.4737
658.32,5,15502.26,0.21,4,11.3,42,2.75,16,706.0,18.33,-0.0507,0.2524,-0.6931,0,0,0,7,1,-0.4383
16.04,15,1482.72,0.02,1,2.88,23,8.29,14,687.0,41.44,-2.0388,-1.0108,1.4366,1,1,0,5,1,-0.4437
221.54,9,11406.17,9.75,6,14.52,51,2.82,26,806.0,19.77,0.5394,0.8561,-1.7222,0,0,0,1,1,-0.4522
16.93,13,2113.23,5.38,3,1.15,31,6.12,8,665.0,1.21,-1.5197,-1.6094,-0.4838,1,1,0,5,1,-0.4269
42.14,16,2085.7,2.64,2,3.07,18,2.41,13,716.0,30.07,-2.1464,-1.1132,0.5845,1,1,0,0,1,-0.4229
57.15,16,3924.6,0.65,4,6.79,24,6.17,12,695.0,57.38,-2.1959,0.4392,1.3323,1,1,0,8,1,-0.4419
46.15,11,54.52,0.33,1,4.46,21,2.49,15,589.0,10.87,-2.2953,-1.3984,0.0559,1,1,0,0,1,-0.4423
2135.17,1,117615.39,0.17,3,4.43,55,11.9,93,776.0,11.73,4.3311,-1.1756,0.3662,2,2,1,2,1,-0.5473
214.02,5,15987.21,20.94,3,13.42,29,0.6,37,693.0,10.89,0.0748,0.185,-1.0814,0,0,0,1,1,-0.4486
32.39,22,820.87,0.68,5,2.8,19,0.75,22,574.0,34.46,-3.2817,-0.5453,0.4185,1,1,0,0,1,-0.4821
278.34,7,22175.39,28.84,3,,31,5.88,21,635.0,6.76,-0.1107,-0.3565,-0.4065,0,0,0,1,1,-0.4585
11.0,13,2739.34,5.78,1,2.52,18,1.41,8,695.0,14.64,-2.0184,-1.6072,0.147,1,1,0,5,1,-0.4279
133.44,9,20722.11,0.95,4,13.16,47,6.49,23,648.0,14.79,-0.4743,0.2727,-0.9055,0,0,0,3,1,-0.438
21.53,17,2330.91,1.18,2,1.41,29,3.96,14,707.0,19.16,-1.8393,-1.6474,0.0858,1,1,0,0,1,-0.4193
404.83,5,33700.33,9.93,7,19.0,56,0.09,10,604.0,62.97,-0.5845,2.9308,-0.1639,0,0,0,9,1,-0.5473
116.33,11,11451.44,13.79,5,12.29,44,16.31,26,786.0,0.76,0.8513,0.1502,-1.0303,0,0,0,7,1,-0.4755
19.37,14,2066.55,6.69,1,3.27,18,0.54,16,735.0,32.0,-1.8786,-1.2348,0.5568,1,1,0,5,1,-0.4405
79.37,8,7244.68,22.64,2,10.04,38,2.68,42,703.0,26.66,0.0236,-0.2198,-0.5185,0,0,0,1,1,-0.4403
19.05,15,3095.71,18.7,10,6.66,18,2.49,1,625.0,21.96,-2.3071,1.2468,-0.6456,1,1,0,5,1,-0.5087
20.39,14,2903.47,9.0,3,8.19,35,0.21,13,699.0,41.09,-1.69,-0.0312,0.0269,1,1,0,5,1,-0.4008
365.47,7,15962.9,5.95,5,5.38,59,7.4,44,707.0,42.22,0.7123,0.1099,-0.1626,0,0,0,3,1,-0.459
468.32,6,38714.1,28.24,10,14.22,22,6.31,30,690.0,36.81,0.356,2.6659,-0.1224,0,0,0,9,1,-0.5089
1956.44,2,103299.73,22.44,3,0.25,50,7.62,50,848.0,14.72,4.2034,-1.3751,0.4664,2,2,1,2,1,-0.5403
11.98,20,2438.2,0.88,2,2.1,18,8.04,21,720.0,26.14,-2.0195,-1.4324,0.8435,1,1,0,5,1,-0.4543
7.13,9,2887.78,5.25,1,2.84,30,4.58,9,702.0,13.09,-1.2391,-1.5119,-0.0486,1,1,0,5,1,-0.4261
1197.34,3,61293.7,3.07,5,17.57,30,0.0,31,745.0,40.93,0.9919,1.7374,0.2781,0,0,0,9,1,-0.5332
84.84,12,2094.05,2.27,3,2.42,31,11.4,9,669.0,37.26,-1.5331,-0.5433,1.1517,1,1,0,8,1,-0.4407
1519.82,5,130763.05,13.78,2,1.41,39,27.19,60,814.0,5.56,4.1463,-1.634,1.4313,2,2,1,6,1,-0.5243
111.35,8,13199.85,0.71,5,14.75,58,0.93,33,755.0,4.7,0.4369,0.1913,-2.4602,0,0,0,3,1,-0.461
26.04,18,2468.99,5.97,2,8.42,25,1.53,18,644.0,28.35,-2.3317,-0.5895,0.1315,1,1,0,5,1,-0.405
918.91,6,67508.96,7.73,11,23.9,34,3.45,6,816.0,24.97,1.1296,3.2346,-1.087,0,0,0,9,-1,-0.5839
328.72,14,19988.54,17.5,1,13.77,35,5.93,40,645.0,13.38,-0.3383,-0.428,-0.3528,0,0,0,1,1,-0.483
11.34,22,2852.45,8.36,2,7.59,29,0.05,20,678.0,36.41,-2.3583,-0.6997,0.1759,1,1,0,5,1,-0.434
238.11,8,9745.46,10.46,6,10.67,39,0.89,28,681.0,15.91,-0.4159,0.4863,-1.3378,0,0,0,1,1,-0.416
756.44,6,54064.28,15.46,9,14.44,20,4.49,19,,42.67,0.0986,2.5423,0.451,0,0,0,9,1,-0.5058
17.17,13,1367.47,9.2,3,5.81,31,0.83,24,665.0,27.34,-1.5706,-0.5988,-0.2433,1,1,0,5,1,-0.3958
408.59,10,12987.8,136.8,3,12.12,49,10.1,38,707.0,23.7,1.165,0.3336,-0.397,0,0,0,7,1,-0.4728
719.86,4,73794.01,22.46,4,0.56,32,12.03,76,813.0,8.58,3.2202,-1.2902,0.2095,2,2,1,2,1,-0.5465
25.15,19,2130.7,5.74,1,5.3,37,0.64,14,606.0,8.23,-2.2575,-1.7142,-0.6351,1,1,0,0,1,-0.438
12.88,18,1339.49,9.36,3,2.07,18,8.22,3,590.0,11.07,-2.635,-1.2065,0.491,1,1,0,5,1,-0.4667
204.99,10,19201.75,14.19,5,13.49,37,3.91,34,770.0,6.93,0.394,0.2901,-1.5021,0,0,0,1,1,-0.4408
4020.93,5,110643.43,9.77,2,4.07,51,58.91,50,784.0,14.41,3.9569,-1.1348,1.4448,2,2,1,6,1,-0.5082
119.44,8,13200.15,5.84,6,7.45,61,17.63,41,713.0,10.5,1.1974,-0.0417,-0.9333,0,0,0,3,1,-0.4655
3737.7,5,28073.38,26.78,6,13.68,26,21.21,3,599.0,10.69,0.8794,1.5708,1.085,0,0,-1,4,-1,-0.5899
55.0,15,10798.96,2.5,6,13.85,54,16.31,41,704.0,6.59,0.3473,0.3878,-1.2421,0,0,0,3,1,-0.4951
33.79,10,1806.76,3.49,2,4.69,36,1.57,9,617.0,30.26,-1.9218,-0.7268,0.1303,1,1,0,0,1,-0.4139
1639.76,6,59952.09,119.18,2,2.22,56,88.95,55,812.0,14.17,4.3776,-1.2056,0.9032,2,2,1,6,-1,-0.5528
377.82,5,61628.69,26.48,12,23.14,22,9.89,37,739.0,68.38,0.9102,4.6842,0.7186,0,0,0,9,-1,-0.6185
30.3,16,1075.7,7.14,1,8.18,40,1.71,7,605.0,33.86,-2.279,-0.6289,0.1818,1,1,0,5,1,-0.4532
1728.95,7,54946.85,2.37,5,18.18,31,16.21,17,712.0,26.13,1.2743,1.6928,1.1558,0,0,0,9,-1,-0.5545
273.45,19,7999.56,1.15,5,11.11,45,2.87,38,761.0,19.36,-0.5103,-0.1781,-1.2577,0,0,0,3,1,-0.4639
1698.46,4,47324.68,1.71,8,13.13,29,1.24,32,750.0,70.42,0.798,2.5707,1.3122,0,0,0,9,-1,-0.558
1321.28,10,63209.52,21.29,7,22.21,41,6.66,13,699.0,27.34,1.1544,2.4383,-0.172,0,0,0,9,-1,-0.5564
7.95,27,1664.6,4.36,4,0.23,22,0.82,9,648.0,51.37,-3.4823,-0.8197,1.1431,1,1,0,0,1,-0.4945
479.68,10,21156.88,3.73,7,6.65,46,10.09,23,696.0,19.22,0.132,0.3148,-0.4734,0,0,0,3,1,-0.4453
143.74,9,13022.63,5.88,7,8.64,45,0.52,34,790.0,35.95,0.0712,0.698,-1.076,0,0,0,1,1,-0.4488
3755.96,3,121663.42,29.57,4,3.28,51,22.14,62,771.0,9.91,4.7553,-0.71,0.9722,2,2,1,6,1,-0.5195
2213.77,4,46300.46,6.44,10,15.87,51,7.91,20,621.0,55.21,0.9637,3.1808,0.5685,0,0,0,9,-1,-0.5775
28.23,14,1164.42,4.53,1,8.96,18,0.02,11,747.0,60.0,-2.2217,0.0783,1.2957,1,1,0,0,1,-0.4807
182.02,11,17267.66,1.15,5,7.01,29,13.63,44,722.0,10.95,0.0695,-0.3443,-0.1538,0,0,0,3,1,-0.458
2056.17,2,119496.9,38.97,1,3.67,48,74.31,54,,8.71,4.3745,-1.1386,1.5117,2,2,1,6,1,-0.5258
1037.13,2,74021.38,1.83,3,0.09,46,15.35,83,789.0,2.19,3.5904,-1.8357,0.194,2,2,1,2,1,-0.5497
359.35,3,15928.03,11.65,4,12.09,47,2.63,32,760.0,16.76,0.8891,0.2871,-1.2803,0,0,0,3,1,-0.4371
5084.51,1,112169.46,19.08,2,3.01,55,6.55,47,832.0,5.3,4.2639,-1.5069,0.0019,2,2,1,2,1,-0.521
2735.62,2,77139.16,20.14,2,4.8,47,7.15,72,753.0,7.47,3.726,-1.2836,0.017,2,2,1,2,1,-0.4917
27.25,13,2567.7,15.7,3,4.84,28,10.78,11,716.0,7.13,-0.8568,-0.925,-0.1159,1,1,0,8,1,-0.449
23.28,14,2924.13,0.03,4,7.38,24,4.44,15,553.0,21.51,-2.5835,-0.1905,0.0857,1,1,0,5,1,-0.4283
16.41,13,1476.5,10.88,3,6.15,18,9.95,15,716.0,9.65,-1.2217,-0.7292,0.1008,1,1,0,8,1,-0.4427
1079.25,3,101621.4,30.49,1,,46,0.68,18,764.0,13.42,2.4738,-0.7721,0.0508,2,2,1,2,1,-0.5379
19.06,14,1610.3,11.4,2,2.47,33,4.73,13,591.0,51.27,-2.2375,-0.5062,1.2892,1,1,0,5,1,-0.4268
2591.82,9,73015.56,1.89,7,23.52,31,0.03,12,637.0,24.8,0.1873,2.2733,-0.156,0,0,0,9,-1,-0.5921
238.99,8,16066.14,16.12,8,8.91,39,3.81,34,781.0,13.28,0.6204,0.6427,-1.5556,0,0,0,1,1,-0.4466
13.74,12,1597.18,7.12,3,2.17,18,0.08,12,679.0,50.11,-2.3063,-0.3579,1.0673,1,1,0,5,1,-0.4278
1483.09,4,82772.88,32.59,2,0.63,52,20.35,32,788.0,10.93,3.9051,-1.2935,1.2878,2,2,1,6,1,-0.5246
72.95,16,2989.95,0.57,3,5.35,36,1.22,12,651.0,47.6,-2.2602,-0.293,0.5533,1,1,0,8,1,-0.4136
123.39,7,67071.4,5.25,7,21.59,35,1.21,17,666.0,59.72,-0.6112,3.0661,0.2536,0,0,0,9,1,-0.5381
228.14,9,16252.7,7.75,2,8.68,54,0.47,48,712.0,34.19,0.2633,-0.5294,-0.6738,0,0,0,3,1,-0.4392
11.47,12,3449.98,9.31,2,8.4,40,5.66,9,680.0,52.38,-1.4839,0.1886,0.8515,1,1,0,5,1,-0.4445
63.88,7,17091.55,0.71,4,14.67,28,4.84,36,762.0,34.52,-0.2917,0.8882,-0.2035,0,0,0,3,1,-0.454
14.13,12,3074.19,6.87,3,6.98,31,11.69,5,667.0,27.5,-1.4428,-0.1694,0.6325,1,1,0,8,1,-0.4331
48.1,17,2036.84,4.96,6,0.48,27,3.32,15,612.0,37.74,-2.4638,-0.312,0.4498,1,1,0,0,1,-0.4418
1112.16,3,61448.08,13.32,13,23.69,39,14.19,16,751.0,48.58,1.7396,4.2912,0.3417,0,0,0,9,-1,-0.5997
80.32,10,1819.51,14.95,3,5.74,28,,3,523.0,19.58,-2.1356,-0.2837,0.4017,1,1,0,8,1,-0.4843
137.55,8,11496.39,5.53,3,8.05,34,2.86,50,,17.28,-0.141,-0.6012,-0.7258,0,0,0,3,1,-0.4265
12.05,18,3682.12,0.48,1,3.02,26,1.24,18,669.0,7.47,-2.1343,-2.0121,-0.3429,1,1,0,0,1,-0.4411
277.43,2,36473.64,38.61,8,20.01,38,0.32,17,688.0,41.9,0.544,3.1157,-0.8564,0,0,0,9,1,-0.5299
838.64,7,19952.27,1.35,4,14.98,50,5.67,65,793.0,7.01,1.9344,0.006,-1.5777,0,0,0,7,1,-0.5261
2824.35,3,106135.63,5.76,3,4.02,55,16.59,54,789.0,1.39,4.1973,-1.2815,0.4786,2,2,1,2,1,-0.514
527.91,4,41550.33,1.87,9,10.81,27,0.35,28,714.0,74.04,-0.4093,2.6254,0.9596,0,0,0,9,1,-0.5205
201.96,12,8732.38,13.58,5,7.53,26,6.47,24,690.0,39.94,-1.0295,0.5164,0.5232,1,1,0,7,1,-0.4223
266.98,4,30331.97,16.84,7,17.8,49,2.47,31,723.0,28.75,0.8012,1.9382,-1.4005,0,0,0,9,1,-0.464
13.01,15,4016.63,4.84,1,6.42,37,0.06,14,701.0,30.65,-1.6936,-1.025,-0.084,1,1,0,0,1,-0.4125
25.13,13,1854.07,10.97,3,5.28,21,2.25,15,734.0,18.85,-1.4429,-0.766,-0.1995,1,1,0,5,1,-0.4165
112.2,12,15928.76,12.24,2,12.17,30,10.24,37,731.0,26.64,-0.176,-0.0225,0.26,0,0,0,1,1,-0.4348
1321.92,2,149635.85,25.05,3,3.81,55,4.69,68,804.0,10.55,4.3132,-1.1868,-0.3049,2,2,1,2,1,-0.5191
31.46,22,3517.54,4.38,1,5.9,41,5.22,17,626.0,2.1,-1.9399,-1.8854,-0.6772,1,1,0,8,1,-0.4695
159.44,11,1702.45,4.64,2,3.96,35,2.72,18,645.0,58.49,-1.7775,-0.2299,1.2338,1,1,0,8,1,-0.4451
65.15,14,21046.01,40.25,6,10.85,49,4.91,22,700.0,24.93,0.1786,0.7662,-1.0234,0,0,0,1,1,-0.485
28.65,23,1249.11,7.96,13,0.75,29,2.91,12,721.0,47.55,-2.276,1.0452,-0.1899,1,1,-1,5,1,-0.5322
143.2,11,1570.74,6.98,5,3.65,38,0.77,6,638.0,22.56,-1.6649,-0.3701,-0.5505,1,1,0,8,1,-0.4311
2008.88,2,55913.64,11.33,2,3.04,49,,62,788.0,5.14,3.3421,-1.5866,-0.1773,2,2,1,2,1,-0.5177
158.19,12,1908.39,17.87,1,9.35,29,0.23,14,604.0,24.03,-1.793,-0.4924,-0.0363,1,1,0,8,1,-0.4543
10.99,18,1990.02,2.6,2,2.23,18,1.85,8,627.0,20.21,-2.8356,-1.4146,0.3947,1,1,0,0,1,-0.4318
17.8,9,1295.24,0.59,7,4.06,18,12.8,6,615.0,34.88,-2.0055,0.7457,1.0203,1,1,0,5,1,-0.4915
27.54,15,2578.84,1.24,2,0.43,42,,15,625.0,8.94,-1.5626,-1.8991,-0.2308,1,1,0,5,1,-0.4508
1539.15,5,127252.38,33.06,1,2.73,44,,46,791.0,12.38,3.7154,-1.5072,0.7925,2,2,1,2,1,-0.5014
10.97,14,2729.49,4.07,4,2.35,28,5.48,7,602.0,34.69,-2.3818,-0.4441,0.6855,1,1,0,5,1,-0.4156
21.02,11,2293.69,1.82,2,3.99,40,3.81,10,628.0,10.19,-1.5673,-1.3266,-0.5203,1,1,0,5,1,-0.4182
317.85,8,10558.71,6.48,8,8.66,29,0.13,28,675.0,18.77,-0.7808,0.7928,-1.124,0,0,0,3,1,-0.4218
37.11,7,2691.91,1.29,5,1.32,24,12.97,4,671.0,52.44,-1.5779,0.3821,1.7869,1,1,0,8,1,-0.4914
341.19,11,19353.12,18.01,8,9.38,40,0.65,38,724.0,17.25,0.1956,0.6774,-1.5432,0,0,0,1,1,-0.4504
733.46,8,11387.6,0.13,6,8.36,43,11.21,41,699.0,22.07,0.568,0.3318,-0.2282,0,0,0,7,1,-0.4582
25.71,9,1958.14,16.57,4,0.49,18,0.42,12,710.0,36.44,-1.5669,-0.4883,0.4811,1,1,0,5,1,-0.4582
3573.43,0,39083.96,82.39,5,3.89,40,7.81,58,787.0,13.64,3.5627,-0.2155,-0.1483,2,2,1,2,-1,-0.5504
16.2,20,3489.84,4.25,2,7.1,40,5.36,1,608.0,48.38,-2.6694,-0.2621,0.9496,1,1,0,5,1,-0.4645
43.73,17,2117.9,7.99,3,3.22,34,,9,727.0,35.1,-1.5239,-0.7484,0.5525,1,1,0,8,1,-0.4303
23.53,23,1653.4,2.02,5,6.54,32,1.34,12,744.0,16.62,-2.0265,-0.6896,-0.8861,1,1,0,0,1,-0.4569
309.91,17,18672.27,34.74,5,9.61,33,11.01,36,753.0,7.55,0.5721,-0.0787,-0.646,0,0,0,7,1,-0.5004
551.84,9,14619.89,17.71,5,6.15,43,1.21,57,729.0,28.11,0.7895,-0.1832,-0.7657,0,0,0,7,1,-0.4641
36.72,16,2404.27,5.5,2,5.95,21,9.84,5,695.0,45.15,-2.0935,-0.2429,1.5409,1,1,0,8,1,-0.436
27.51,15,2096.47,1.02,4,8.12,18,6.11,18,671.0,43.41,-2.2053,0.3262,0.9075,1,1,0,5,1,-0.4269
36.89,15,1490.13,2.32,5,8.32,18,2.35,12,572.0,24.84,-2.8252,0.217,0.0369,1,1,0,0,1,-0.4395
303.95,4,21863.04,9.53,4,14.9,41,2.76,37,683.0,5.75,0.4361,0.3773,-1.4977,0,0,0,3,1,-0.4427
242.35,17,1719.7,0.48,2,2.82,35,5.71,10,725.0,92.98,-1.9482,-0.2045,2.0455,1,1,0,7,1,-0.4847
151.65,14,714.18,0.07,3,3.47,37,7.27,29,541.0,28.36,-1.9282,-0.8191,0.4418,1,1,0,8,1,-0.4772
1289.55,8,51544.04,11.47,9,12.73,42,1.93,33,642.0,20.36,0.8664,1.5412,-0.8043,0,0,0,9,1,-0.5082
6.9,19,2427.26,3.91,3,,33,0.16,9,613.0,27.48,-2.6428,-0.4883,-0.2111,1,1,0,0,1,-0.4228
44.74,19,1440.38,12.02,5,1.83,29,8.17,7,530.0,10.91,-2.5661,-0.835,0.0331,1,1,0,8,1,-0.5021
410.34,8,8386.17,4.14,3,9.49,41,15.58,33,710.0,9.2,0.5159,-0.3767,-0.14,0,0,0,3,1,-0.4458
2627.83,6,38241.29,3.37,7,18.83,36,9.39,26,742.0,32.2,1.3188,2.2031,0.2331,0,0,0,9,-1,-0.5502
46.31,16,2444.53,16.61,4,1.78,30,0.97,2,749.0,17.8,-1.4832,-1.0353,-0.4796,1,1,0,8,1,-0.4665
297.21,9,15786.16,1.88,8,14.32,47,0.66,9,701.0,37.22,-0.7894,1.805,-1.0294,0,0,0,3,1,-0.4707
19.5,18,1180.46,2.97,5,0.21,38,1.37,7,701.0,24.68,-1.9547,-1.0433,-0.4255,1,1,0,0,1,-0.4338
250.01,3,57729.8,10.8,6,18.16,34,35.47,15,695.0,56.98,0.6457,2.8458,1.7265,0,0,0,4,1,-0.5338
5.32,18,2669.54,1.72,2,0.93,28,2.33,14,625.0,24.37,-2.5022,-1.5643,0.3292,1,1,0,0,1,-0.4246
716.29,10,115590.45,8.66,1,1.48,52,2.42,93,763.0,1.64,2.8245,-2.5864,-0.5869,2,2,1,2,-1,-0.5672
224.52,6,79908.0,10.29,9,10.6,18,1.88,21,601.0,64.39,-0.97,2.5593,1.3384,0,0,0,9,-1,-0.5602
1692.42,5,48993.02,36.61,6,4.96,46,11.47,61,801.0,12.38,3.7518,-0.097,-0.2004,2,2,1,2,-1,-0.5509
38.34,11,1877.89,9.1,4,3.74,20,0.04,2,651.0,18.66,-2.1749,-0.5556,-0.1819,1,1,0,8,1,-0.44
33.9,19,2068.35,1.69,1,0.29,28,0.23,4,620.0,21.69,-2.8591,-1.9292,0.315,1,1,0,0,1,-0.4532
20.38,12,1369.27,1.41,3,0.36,18,4.59,4,675.0,21.1,-2.1632,-1.1708,0.5059,1,1,0,5,1,-0.4397
346.96,13,8385.23,27.6,5,14.21,35,2.79,28,675.0,4.65,-0.2585,0.4507,-1.4744,0,0,0,1,1,-0.4811
1651.23,4,114828.19,20.69,1,1.07,55,7.05,72,795.0,8.44,4.3672,-2.0859,0.2629,2,2,1,2,1,-0.5091
13.39,12,3868.42,2.77,6,0.4,18,3.64,15,621.0,58.87,-2.5474,0.3649,1.4393,1,1,0,0,1,-0.4679
77.89,10,24278.18,25.71,6,5.09,40,6.06,49,746.0,46.25,0.5727,0.4738,0.0936,0,0,0,1,1,-0.4819
208.39,12,16059.0,32.82,4,13.22,33,9.23,25,667.0,5.99,0.0063,0.3386,-0.7307,0,0,0,1,1,-0.4783
66.81,14,1114.62,10.35,1,0.34,33,1.3,10,634.0,48.71,-2.1916,-1.1187,1.13,1,1,0,8,1,-0.4398
27.0,18,2532.38,0.45,1,6.33,32,0.2,19,692.0,39.69,-2.1592,-0.9509,0.3849,1,1,0,0,1,-0.4267
1157.02,3,148230.76,0.9,2,1.17,43,26.69,43,761.0,6.99,3.1892,-1.5615,1.4205,2,2,1,6,1,-0.5274
649.22,4,76533.87,12.72,8,23.05,18,20.06,15,678.0,45.02,0.7592,3.5117,1.7063,0,0,0,4,-1,-0.5879
426.55,6,19492.44,6.61,6,13.55,43,10.33,36,763.0,34.53,0.8443,1.2986,-0.2378,0,0,0,3,1,-0.4525
13.12,5,1473.56,3.7,2,7.08,37,6.34,10,688.0,28.1,-0.9299,-0.3266,0.1226,1,1,0,5,1,-0.4297
102.44,5,17552.41,11.21,2,13.34,37,12.02,19,727.0,13.9,0.2825,0.1379,-0.1988,0,0,0,1,1,-0.4464
183.59,4,12616.63,83.3,2,10.72,51,0.25,36,747.0,15.97,1.2753,-0.2279,-1.4455,0,0,0,1,1,-0.4833
33.27,16,1935.0,1.03,5,7.91,22,1.14,6,689.0,32.15,-2.4023,0.1924,-0.0252,1,1,0,0,1,-0.4228
63.57,13,2326.12,13.12,7,0.3,29,1.16,12,608.0,43.0,-2.1595,0.1924,0.3147,1,1,0,8,1,-0.4633
592.75,6,45387.92,14.81,13,16.71,32,11.2,15,634.0,46.12,0.0287,3.6696,0.2621,0,0,0,9,-1,-0.5547
24.72,13,2222.33,1.74,4,1.86,18,3.08,8,640.0,8.39,-2.2572,-1.1108,-0.1983,1,1,0,0,1,-0.4271
20.3,25,2774.89,1.74,3,5.0,23,2.17,10,644.0,27.19,-3.0735,-0.9898,0.2926,1,1,0,0,1,-0.46
197.0,5,21698.07,22.12,3,14.65,30,0.42,33,740.0,13.38,0.3386,0.3703,-1.1019,0,0,0,1,1,-0.4541
203.35,11,19203.01,57.18,1,14.17,66,9.51,39,710.0,29.66,1.4169,0.0972,-0.5843,0,0,0,1,1,-0.5089
1145.26,4,29793.81,0.7,10,24.18,40,1.61,8,700.0,38.71,0.1622,3.3815,-0.7633,0,0,0,9,-1,-0.556
26.09,16,1648.04,4.72,3,6.87,39,0.03,16,637.0,59.35,-2.2893,0.1429,0.699,1,1,0,0,1,-0.4337
99.3,13,17500.42,16.51,10,,47,27.11,21,643.0,30.02,-0.0682,1.5768,0.05,0,0,0,4,1,-0.5239
2321.85,4,89692.08,19.4,4,2.63,52,16.01,40,779.0,6.67,3.7557,-0.9091,0.6019,2,2,1,2,1,-0.5161
324.8,9,12576.34,4.79,4,13.18,55,3.03,31,702.0,31.25,0.0255,0.5084,-0.903,0,0,0,3,1,-0.4222
1469.08,2,103739.91,21.99,1,1.97,50,7.59,34,740.0,22.9,3.1337,-1.2618,1.1726,2,2,1,2,1,-0.5159
614.38,5,77451.56,6.49,7,22.51,56,0.25,28,784.0,65.12,1.3668,2.9817,-0.1537,0,0,0,9,-1,-0.5733
202.79,4,11741.43,8.05,5,12.45,45,6.49,19,665.0,7.31,-0.0005,0.4954,-1.2792,0,0,0,3,1,-0.4404
1821.03,6,64460.61,9.15,16,22.98,45,12.43,25,802.0,73.76,2.1135,4.5997,1.0561,0,0,-1,9,-1,-0.6472
186.61,8,11331.05,2.33,7,9.24,48,3.26,31,687.0,12.54,-0.1505,0.3579,-1.6205,0,0,0,3,1,-0.4246
13.19,15,139.81,3.18,4,9.83,18,8.4,15,673.0,6.95,-1.8026,-0.2493,-0.3028,1,1,0,5,1,-0.4323
12.06,17,1725.89,12.74,4,4.16,29,1.36,1,655.0,35.73,-2.3772,-0.3112,0.2632,1,1,0,5,1,-0.4419
43.46,20,1983.55,18.12,2,1.0,23,2.68,13,636.0,9.56,-2.1915,-1.7982,-0.06,1,1,0,8,1,-0.4567
20.48,18,1778.17,0.42,2,5.91,25,0.18,8,563.0,7.51,-2.992,-1.308,-0.4092,1,1,0,0,1,-0.4501
190.93,12,8835.19,23.0,7,6.68,42,1.72,25,751.0,32.93,-0.1683,0.5628,-0.8427,0,0,0,1,1,-0.4572
226.63,7,60240.63,41.86,6,10.45,50,22.71,16,618.0,40.6,1.1683,1.6236,1.1151,0,0,-1,4,1,-0.5469
8.74,18,2030.44,0.77,1,7.03,27,1.2,16,614.0,18.25,-2.5547,-1.2375,-0.0668,1,1,0,0,1,-0.4401
148.53,7,12269.22,3.17,5,14.42,47,2.84,14,651.0,18.35,-0.7164,0.8153,-1.234,0,0,0,3,1,-0.4371
2365.67,2,115863.95,38.86,1,4.58,57,8.55,41,765.0,17.69,4.1658,-1.0248,0.707,2,2,1,2,1,-0.518
12.3,14,2425.64,1.0,3,2.45,29,2.05,13,558.0,11.65,-2.4942,-1.2758,-0.2548,1,1,0,0,1,-0.4263
348.32,15,331.33,20.66,2,6.99,40,11.64,37,762.0,27.17,0.266,-0.6964,0.2652,0,0,0,7,1,-0.4911
659.77,7,33849.71,4.82,8,11.85,29,2.94,28,715.0,59.76,-0.2482,2.1494,0.6764,0,0,0,9,1,-0.479
126.46,5,21499.83,7.8,4,10.87,28,3.62,39,759.0,15.48,0.2502,0.0909,-0.7862,0,0,0,3,1,-0.4391
584.84,7,55606.02,32.11,4,10.38,18,2.2,36,674.0,58.56,0.1445,1.2904,1.5228,0,0,0,9,1,-0.5358
881.87,3,109268.38,5.5,2,1.26,46,27.69,56,829.0,0.42,3.8684,-1.8263,0.7716,2,2,1,6,1,-0.5388
379.24,4,30106.04,16.0,10,12.84,19,21.65,32,735.0,61.51,0.6006,3.2162,1.6988,0,0,0,4,-1,-0.55
25.15,18,2495.87,1.61,4,6.59,19,0.8,4,672.0,37.22,-2.8107,-0.0962,0.4361,1,1,0,0,1,-0.4305
1874.89,6,43082.35,11.95,5,24.13,56,13.32,20,740.0,64.13,1.8281,2.8492,1.3118,0,0,-1,9,-1,-0.594
298.96,7,7078.67,46.04,4,8.4,42,1.46,35,798.0,22.68,1.1177,0.0521,-1.077,0,0,0,1,1,-0.4764
15.0,20,4052.45,6.44,6,7.27,40,3.96,16,627.0,42.05,-2.1745,0.4113,-0.0034,1,1,0,5,1,-0.4416
315.0,12,21317.17,21.55,4,12.8,57,2.55,37,816.0,21.15,1.1706,0.1149,-1.5162,0,0,0,1,1,-0.4905
608.85,7,18963.11,10.3,5,12.24,38,20.66,16,693.0,11.75,0.6614,0.7418,0.2716,0,0,0,4,1,-0.4723
1622.03,1,106697.59,64.95,1,0.8,43,0.16,52,813.0,9.75,4.07,-1.7618,0.1949,2,2,1,2,1,-0.5371
12.62,15,2597.31,1.92,7,1.99,39,4.9,10,614.0,4.41,-1.8025,-0.6592,-1.1181,1,1,0,5,1,-0.4594
19.56,18,3019.04,0.18,4,5.28,40,0.65,8,688.0,7.6,-1.8593,-1.112,-1.1912,1,1,0,0,1,-0.4317
718.97,5,3484.07,46.02,9,7.53,40,11.66,17,710.0,18.84,1.1221,1.4244,-0.5787,0,0,0,7,1,-0.4999
1704.76,4,36363.25,10.27,10,17.29,58,7.59,28,720.0,74.87,1.6425,3.6478,0.6797,0,0,0,9,-1,-0.5842
39.13,19,777.08,2.25,7,5.83,34,2.09,16,677.0,34.82,-2.1113,0.2692,-0.3879,1,1,0,0,1,-0.4409
370.96,6,18745.97,1.39,3,9.77,32,6.08,35,740.0,26.33,0.0961,-0.036,0.0053,0,0,0,3,1,-0.4334
19.31,10,3533.2,7.61,3,0.78,31,3.71,16,731.0,51.59,-1.2888,-0.5053,0.988,1,1,0,5,1,-0.4346
2841.59,7,32304.0,21.12,8,16.23,32,13.67,29,789.0,69.65,1.6293,3.1398,1.8019,0,0,-1,9,-1,-0.6007
14.41,21,894.42,2.44,2,1.32,22,0.92,14,571.0,7.59,-3.0643,-1.9418,-0.1354,1,1,0,0,1,-0.454
6.67,15,1541.92,3.75,1,2.75,18,2.19,18,581.0,13.51,-2.605,-1.6433,0.2749,1,1,0,0,1,-0.4441
62.16,11,487.97,14.86,3,1.65,29,6.1,13,722.0,66.53,-1.3947,0.0456,1.7339,1,1,0,8,1,-0.4743
402.5,7,18730.95,2.72,7,8.59,38,0.46,58,729.0,8.19,0.5971,0.0442,-1.7676,0,0,0,3,1,-0.4684
20.85,15,60.03,12.66,7,2.13,21,4.42,18,568.0,38.4,-2.4884,0.3238,0.5277,1,1,0,5,1,-0.4735
68.28,12,2522.21,10.04,1,9.06,18,2.16,15,677.0,41.85,-1.9717,-0.1526,0.9002,1,1,0,8,1,-0.4319
159.91,7,13589.24,3.4,6,5.85,27,8.73,35,739.0,27.22,-0.1606,0.2528,0.02,0,0,0,3,1,-0.4303
304.34,15,2197.28,2.23,2,4.52,26,13.91,21,660.0,94.93,-1.7504,0.2431,2.8728,1,1,0,7,1,-0.5028
50.75,13,1848.04,5.77,6,8.29,24,1.65,9,603.0,11.26,-2.2259,0.1672,-0.8174,1,1,0,0,1,-0.4365
111.02,11,9370.79,21.92,7,13.95,43,26.47,40,689.0,19.0,0.7224,1.3446,-0.3798,0,0,0,4,1,-0.4855
1653.18,3,124671.5,9.85,1,1.47,41,30.58,80,756.0,2.63,4.3213,-1.9576,1.3866,2,2,1,6,1,-0.525
254.0,3,28946.04,14.63,7,16.27,23,0.29,34,709.0,51.28,-0.2128,2.41,-0.0029,0,0,0,9,1,-0.4861
35.9,7,2151.54,2.74,1,8.27,42,3.34,14,693.0,63.29,-1.2757,0.2259,1.0875,1,1,0,0,1,-0.4731
997.63,4,102962.27,21.33,1,1.29,61,3.32,38,727.0,17.8,2.7947,-1.6918,0.1864,2,2,1,2,1,-0.5346
38.57,14,2142.23,9.6,1,8.22,34,0.99,13,595.0,5.49,-1.9357,-1.1985,-0.7413,1,1,0,8,1,-0.4369
182.14,22,1627.1,1.54,2,7.06,39,0.27,17,661.0,85.38,-2.6301,0.0395,1.4147,1,1,0,8,1,-0.4866
566.66,14,10140.86,34.01,6,9.03,32,5.01,33,715.0,23.91,0.1477,0.531,-0.4441,0,0,0,7,1,-0.4768
601.56,8,51470.95,21.77,9,21.33,18,13.45,36,695.0,31.08,0.7395,3.1133,0.2633,0,0,0,9,1,-0.5462
3259.26,2,87723.01,6.12,1,0.72,63,1.76,35,812.0,3.0,3.3406,-2.2186,-0.4342,2,2,1,2,1,-0.5476
140.54,6,7019.19,3.78,4,12.46,42,1.84,37,725.0,32.39,-0.1535,0.5415,-0.7801,0,0,0,3,1,-0.4303
2564.05,3,85116.58,53.91,2,0.33,53,2.72,72,847.0,10.91,4.6339,-1.7856,-0.2856,2,2,1,2,1,-0.549
1833.95,3,109203.48,58.08,1,2.53,58,34.46,45,782.0,4.41,4.9071,-1.4737,1.0592,2,2,1,6,1,-0.5216
1317.59,3,129029.35,2.36,2,3.26,46,4.01,56,809.0,0.27,3.3441,-1.826,-0.2199,2,2,1,2,1,-0.5409
38.42,11,1316.05,1.44,8,7.83,21,0.92,7,666.0,39.94,-2.2491,1.2299,-0.0949,1,1,0,0,1,-0.4517
15.35,17,1855.21,1.19,2,6.15,45,0.47,15,593.0,30.83,-2.2787,-0.8794,-0.2097,1,1,0,0,1,-0.439
4165.26,1,7732.52,83.64,1,2.39,60,31.11,47,740.0,5.96,3.7031,-1.3293,0.3809,2,2,1,6,-1,-0.5724
21.3,15,1089.9,3.69,3,4.27,24,2.18,9,694.0,42.87,-2.2404,-0.4041,0.726,1,1,0,0,1,-0.3997
2643.23,0,120375.49,18.99,2,4.16,41,23.1,64,779.0,0.14,4.6166,-1.2336,1.088,2,2,1,6,1,-0.5183
891.02,2,95891.22,180.13,1,4.85,54,11.69,53,789.0,13.95,4.037,-1.1184,0.3635,2,2,1,2,1,-0.5391
227.32,4,9899.15,16.59,2,5.25,34,5.35,49,722.0,15.96,0.6292,-0.9364,-0.3901,0,0,0,1,1,-0.446
365.87,6,11990.47,19.46,7,9.84,25,1.02,41,628.0,3.52,-0.2407,0.5231,-1.4229,0,0,0,1,1,-0.4766
88.24,4,41835.67,12.97,12,12.18,42,17.19,31,747.0,60.39,1.0297,3.3462,0.5678,0,0,0,9,-1,-0.5514
728.39,10,14355.92,24.64,6,14.33,51,11.59,55,680.0,55.6,1.1258,1.8347,0.456,0,0,-1,7,1,-0.5391
1750.5,4,59142.41,73.28,2,4.82,42,28.97,53,760.0,14.17,3.8146,-0.6964,1.2585,2,2,1,6,1,-0.5233
98.5,6,17806.26,4.94,6,14.81,35,1.36,26,729.0,4.02,-0.1443,0.7127,-1.857,0,0,0,3,1,-0.4404
8.84,12,1285.35,4.07,2,4.57,23,7.16,11,559.0,36.25,-2.5106,-0.4677,1.1787,1,1,0,5,1,-0.4411
31.87,12,376.78,1.33,3,0.59,41,9.35,7,706.0,9.31,-1.0215,-1.5237,-0.2707,1,1,0,8,1,-0.4593
2606.31,1,101999.19,37.24,2,1.84,51,2.4,66,783.0,6.16,4.4228,-1.5852,-0.2233,2,2,1,2,1,-0.5171
35.08,14,2013.6,0.42,3,2.44,37,3.69,22,677.0,36.15,-1.5999,-0.8855,0.28,1,1,0,0,1,-0.413
277.49,11,18026.87,6.27,6,7.43,41,7.27,42,750.0,18.33,0.3673,-0.0295,-0.81,0,0,0,3,1,-0.4199
134.45,5,15944.54,39.2,4,8.69,44,3.38,33,670.0,20.5,0.6317,0.2211,-0.8815,0,0,0,1,1,-0.459
25.13,17,2388.76,3.28,6,7.76,23,2.49,11,662.0,32.68,-2.3831,0.4057,-0.0413,1,1,0,0,1,-0.4125
18.85,10,843.36,19.38,1,1.54,34,0.51,6,620.0,22.26,-1.6782,-1.3686,0.0467,1,1,0,8,1,-0.466
1384.65,2,116012.74,1.53,2,1.81,48,6.11,65,796.0,2.63,3.6628,-1.9355,0.0154,2,2,1,2,1,-0.5252
437.28,5,66794.2,56.9,12,16.55,49,12.53,20,760.0,41.01,2.1411,3.5401,-0.4756,0,0,-1,9,-1,-0.5786
128.62,11,17642.88,6.41,7,11.31,40,14.79,32,734.0,14.2,0.3226,0.7453,-0.6501,0,0,0,3,1,-0.4437
481.03,4,32343.78,19.61,5,24.34,18,12.51,14,,35.29,0.1102,2.5555,0.7553,0,0,0,9,1,-0.5255
1979.37,6,96623.13,42.32,2,4.3,49,13.37,69,719.0,0.85,4.2506,-1.3505,0.3978,2,2,1,2,1,-0.5275
1566.66,6,32647.46,14.25,6,12.1,55,10.23,25,673.0,48.33,1.4451,1.6135,0.8093,0,0,0,9,1,-0.5344
2037.02,6,49883.31,13.53,5,20.81,29,5.22,32,780.0,32.65,1.6387,1.9815,0.2694,0,0,0,9,1,-0.5475
69.44,16,2036.06,4.32,4,5.74,19,5.74,9,677.0,16.43,-2.0662,-0.5468,0.0557,1,1,0,8,1,-0.425
9.6,23,2436.62,0.94,3,2.51,33,2.8,14,649.0,19.59,-2.5113,-1.4764,-0.148,1,1,0,0,1,-0.4455
64.9,5,18084.64,5.38,7,9.97,36,23.97,47,727.0,25.86,0.9163,1.0624,0.1608,0,0,0,4,1,-0.4621
1256.1,5,108249.04,71.32,1,4.5,62,15.69,55,783.0,10.94,4.6441,-1.314,0.6075,2,2,1,2,1,-0.5459
686.51,5,18286.72,14.44,1,12.65,39,7.66,49,744.0,29.46,1.1924,-0.0303,0.1939,0,0,0,7,1,-0.4695
1382.92,2,20687.18,8.04,11,16.48,45,0.93,20,753.0,49.03,1.0559,3.2439,-0.6355,0,0,0,9,-1,-0.5795
8.91,15,1037.33,6.58,4,9.7,18,0.1,1,699.0,32.36,-2.4378,0.2881,0.0484,1,1,0,5,1,-0.4611
2091.11,5,98431.91,6.94,1,3.55,57,40.15,60,774.0,0.6,4.2094,-1.8486,0.8306,2,2,1,6,1,-0.5228
141.0,8,21588.19,18.24,6,13.52,39,2.39,30,752.0,11.08,0.3804,0.7164,-1.617,0,0,0,1,1,-0.4368
245.24,12,20926.75,0.15,3,10.25,35,1.48,51,696.0,22.68,-0.405,-0.4254,-0.6084,0,0,0,3,1,-0.4519
19.35,18,1633.63,4.53,6,1.28,30,1.75,10,610.0,24.74,-2.5423,-0.5671,-0.2181,1,1,0,0,1,-0.4339
6.99,14,2096.82,9.36,1,7.39,29,4.29,11,696.0,1.37,-1.4007,-1.3861,-0.6434,1,1,0,5,1,-0.4332
2771.95,4,75754.69,10.39,2,18.61,34,4.32,26,680.0,67.25,1.0777,1.9463,2.1478,0,0,0,9,-1,-0.5811
43.18,15,1142.87,5.33,6,8.34,26,0.21,1,648.0,40.56,-2.5695,0.7595,0.0421,1,1,0,0,1,-0.4515
107.45,4,14974.42,27.14,4,13.72,34,8.34,25,699.0,11.43,0.4489,0.6937,-0.7772,0,0,0,1,1,-0.4495
442.8,2,9293.32,18.7,5,21.36,44,20.92,25,729.0,43.43,1.2285,2.6634,0.563,0,0,-1,4,1,-0.5206
8.04,19,2155.19,2.97,4,3.15,27,7.14,9,762.0,74.58,-2.1364,0.2777,1.9484,1,1,0,5,1,-0.5085
1346.22,3,105698.66,66.17,1,2.47,47,6.53,56,766.0,4.49,4.0241,-1.6737,0.2485,2,2,1,2,1,-0.513
28.2,15,788.73,1.57,4,1.77,32,3.42,9,618.0,46.1,-2.475,-0.3794,0.8209,1,1,0,0,1,-0.4124
3415.05,4,118332.5,8.92,5,4.52,58,18.07,51,826.0,0.4,4.5265,-0.8071,0.1661,2,2,1,2,1,-0.5483
9.47,18,406.21,3.01,2,7.44,30,0.57,16,638.0,16.13,-2.308,-1.0391,-0.4638,1,1,0,0,1,-0.42
16.46,13,2800.23,4.82,4,3.6,27,1.75,6,644.0,12.33,-2.0546,-0.8549,-0.4689,1,1,0,0,1,-0.4069
1391.5,1,41198.5,28.03,2,3.26,52,17.73,27,777.0,36.79,2.9674,-0.2986,1.6453,2,2,1,2,-1,-0.5689
26.07,13,2706.47,10.76,2,3.36,34,0.59,14,686.0,11.53,-1.4006,-1.4471,-0.64,1,1,0,5,1,-0.4002
4112.1,4,83098.52,66.03,1,2.48,73,7.78,69,797.0,16.15,4.8697,-1.6476,-0.1225,2,2,1,2,-1,-0.557
1009.97,2,86153.8,22.75,13,15.81,40,26.5,32,714.0,30.17,2.7618,3.3048,0.3724,0,0,-1,4,-1,-0.5821
361.74,16,10517.95,12.93,8,14.75,37,0.01,11,599.0,13.51,-1.6277,1.2895,-1.5168,1,1,0,1,1,-0.4997
213.04,9,15111.89,12.45,7,13.32,52,3.46,41,777.0,16.99,0.8589,0.8362,-1.9055,0,0,0,1,1,-0.4484
509.86,8,14741.74,3.33,8,14.86,59,0.36,36,,41.38,0.2412,1.7856,-1.3305,0,0,0,3,1,-0.4829
5.52,11,2005.62,3.49,2,5.17,18,4.48,23,698.0,48.67,-1.7955,-0.2768,1.2378,1,1,0,5,1,-0.4348
45.22,25,1720.87,2.14,7,0.55,44,9.1,20,662.0,26.4,-1.887,-0.7115,-0.2003,1,1,0,8,1,-0.5187
3285.85,2,142750.84,46.75,4,3.19,44,5.91,75,725.0,15.19,4.2309,-0.6903,0.3133,2,2,1,2,1,-0.5355
699.07,2,13169.75,4.64,10,8.58,31,1.21,48,662.0,11.78,0.3944,1.1695,-1.5174,0,0,0,3,1,-0.513
26.25,12,2270.1,2.66,2,5.95,18,4.99,16,642.0,38.83,-2.1989,-0.3577,1.0443,1,1,0,5,1,-0.4196
15.83,21,2423.75,0.51,5,6.24,27,11.21,9,709.0,15.92,-1.8855,-0.4628,0.0267,1,1,0,5,1,-0.4651
33.54,17,789.93,1.42,1,9.57,31,2.21,17,646.0,70.72,-2.5956,0.2773,1.6007,1,1,0,0,1,-0.4797
15.77,15,3382.62,1.14,4,3.71,26,0.89,15,626.0,20.76,-2.3243,-0.789,-0.2186,1,1,0,0,1,-0.4014
8.14,23,866.25,0.38,1,9.22,27,0.26,7,537.0,43.72,-3.7851,-0.4562,0.8733,1,1,0,0,1,-0.5238
26.5,18,891.66,9.41,2,9.62,21,12.39,25,605.0,37.39,-2.0753,-0.0319,1.3027,1,1,0,8,1,-0.478
73.04,18,891.04,5.21,1,2.91,23,1.49,20,,10.44,-1.9114,-1.9281,-0.1934,1,1,0,8,1,-0.438
1101.2,3,86993.68,18.81,3,3.62,62,7.48,44,781.0,10.77,3.4031,-1.1253,-0.3237,2,2,1,2,1,-0.5048
69.41,8,20077.5,8.89,9,11.76,32,9.25,52,730.0,14.77,0.5115,1.2302,-1.227,0,0,0,3,1,-0.4707
51.29,5,24933.55,23.04,6,11.63,39,1.61,39,751.0,37.19,0.5582,1.1691,-0.7603,0,0,0,1,1,-0.4603
2006.07,2,50746.89,37.45,11,23.32,26,40.14,31,686.0,49.25,2.3507,4.4579,1.3393,0,0,0,4,-1,-0.6265
43.84,26,750.7,0.24,1,7.27,18,2.99,2,669.0,40.05,-3.4263,-0.8536,1.1118,1,1,0,0,1,-0.5084
322.02,9,11066.6,6.28,5,9.27,36,1.58,42,722.0,9.42,0.0025,-0.2089,-1.3504,0,0,0,3,1,-0.4188
47.88,23,1270.23,1.54,3,2.4,33,0.39,6,613.0,61.12,-3.326,-0.4792,1.2761,1,1,0,0,1,-0.4838
589.05,6,15849.71,53.49,11,13.89,39,5.2,28,714.0,20.93,1.0726,2.4704,-1.4967,0,0,-1,7,1,-0.4931
667.24,12,36378.32,1.72,6,15.08,23,6.42,25,719.0,63.85,-0.7093,2.0801,1.4111,0,0,0,9,1,-0.52
66.73,16,2954.02,0.17,2,3.0,29,4.7,18,594.0,54.72,-2.591,-0.5299,1.5203,1,1,0,8,1,-0.4487
80.26,1,11144.95,26.78,5,12.19,29,11.28,35,792.0,9.91,1.3028,0.7418,-0.8077,0,0,0,7,1,-0.4994
539.68,12,23344.67,41.25,3,,37,2.1,45,685.0,17.21,0.6566,-0.4574,-0.5725,0,0,0,7,1,-0.4966
248.45,6,6162.54,12.04,1,10.06,48,4.58,31,768.0,27.17,0.5029,-0.4642,-0.4624,0,0,0,1,1,-0.451
7.21,15,724.96,14.13,3,8.66,26,3.57,12,717.0,23.16,-1.5272,-0.2872,-0.1927,1,1,0,5,1,-0.4238
15.2,15,2116.49,3.19,5,2.04,37,0.4,6,711.0,63.77,-2.1235,0.1679,0.8302,1,1,0,0,1,-0.4656
18.95,11,2166.49,5.02,5,8.99,25,0.79,17,571.0,24.03,-2.2796,0.3372,-0.3761,1,1,0,0,1,-0.4217
678.56,11,24426.12,11.53,4,9.62,39,2.47,51,737.0,28.04,0.6035,-0.0491,-0.4111,0,0,0,7,1,-0.4565
117.63,7,12687.35,7.65,5,8.26,40,0.23,53,750.0,6.59,0.4836,-0.4562,-1.8257,0,0,0,3,1,-0.4458
425.38,6,21126.88,27.65,5,13.98,41,12.78,47,738.0,27.09,1.5231,1.125,-0.2203,0,0,0,7,1,-0.4523
292.34,4,46179.82,10.78,5,10.31,53,20.4,35,762.0,48.34,1.7829,1.1842,1.0538,0,0,0,4,1,-0.5069
111.58,9,14275.8,2.05,2,13.57,44,2.01,46,720.0,42.28,-0.2212,0.2705,-0.2634,0,0,0,3,1,-0.4523
1668.73,4,43204.41,7.48,2,2.43,58,10.14,82,742.0,2.53,3.4162,-1.8766,-0.3824,2,2,1,2,-1,-0.5635
1716.13,0,66921.57,43.27,3,1.16,49,3.7,55,790.0,2.31,3.9901,-1.3664,-0.5158,2,2,1,2,1,-0.5284
1224.24,1,89723.36,73.31,2,0.8,51,21.1,43,778.0,5.86,4.344,-1.2978,0.9787,2,2,1,6,1,-0.5284
21.15,22,611.87,0.8,5,3.39,37,0.87,10,713.0,22.11,-2.1629,-0.9084,-0.6791,1,1,0,0,1,-0.4462
391.71,2,20122.42,0.04,7,15.93,40,2.05,11,666.0,26.94,-0.4298,1.8267,-0.9504,0,0,0,3,1,-0.4853
96.22,14,2617.86,1.44,3,1.75,24,0.89,12,590.0,32.04,-2.6333,-0.8869,0.5457,1,1,0,8,1,-0.4236
146.34,4,14870.28,21.27,5,5.93,47,1.66,20,715.0,36.42,0.146,0.3768,-0.4955,0,0,0,1,1,-0.4494
666.02,1,39260.96,8.16,10,23.13,21,22.85,33,636.0,43.46,0.6636,3.9204,1.0062,0,0,0,4,-1,-0.5822
44.56,19,1909.66,3.11,3,3.89,33,2.67,13,657.0,36.54,-2.3068,-0.7717,0.3759,1,1,0,0,1,-0.402
245.69,5,18500.03,21.86,4,8.44,23,3.73,38,677.0,9.71,0.0555,-0.1035,-0.6011,0,0,0,1,1,-0.4545
7.38,13,2502.76,2.18,3,,26,2.68,13,567.0,59.04,-2.82,0.5216,1.3144,1,1,0,0,1,-0.4361
74.2,14,1191.66,2.07,1,3.94,27,3.9,11,700.0,29.52,-1.8423,-1.193,0.5574,1,1,0,8,1,-0.4146
88.91,8,9421.64,4.27,5,12.93,39,8.39,17,706.0,44.17,-0.6885,1.282,0.2112,0,0,0,3,1,-0.4332
1489.03,3,76768.81,16.93,1,3.9,55,16.95,62,800.0,3.44,4.2503,-1.6498,0.4955,2,2,1,2,1,-0.5205
14.25,11,1673.05,3.38,2,4.61,20,2.26,2,700.0,26.95,-2.0472,-0.7692,0.4038,1,1,0,0,1,-0.432
496.62,8,14507.92,28.07,4,8.82,52,1.84,15,722.0,20.22,0.5065,0.0475,-1.0031,0,0,0,7,1,-0.4579
6.22,13,949.88,10.2,5,8.02,19,0.2,5,678.0,26.97,-2.1801,0.2776,-0.2252,1,1,0,5,1,-0.4407
209.11,3,49363.27,6.13,10,10.92,18,14.58,34,706.0,33.86,0.4322,2.2249,0.5508,0,0,0,9,1,-0.5149
416.6,4,17204.96,0.43,5,7.8,50,3.93,33,,20.9,0.3956,0.0288,-0.9135,0,0,0,3,1,-0.4364
38.51,21,2643.53,3.58,3,5.49,35,2.56,16,609.0,68.1,-2.8681,0.093,1.4388,1,1,0,0,1,-0.4567
162.95,9,8864.55,8.86,6,12.43,29,3.29,20,733.0,7.61,-0.5333,0.5522,-1.3284,0,0,0,1,1,-0.4198
21.02,18,3116.34,5.47,2,,39,0.25,6,729.0,24.93,-1.7622,-0.8393,-0.4973,1,1,0,0,1,-0.436
7.53,13,2916.82,0.71,6,0.43,30,2.73,14,695.0,11.62,-1.5749,-0.9159,-0.7495,1,1,0,0,1,-0.4333
341.93,4,14805.99,6.85,3,13.74,41,7.63,16,710.0,16.8,0.1427,0.4289,-0.5195,0,0,0,3,1,-0.4452
721.85,1,88960.45,25.81,1,3.67,51,6.75,54,775.0,6.88,3.305,-1.5559,-0.2114,2,2,1,2,1,-0.5169
30.23,11,3078.97,2.38,4,4.22,46,0.18,5,650.0,17.17,-1.5566,-0.7577,-0.949,1,1,0,0,1,-0.4354
204.28,7,24223.67,2.07,5,5.22,30,14.57,38,686.0,35.35,-0.026,0.222,0.9699,0,0,0,3,1,-0.4612
201.8,3,14283.37,3.35,3,11.15,48,3.21,42,685.0,18.05,0.3797,-0.0888,-1.0717,0,0,0,3,1,-0.4358
355.4,8,16142.82,4.24,3,5.63,52,15.75,42,745.0,33.05,1.0086,-0.4268,0.4991,0,0,0,3,1,-0.4488
402.67,9,9481.37,0.84,5,5.45,45,6.31,41,,41.9,-0.1053,0.0981,0.1428,0,0,0,3,1,-0.452
86.82,4,46633.89,10.96,6,16.78,18,24.18,30,711.0,55.53,0.3067,2.6096,1.8887,0,0,0,4,1,-0.5348
548.8,4,17112.42,19.8,4,12.7,52,20.41,53,722.0,4.86,2.3307,0.2597,-0.5999,0,0,0,4,1,-0.5042
35.06,15,1664.12,3.31,3,8.62,33,5.67,6,645.0,25.93,-2.0087,-0.2309,0.064,1,1,0,5,1,-0.4131
24.32,16,3211.26,0.25,2,2.54,40,0.75,14,715.0,5.86,-1.4564,-1.9175,-0.9724,1,1,0,0,1,-0.4429
13.32,12,1942.29,2.36,1,6.57,26,1.95,7,699.0,60.45,-2.2044,-0.0997,1.4309,1,1,0,0,1,-0.4411
1251.88,3,78475.1,154.43,4,4.59,40,5.31,46,837.0,12.11,3.5561,-0.5331,-0.1329,2,2,1,2,1,-0.5342
840.44,10,19866.87,8.37,6,12.72,38,4.2,34,694.0,21.61,0.2209,0.8038,-0.6392,0,0,0,7,1,-0.4514
2843.4,2,56451.28,78.42,7,16.71,33,1.18,33,725.0,55.2,2.0132,2.7743,0.6597,0,0,0,9,-1,-0.5795
272.83,10,15633.3,6.7,5,7.87,41,25.64,56,644.0,16.55,0.6407,-0.0154,0.2007,0,0,0,4,1,-0.4901
68.46,20,2410.41,24.41,1,6.81,30,2.31,5,672.0,24.09,-1.9403,-0.982,0.1218,1,1,0,8,1,-0.4684
557.64,11,17972.96,1.65,4,12.17,45,6.94,41,718.0,30.86,0.2445,0.3406,-0.2461,0,0,0,3,1,-0.4465
16.52,14,1113.84,4.69,1,8.67,18,2.18,14,722.0,24.7,-1.8928,-0.738,0.2236,1,1,0,0,1,-0.4332
2102.43,3,111807.29,21.53,2,0.04,59,5.57,70,804.0,2.34,4.567,-2.1228,-0.2584,2,2,1,2,1,-0.5215
169.05,5,11109.76,10.18,5,10.93,61,9.81,6,762.0,25.69,0.615,0.6797,-0.8495,0,0,0,1,1,-0.4969
35.4,13,2517.61,18.4,3,1.73,33,1.3,7,629.0,38.83,-1.9251,-0.6112,0.479,1,1,0,8,1,-0.4343
24.74,14,2169.05,0.0,7,1.24,42,4.66,9,635.0,25.32,-1.8032,-0.277,-0.4673,1,1,0,5,1,-0.4517
21.2,14,2148.78,1.52,2,5.03,23,0.89,22,664.0,27.91,-2.0669,-0.9398,0.193,1,1,0,0,1,-0.4032
56.64,9,26564.55,0.69,6,,38,3.91,42,785.0,14.87,0.3258,-0.1125,-1.2093,0,0,0,1,1,-0.4522
15.14,17,4166.36,1.6,4,6.79,42,4.87,12,646.0,26.91,-1.844,-0.3801,-0.2711,1,1,0,5,1,-0.4219
216.63,11,8161.81,23.28,11,5.57,45,0.76,23,737.0,37.15,-0.1698,1.4661,-1.2532,0,0,0,1,1,-0.5021
497.75,6,17189.93,10.04,4,13.33,30,4.77,37,750.0,8.71,0.5328,0.2493,-0.9279,0,0,0,3,1,-0.431
251.11,5,32394.24,21.25,5,20.01,42,8.66,33,713.0,30.7,0.8791,1.9215,-0.5285,0,0,0,9,1,-0.4728
2341.33,3,100017.64,23.45,2,3.56,54,3.93,95,756.0,16.83,4.0993,-1.3574,0.1012,2,2,1,2,1,-0.5223
365.49,1,22757.06,52.87,2,9.35,48,3.97,45,775.0,10.99,2.1829,-0.4051,-1.1675,0,0,0,1,1,-0.498
1004.15,20,2088.16,6.37,2,0.82,29,2.33,4,700.0,95.23,-2.0287,-0.4218,2.4865,1,1,0,7,1,-0.5385
50.84,14,458.24,4.57,3,5.92,18,5.02,10,646.0,24.52,-2.2503,-0.4822,0.4492,1,1,0,8,1,-0.4177
26.13,18,1252.21,8.13,1,8.54,18,5.61,5,720.0,45.27,-2.3102,-0.274,1.2852,1,1,0,5,1,-0.4698
25.69,17,1236.32,0.21,2,4.36,43,1.68,1,606.0,17.52,-2.3932,-1.3034,-0.398,1,1,0,0,1,-0.4545
105.28,2,30032.9,16.8,5,14.3,37,2.0,32,667.0,46.0,-0.0018,1.6361,-0.1081,0,0,0,9,1,-0.462
71.44,22,2382.85,1.67,4,5.9,22,0.01,16,657.0,47.03,-2.9366,-0.1688,0.6594,1,1,0,8,1,-0.4507
11.48,14,3379.44,6.28,3,8.34,20,5.02,5,722.0,16.1,-1.7448,-0.426,-0.0947,1,1,0,5,1,-0.4295
43.09,10,2526.54,13.33,4,5.41,29,2.79,17,615.0,4.93,-1.4189,-0.6809,-0.8242,1,1,0,8,1,-0.4213
300.07,6,10588.7,24.11,4,9.13,41,2.28,30,698.0,20.87,0.2534,0.1297,-0.8414,0,0,0,1,1,-0.4222
14.09,13,1237.54,2.77,2,6.89,18,0.27,17,687.0,14.18,-1.9851,-0.9649,-0.3031,1,1,0,0,1,-0.4164
111.63,13,1135.31,3.52,3,9.76,25,0.09,7,773.0,3.56,-1.3272,-0.6918,-1.1559,1,1,0,8,1,-0.4714
216.26,10,19931.29,7.02,5,8.58,40,8.41,37,749.0,16.47,0.3582,-0.0748,-0.677,0,0,0,3,1,-0.4198
9.18,21,1662.77,8.23,3,8.27,21,2.21,19,650.0,50.34,-2.7204,0.0715,0.9321,1,1,0,5,1,-0.4443
2616.78,7,25215.55,35.4,9,12.55,53,40.3,32,638.0,16.34,2.3793,1.8927,-0.0442,0,0,-1,4,-1,-0.5737
226.66,7,19932.63,3.05,5,9.59,50,25.59,12,738.0,30.88,0.5359,0.7156,0.5281,0,0,0,4,1,-0.4786
890.59,5,103772.52,5.66,3,2.36,29,29.9,73,820.0,18.59,3.3946,-1.105,1.6053,2,2,1,6,-1,-0.5509
135.82,7,19125.49,16.92,8,12.87,45,4.36,37,666.0,26.54,0.1622,1.499,-1.234,0,0,0,1,1,-0.4441
19.57,14,2509.1,14.73,4,0.57,46,2.65,9,706.0,9.86,-0.9487,-1.387,-1.0153,1,1,0,5,1,-0.4446
906.01,3,73101.96,30.56,11,16.3,31,7.51,15,763.0,46.97,1.6536,3.486,0.2964,0,0,0,9,-1,-0.5815
322.87,10,16190.5,17.22,4,14.87,47,14.85,34,698.0,17.06,0.7396,0.656,-0.4065,0,0,0,7,1,-0.4517
7247.21,4,48278.43,3.24,8,20.03,37,11.77,32,751.0,36.81,1.8374,2.7257,0.3847,0,0,0,9,-1,-0.5534
168.92,10,14672.46,0.73,3,6.5,49,2.37,41,737.0,61.59,-0.3233,0.0637,0.5216,0,0,0,3,1,-0.471
169.47,6,13942.54,4.08,6,12.9,40,0.55,44,781.0,0.45,0.6123,0.2121,-2.2911,0,0,0,3,1,-0.4737
2100.28,3,73604.17,33.34,1,3.42,51,25.81,31,785.0,9.29,3.8808,-1.17,1.2351,2,2,1,6,1,-0.5315
33.0,8,375.31,10.02,4,1.32,18,2.95,20,644.0,19.22,-1.5988,-0.7646,0.0736,1,1,0,5,1,-0.4372
1730.13,4,134343.19,9.55,3,1.19,43,103.35,67,775.0,6.6,4.1675,-1.4422,1.282,2,2,1,6,1,-0.5106
284.73,14,15013.35,22.46,4,14.31,57,0.57,36,746.0,38.03,0.3181,0.6599,-1.0572,0,0,0,1,1,-0.4821
354.24,3,38954.93,28.62,8,19.47,26,39.43,22,708.0,48.08,0.9998,3.4014,1.1396,0,0,0,4,1,-0.5485
375.26,13,18475.34,2.52,2,10.9,38,14.14,21,741.0,16.26,-0.036,-0.418,0.2592,0,0,0,7,1,-0.466
729.95,5,71071.85,15.26,10,18.4,27,10.94,22,678.0,33.31,0.8578,3.0951,0.2348,0,0,0,9,1,-0.5402
35.53,12,2483.14,3.23,4,7.45,22,1.35,15,745.0,11.13,-1.396,-0.5213,-0.7771,1,1,0,0,1,-0.4203
190.65,7,10835.73,28.82,5,6.84,40,2.03,50,732.0,20.23,0.7719,-0.0704,-1.1205,0,0,0,1,1,-0.4452
2922.38,6,126536.65,43.98,3,0.5,53,25.53,59,813.0,8.92,4.9951,-1.332,1.0648,2,2,1,6,1,-0.5399
956.67,6,29626.4,28.44,4,10.53,41,5.51,60,659.0,11.17,1.6637,0.0237,-0.6929,0,0,0,7,1,-0.5078
233.79,10,13549.12,11.94,2,13.45,27,25.27,43,637.0,12.67,0.0665,0.0772,0.6331,0,0,0,4,1,-0.502
1675.96,4,107195.74,2.87,3,4.87,61,1.44,95,774.0,2.87,3.9772,-1.5986,-0.8802,2,2,1,2,-1,-0.5593
11.98,18,2526.21,3.38,1,7.12,33,0.75,25,688.0,45.23,-2.0059,-0.736,0.5186,1,1,0,0,1,-0.422
8.46,18,2621.6,2.23,2,8.88,20,0.15,10,615.0,21.82,-2.8747,-0.6384,0.0123,1,1,0,0,1,-0.4436
25.19,18,1961.77,3.28,3,0.96,18,0.85,6,607.0,3.5,-2.8461,-1.7051,-0.2936,1,1,0,0,1,-0.451
162.26,6,15676.26,52.19,3,14.18,53,0.31,44,788.0,11.66,1.6656,0.1456,-2.0104,0,0,0,1,1,-0.5004
364.76,12,15756.37,9.44,6,6.21,50,3.19,51,710.0,3.89,0.5561,-0.6459,-1.7841,0,0,0,3,1,-0.4634
318.52,8,18271.23,10.1,4,10.55,53,7.33,50,690.0,1.21,0.9806,-0.4496,-1.5725,0,0,0,3,1,-0.4542
27.23,17,2816.93,5.75,6,6.58,24,13.77,7,618.0,52.88,-2.3317,0.9795,1.6147,1,1,0,8,1,-0.4932
31.02,17,1846.19,13.55,3,0.39,26,8.95,13,654.0,51.46,-2.0355,-0.5473,1.668,1,1,0,8,1,-0.4607
11.82,13,1659.03,1.86,4,6.92,38,5.93,7,631.0,6.31,-1.6564,-0.625,-0.8041,1,1,0,5,1,-0.4295
649.09,11,15187.85,9.14,1,5.91,41,5.41,24,698.0,38.07,-0.2916,-0.7257,0.7832,1,0,0,7,1,-0.4513
1431.16,4,59532.43,6.15,9,18.26,31,11.51,18,787.0,22.64,1.8354,2.515,0.026,0,0,0,9,-1,-0.5773
277.09,5,12895.97,7.0,6,7.73,54,13.21,21,698.0,21.92,0.5787,0.4764,-0.4607,0,0,0,3,1,-0.4357
302.89,10,21891.4,37.23,1,9.86,32,2.18,34,709.0,29.69,0.2082,-0.2729,0.0824,0,0,0,1,1,-0.4753
69.17,5,11897.75,6.0,9,6.93,36,4.09,26,740.0,6.76,0.0312,0.6008,-1.7158,0,0,0,3,1,-0.4319
2150.28,3,129771.22,90.52,5,3.45,53,2.25,66,735.0,2.31,4.2501,-0.8278,-0.7442,2,2,1,2,1,-0.5332
1881.64,1,134262.49,6.32,2,0.89,56,4.53,40,790.0,0.96,3.5801,-1.9218,-0.1046,2,2,1,2,1,-0.5174
237.62,13,10274.97,6.82,4,,45,21.73,27,726.0,8.0,0.4048,-0.4579,-0.0818,0,0,0,4,1,-0.4653
17.2,10,581.21,1.45,2,3.96,24,2.91,11,663.0,42.58,-2.073,-0.5021,0.9212,1,1,0,0,1,-0.4125
7.48,12,2391.04,1.47,7,7.57,23,10.99,6,638.0,56.54,-2.1843,1.4916,1.3562,1,1,0,5,1,-0.4932
49.46,16,2703.77,1.85,5,5.63,18,3.04,5,589.0,35.59,-3.0033,0.1509,0.6164,1,1,0,0,1,-0.4414
1991.31,11,25409.96,45.01,8,14.52,42,1.72,16,668.0,42.56,0.7607,2.2693,-0.0233,0,0,-1,9,-1,-0.566
266.71,9,20032.82,12.01,4,12.57,54,11.26,58,709.0,35.19,1.0931,0.5459,-0.2799,0,0,0,3,1,-0.4712
10.82,6,1664.07,4.92,5,8.84,29,0.77,1,613.0,21.13,-1.9133,0.454,-0.576,1,1,0,0,1,-0.454
14956.63,3,48263.07,16.99,11,16.39,18,8.98,6,775.0,59.86,1.0111,3.8633,1.3933,0,0,-1,9,-1,-0.6133
50.11,13,1357.81,2.85,1,4.03,25,3.9,16,695.0,27.66,-1.7367,-1.2007,0.5027,1,1,0,0,1,-0.4131
275.25,13,16648.89,22.37,4,12.35,47,6.53,32,718.0,20.06,0.3069,0.2397,-0.8377,0,0,0,1,1,-0.4432
253.51,10,13948.66,45.43,4,12.1,51,4.91,24,697.0,33.55,0.4819,0.7811,-0.562,0,0,0,1,1,-0.4656
188.29,8,15781.78,2.46,5,7.39,40,8.2,14,705.0,41.0,-0.6192,0.5529,0.4025,0,0,0,3,1,-0.4257
2806.54,3,94455.87,11.31,2,4.95,53,1.79,59,800.0,10.11,3.5785,-1.3963,-0.2933,2,2,1,2,1,-0.5145
18.87,11,1018.5,0.6,6,2.17,18,0.67,6,634.0,11.78,-2.3537,-0.504,-0.5071,1,1,0,0,1,-0.4492
196.07,5,24214.55,3.75,6,9.13,39,8.7,40,750.0,7.58,0.8011,0.1388,-1.1028,0,0,0,3,1,-0.451
23.51,11,3393.2,0.3,1,1.43,39,,10,614.0,15.59,-1.6144,-1.6735,0.2092,1,1,0,5,1,-0.4497
326.73,5,18211.82,29.91,4,9.05,53,5.91,48,706.0,28.34,1.3632,0.2424,-0.7057,0,0,0,1,1,-0.4526
1388.32,5,153745.37,16.06,3,0.96,59,11.93,84,786.0,8.52,4.4786,-1.6982,0.1826,2,2,1,2,1,-0.5465
105.31,9,6055.59,2.55,2,12.26,31,0.37,41,,22.6,-0.7686,-0.2328,-0.6749,1,0,0,3,1,-0.4342
1854.02,5,22705.68,15.01,7,15.23,32,4.22,18,683.0,51.83,0.4561,2.412,0.8179,0,0,0,9,1,-0.5274
321.21,12,14588.9,4.18,5,8.85,57,17.51,41,698.0,8.18,0.8784,-0.2632,-0.7022,0,0,0,3,1,-0.4704
287.98,2,9838.25,14.65,3,6.72,29,7.56,27,671.0,12.03,0.0542,-0.34,-0.172,0,0,0,1,1,-0.439
1344.05,2,84654.24,1.99,9,17.93,35,9.58,15,736.0,57.74,1.4714,3.3135,1.285,0,0,0,9,-1,-0.5859
3705.39,3,80738.23,28.1,3,1.54,47,1.18,45,726.0,1.38,2.9918,-1.4591,-0.3928,2,2,1,2,1,-0.5005
614.04,6,7935.95,10.62,4,12.2,33,3.57,33,707.0,9.21,0.2206,0.1647,-0.952,0,0,0,7,1,-0.4287
2141.68,1,135781.54,71.45,2,,50,0.4,63,814.0,1.96,4.598,-0.989,-0.7369,2,2,1,2,1,-0.5403
180.3,16,19995.01,9.29,4,6.86,63,0.53,64,735.0,19.71,0.668,-1.014,-1.7096,0,0,0,3,1,-0.4963
877.08,6,47872.97,30.28,4,20.51,18,0.91,20,699.0,27.81,0.3743,1.8563,0.0609,0,0,0,9,1,-0.5257
33.31,16,2014.23,5.48,2,7.16,27,1.22,14,635.0,23.29,-2.257,-0.7775,-0.0405,1,1,0,0,1,-0.3985
10.71,8,2032.62,6.85,3,1.77,26,5.95,12,626.0,21.9,-1.6199,-0.844,0.3622,1,1,0,5,1,-0.4183
2469.31,4,57686.8,10.01,12,16.69,24,7.6,30,682.0,67.5,0.9024,4.0854,1.3506,0,0,0,9,-1,-0.5952
572.43,8,37390.76,13.29,4,21.8,31,13.3,16,,28.62,0.2947,1.9138,0.4411,0,0,0,9,1,-0.4999
12.0,15,3169.76,2.9,4,1.56,29,8.1,20,598.0,61.35,-2.3421,-0.0018,1.7637,1,1,0,5,1,-0.4592
10.56,13,2581.88,5.27,2,6.23,36,0.7,18,,4.48,-1.2552,-1.3625,-1.0983,1,1,0,0,1,-0.4179
543.14,10,13602.16,8.14,1,13.35,55,3.2,25,766.0,23.15,0.4938,-0.3526,-0.7724,0,0,0,3,1,-0.4801
21.31,15,919.57,3.95,2,3.25,18,0.68,17,753.0,13.89,-1.7183,-1.5035,-0.234,1,1,0,0,1,-0.4574
73.13,12,2749.44,2.76,2,9.24,25,0.49,2,659.0,10.96,-2.0803,-0.6549,-0.5124,1,1,0,8,1,-0.4344
14.57,17,2860.14,1.95,4,8.14,19,7.09,18,628.0,17.07,-2.2488,-0.2977,0.0884,1,1,0,5,1,-0.4322
420.47,3,24000.67,52.08,5,13.76,25,2.69,31,739.0,34.34,0.7951,1.4995,-0.168,0,0,0,9,1,-0.4938
23.88,13,1746.72,4.4,2,8.74,20,2.9,16,633.0,50.93,-2.4215,0.196,1.1645,1,1,0,5,1,-0.4222
666.63,2,157411.38,6.24,1,3.39,50,2.93,33,777.0,0.68,2.4373,-1.8657,-0.3959,2,2,1,2,1,-0.5117
2651.65,3,125312.8,1.77,1,0.11,46,12.91,83,779.0,2.87,4.1022,-2.3304,0.7919,2,2,1,2,1,-0.5416
1707.5,3,33691.3,6.83,5,22.35,18,3.26,24,653.0,36.26,0.2302,2.3848,0.6614,0,0,0,9,-1,-0.5567
17.92,15,1158.01,4.48,5,3.94,19,1.5,7,655.0,46.53,-2.6576,0.1652,0.7821,1,1,0,0,1,-0.4354
297.69,9,19459.09,3.79,3,7.54,58,4.81,36,785.0,18.95,0.8633,-0.7676,-1.0635,0,0,0,3,1,-0.4481
41.78,13,2804.99,0.93,3,8.68,18,0.09,14,630.0,42.75,-2.6173,0.1818,0.6425,1,1,0,0,1,-0.4225
22.95,12,2139.53,0.8,1,0.03,27,3.18,14,668.0,14.06,-1.7833,-1.96,0.1252,1,1,0,0,1,-0.4329
5.29,16,2477.51,7.71,4,3.45,37,8.21,5,686.0,17.25,-1.4995,-0.8244,-0.1516,1,1,0,8,1,-0.4372
179.84,7,14138.2,5.39,8,12.89,32,5.35,26,746.0,13.53,-0.0778,1.2009,-1.3281,0,0,0,3,1,-0.4294
2030.26,5,75722.78,12.3,3,1.65,54,0.6,9,782.0,4.15,2.1746,-1.4578,-0.3939,2,2,1,2,1,-0.5444
270.24,3,65658.73,2.03,9,22.63,22,7.49,27,666.0,19.54,0.1839,2.8136,-0.6278,0,0,0,9,-1,-0.5576
696.45,2,105105.5,2.16,1,4.51,31,12.46,12,817.0,12.0,1.9535,-1.1553,1.2449,2,2,-1,2,-1,-0.5639
271.27,10,10947.0,51.33,6,7.45,50,5.57,43,774.0,30.41,1.2968,0.4584,-0.9125,0,0,0,1,1,-0.4898
12.72,17,1384.97,12.25,7,1.74,18,0.46,16,726.0,11.38,-1.7843,-0.5785,-0.8519,1,1,0,5,1,-0.4699
21.62,13,1147.09,2.38,1,7.97,21,5.43,7,622.0,3.51,-2.1602,-1.1427,-0.1383,1,1,0,5,1,-0.4363
110.15,10,14506.92,1.96,8,,33,4.66,26,677.0,3.61,-0.7151,0.2893,-1.4535,0,0,0,3,1,-0.4313
366.35,8,52584.61,42.6,8,16.39,29,15.54,1,612.0,43.35,0.0611,2.9688,1.0997,0,0,0,9,-1,-0.5828
1814.54,4,144687.4,20.9,4,0.86,56,5.07,62,818.0,9.52,4.2598,-1.3981,-0.2051,2,2,1,2,1,-0.5262
3177.63,2,112573.48,5.01,2,3.29,60,0.97,21,732.0,0.45,2.7513,-1.6129,-0.3685,2,2,1,2,-1,-0.5564
331.48,9,13907.16,36.36,3,7.71,55,14.36,35,752.0,5.16,1.7951,-0.602,-0.8097,0,0,0,7,1,-0.4801
322.97,7,19758.2,31.88,7,9.18,36,4.14,38,701.0,15.05,0.6892,0.7163,-1.1368,0,0,0,1,1,-0.4428
5053.94,6,9473.83,12.02,10,10.57,30,0.63,28,725.0,99.74,0.1992,2.8746,1.0059,0,0,0,9,-1,-0.5757
1885.76,2,104131.93,31.47,6,0.87,32,16.74,65,785.0,9.16,4.3558,-0.47,1.0204,2,2,1,2,-1,-0.5623
902.25,5,68043.35,81.85,3,3.4,49,1.83,95,752.0,3.43,3.3654,-1.4018,-1.0667,2,2,1,2,1,-0.5267
319.42,16,14862.23,8.17,3,13.22,49,4.34,49,821.0,26.57,0.6054,-0.177,-0.9606,0,0,0,3,1,-0.5132
93.26,13,6653.13,3.25,6,6.36,50,1.99,28,699.0,40.86,-0.8619,0.2661,-0.5794,0,0,0,3,1,-0.4364
33.66,17,2153.17,0.36,2,8.08,18,0.22,11,667.0,4.96,-2.426,-1.1398,-0.5777,1,1,0,0,1,-0.4373
6.99,13,2633.26,5.57,1,7.29,40,1.35,13,727.0,8.16,-1.097,-1.3849,-0.965,1,1,0,0,1,-0.4311
821.06,4,44145.52,5.59,6,19.7,22,4.39,26,673.0,31.82,0.0799,2.1868,0.1215,0,0,0,9,1,-0.4974
3067.7,4,109153.9,27.98,3,4.48,59,0.16,89,705.0,20.73,3.8813,-0.9761,-0.2016,2,2,1,2,-1,-0.5659
17.65,15,1584.18,3.56,5,2.17,41,0.19,24,672.0,43.2,-1.6927,-0.3919,-0.0853,1,1,0,0,1,-0.4249
643.85,1,120918.85,64.14,2,0.61,52,7.06,56,753.0,12.11,3.6788,-1.4606,0.066,2,2,1,2,1,-0.5274
230.8,4,39924.57,6.71,8,20.48,18,6.99,30,726.0,66.45,-0.2901,3.52,0.9495,0,0,0,9,1,-0.5339
49.44,19,2588.32,2.0,4,6.15,31,1.75,9,679.0,34.41,-2.332,-0.3339,0.0706,1,1,0,0,1,-0.4104
34.42,20,2419.87,0.68,3,0.81,18,10.39,3,680.0,21.41,-2.4416,-1.2927,0.9649,1,1,0,8,1,-0.4738
159.6,10,13184.36,0.03,7,13.49,52,5.85,43,656.0,11.65,-0.0281,0.7195,-1.7598,0,0,0,3,1,-0.4692
133.96,15,11339.8,0.62,6,8.46,32,10.77,35,695.0,41.91,-0.9564,0.6494,0.5262,0,0,0,3,1,-0.4591
266.92,9,12896.74,5.15,5,12.45,50,3.94,45,672.0,18.19,0.1407,0.3322,-1.3254,0,0,0,3,1,-0.4309
561.01,8,62491.57,2.25,10,10.05,18,0.78,28,648.0,53.32,-0.7846,2.2577,0.6965,0,0,0,9,1,-0.5355
14.97,20,1492.4,8.11,4,1.17,30,0.92,15,584.0,31.92,-2.7659,-0.9257,0.2365,1,1,0,5,1,-0.4307
5465.8,2,53312.98,8.74,1,1.11,41,13.07,48,739.0,3.22,2.741,-1.8464,0.7524,2,2,1,2,1,-0.5182
15.19,18,1838.7,1.31,2,9.22,21,0.07,6,699.0,10.84,-2.388,-0.9119,-0.5362,1,1,0,0,1,-0.4392
246.06,2,61207.21,39.94,7,24.62,31,18.46,28,715.0,47.05,1.7409,3.4065,0.9503,0,0,0,9,-1,-0.5718
909.87,4,99573.3,46.29,2,4.31,41,57.6,79,782.0,15.74,4.4112,-0.9239,1.1648,2,2,1,6,1,-0.5396
1485.1,3,123848.76,18.25,2,1.08,44,13.62,82,767.0,16.06,4.2252,-1.5188,1.1632,2,2,1,2,1,-0.5238
22.02,18,2380.39,2.42,1,8.88,35,3.13,16,637.0,17.39,-2.0698,-1.0629,-0.2809,1,1,0,0,1,-0.4241
286.22,8,28170.13,19.24,5,10.13,42,2.43,25,698.0,17.58,0.1863,0.3087,-0.9676,0,0,0,1,1,-0.4309
25.7,12,1777.81,2.94,7,6.06,29,0.42,20,686.0,18.02,-1.542,0.1169,-1.048,1,1,0,0,1,-0.4231
11.43,15,1685.89,9.8,3,1.45,24,0.81,14,650.0,21.14,-2.1184,-1.2045,-0.0032,1,1,0,5,1,-0.4095
112.69,12,14540.22,34.46,2,6.13,30,3.25,23,717.0,12.58,-0.2429,-0.8873,-0.4395,1,0,0,1,1,-0.4603
1269.03,5,38192.23,2.28,8,18.03,23,8.47,15,696.0,28.49,0.3427,2.4291,0.3047,0,0,0,9,1,-0.534
8.76,22,2066.12,0.33,3,1.62,20,3.42,10,622.0,18.01,-2.997,-1.4576,0.2924,1,1,0,5,1,-0.4477
18.36,16,2270.0,8.14,2,3.31,29,0.34,7,670.0,7.48,-2.0044,-1.5878,-0.5854,1,1,0,5,1,-0.413
1271.1,7,89732.8,33.1,5,4.69,51,22.53,79,765.0,1.9,4.532,-0.699,0.1649,2,2,1,6,-1,-0.5629
811.94,3,28883.62,0.76,5,11.35,66,0.51,29,675.0,46.37,0.7425,0.9787,-0.5033,0,0,0,9,1,-0.5111
18.88,20,1141.49,5.84,3,8.87,27,1.04,12,683.0,28.56,-2.3519,-0.3872,-0.1227,1,1,0,5,1,-0.4042
321.12,2,49345.63,5.36,12,20.19,45,22.53,34,755.0,70.74,1.4806,4.5347,0.8559,0,0,-1,4,-1,-0.6161
1081.59,4,49862.2,13.34,3,17.18,18,2.31,27,733.0,60.8,0.3673,1.8892,1.6316,0,0,0,9,1,-0.5405
159.85,13,15781.14,23.99,2,8.45,56,9.02,22,765.0,44.25,0.3989,-0.0974,0.2905,0,0,0,1,1,-0.4904
142.2,10,9489.87,0.96,6,6.43,35,1.86,20,637.0,28.29,-1.4309,0.2487,-0.4454,1,1,0,3,1,-0.4248
527.79,3,58693.46,1.08,8,16.43,30,11.01,21,608.0,79.24,-0.3436,3.3506,1.8878,0,0,-1,9,-1,-0.5608
318.0,2,21181.15,4.97,8,,44,18.67,17,673.0,31.29,0.5453,1.4292,0.4268,0,0,0,3,1,-0.4842
250.77,10,13109.52,0.93,6,,35,24.69,32,717.0,22.07,0.1943,0.4096,0.4523,0,0,0,4,1,-0.4615
26.98,20,3104.63,1.66,3,4.11,27,2.27,23,736.0,8.18,-1.6809,-1.544,-0.6924,1,1,0,0,1,-0.4275
13.16,22,3193.04,5.55,5,0.99,34,2.56,20,662.0,22.17,-2.133,-1.1262,-0.3488,1,1,0,5,1,-0.4418
1992.26,4,85768.03,14.03,1,1.59,71,12.4,29,716.0,35.85,3.0691,-1.128,1.4274,2,2,-1,2,-1,-0.5695
7.22,13,2338.5,2.26,1,5.27,34,4.61,17,591.0,32.31,-2.0982,-0.9174,0.5743,1,1,0,5,1,-0.4281
150.66,12,12349.75,5.49,10,8.41,33,8.34,34,739.0,15.48,-0.1961,1.0058,-1.1786,0,0,0,3,1,-0.4549
235.03,10,7469.12,28.38,3,7.6,44,2.0,49,706.0,33.79,0.3528,-0.2174,-0.4764,0,0,0,1,1,-0.4559
257.31,9,15088.15,39.7,9,10.33,21,8.39,30,793.0,31.01,0.6385,1.7977,-0.3168,0,0,0,1,1,-0.5252
1488.95,3,111640.58,8.18,2,3.74,46,36.77,63,722.0,9.18,3.8417,-1.2407,1.3919,2,2,1,6,1,-0.5093
11.45,16,2086.09,10.1,5,4.07,25,1.2,15,693.0,10.58,-1.7479,-0.7592,-0.801,1,1,0,5,1,-0.4217
10.33,13,2086.11,6.85,2,6.28,35,1.01,19,669.0,9.05,-1.4238,-1.2089,-0.8538,1,1,0,5,1,-0.4087
373.42,7,16804.87,10.78,6,7.04,23,15.27,27,748.0,14.09,0.3831,0.3177,0.2353,0,0,0,7,1,-0.4568
301.83,10,15910.89,13.47,3,9.41,37,21.26,24,669.0,11.04,0.2497,-0.1671,0.4622,0,0,0,4,1,-0.474
133.11,2,16552.08,7.78,8,14.03,18,6.18,49,756.0,22.77,0.4059,1.6825,-0.7959,0,0,0,3,1,-0.5048
53.6,15,1871.96,3.9,4,3.2,37,2.99,10,589.0,25.48,-2.2256,-0.6881,-0.082,1,1,0,0,1,-0.415
828.24,10,59478.68,42.08,11,15.55,24,16.65,37,715.0,28.26,1.7108,2.8982,0.3268,0,0,-1,9,-1,-0.5676
376.85,10,22350.88,2.87,5,5.67,38,33.91,31,746.0,12.49,0.7296,-0.3163,0.3273,0,0,0,4,1,-0.476
134.63,9,19944.12,13.29,8,10.17,44,8.04,21,719.0,9.03,0.2115,0.7921,-1.4161,0,0,0,1,1,-0.4427
1212.0,2,122874.0,21.89,1,0.61,62,0.24,72,783.0,51.76,3.7151,-1.2067,0.9884,2,2,-1,2,-1,-0.599
149.39,8,20974.32,5.63,9,10.29,46,15.22,59,619.0,12.93,0.6626,1.0475,-0.9926,0,0,0,3,1,-0.5105
82.82,16,2445.54,1.92,4,3.36,19,3.29,8,718.0,31.8,-2.1502,-0.5541,0.4761,1,1,0,8,1,-0.4321
191.61,11,63364.21,61.95,7,14.15,18,6.95,23,750.0,72.66,0.1284,2.7387,1.6783,0,0,-1,9,-1,-0.581
1502.23,1,65164.23,17.06,1,,50,8.31,68,819.0,1.65,4.0177,-1.3041,-0.3792,2,2,1,2,1,-0.5373
81.8,17,1113.6,5.05,2,8.41,38,0.8,12,707.0,44.59,-1.8681,-0.2893,0.2552,1,1,0,8,1,-0.4176
6.54,13,2994.87,1.89,2,0.41,21,2.15,18,569.0,45.05,-2.7726,-0.9182,1.3113,1,1,0,0,1,-0.4411
1580.79,2,118361.63,47.14,3,2.77,49,32.33,84,773.0,18.88,5.2316,-0.7577,1.3633,2,2,1,6,1,-0.5389
187.57,12,17614.37,23.12,10,9.81,52,18.41,51,778.0,40.27,1.5447,1.7958,-0.2823,0,0,-1,7,1,-0.5442
47.11,12,1630.19,2.54,2,4.78,25,,13,621.0,22.2,-1.9444,-0.8535,0.5306,1,1,0,8,1,-0.4171
35.7,14,1843.6,10.65,3,3.47,37,1.04,20,599.0,50.17,-2.0834,-0.32,0.6629,1,1,0,5,1,-0.4248
112.83,13,2160.05,1.79,7,8.97,42,2.2,15,656.0,42.69,-1.6313,0.9958,-0.3824,1,1,0,8,1,-0.4362
229.99,8,11004.85,10.0,7,10.62,60,15.0,22,729.0,35.1,0.7122,1.2333,-0.3523,0,0,0,7,1,-0.4666
19.52,17,1355.69,0.46,2,9.83,23,1.81,8,603.0,10.5,-2.7044,-0.7404,-0.3629,1,1,0,0,1,-0.444
104.59,17,1111.42,11.56,5,9.92,36,0.68,3,549.0,13.83,-2.5066,0.1026,-0.9152,1,1,0,8,1,-0.4883
11.01,19,1756.45,3.06,4,3.85,26,9.19,11,640.0,29.72,-2.3054,-0.5436,0.6983,1,1,0,5,1,-0.4253
519.18,2,50173.56,33.96,5,18.67,45,1.24,23,638.0,32.04,0.9017,1.9909,-0.6388,0,0,0,9,1,-0.5256
54.07,13,1060.55,8.05,4,0.25,28,1.15,1,690.0,32.55,-2.0167,-0.7741,0.2739,1,1,0,8,1,-0.4309
201.87,10,11987.42,4.94,9,12.1,35,6.74,34,683.0,6.56,-0.2815,1.0795,-1.5895,0,0,0,3,1,-0.4455
13.58,21,1525.44,5.78,6,9.83,18,1.77,10,705.0,22.31,-2.4549,0.2857,-0.476,1,1,0,5,1,-0.4553
82.61,6,44563.16,7.1,8,12.68,34,12.69,20,671.0,51.54,-0.2023,2.2821,0.8429,0,0,0,9,1,-0.4741
688.71,12,16366.27,37.16,6,5.63,33,25.09,30,749.0,8.52,1.4238,0.0759,0.2506,0,0,0,4,1,-0.523
30.97,14,302.79,8.46,1,6.35,24,6.06,2,699.0,30.03,-1.9103,-0.7424,0.735,1,1,0,5,1,-0.442
251.16,9,16655.68,34.21,3,9.46,40,,29,722.0,45.27,0.3781,0.5522,0.5049,0,0,0,1,1,-0.4574
2678.95,3,26714.21,2.54,8,22.86,29,2.8,29,774.0,61.28,0.8915,3.414,0.58,0,0,0,9,-1,-0.5802
318.33,6,15540.51,21.28,5,6.97,43,2.23,60,736.0,9.45,1.2277,-0.4081,-1.541,0,0,0,1,1,-0.4559
9.27,12,2097.44,2.34,1,7.55,21,,10,663.0,29.41,-1.9674,-0.5839,0.8425,1,1,0,5,1,-0.4258
18.44,19,2803.16,3.1,4,6.91,18,0.76,7,,13.12,-2.4461,-0.6727,-0.4714,1,1,0,0,1,-0.4357
1075.02,2,169815.15,32.04,3,0.05,43,10.09,59,802.0,4.79,4.0513,-1.5073,0.2929,2,2,1,2,1,-0.5263
39.65,13,1072.95,10.38,3,0.43,36,0.05,13,581.0,9.29,-1.973,-1.5466,-0.6458,1,1,0,8,1,-0.4382
4.86,12,1990.02,6.43,6,2.45,42,2.74,6,625.0,22.32,-1.7162,-0.3161,-0.6348,1,1,0,5,1,-0.4405
441.73,4,56656.4,16.15,7,20.56,44,17.79,29,683.0,75.89,1.075,3.6081,1.7049,0,0,0,9,-1,-0.5584
28.66,12,2528.42,2.85,1,5.51,24,5.22,20,697.0,20.95,-1.4841,-1.15,0.2924,1,1,0,5,1,-0.4127
200.25,8,14967.93,33.29,8,10.25,53,5.93,31,761.0,25.31,1.1433,1.2022,-1.4138,0,0,0,1,1,-0.4665
76.34,11,2297.05,0.9,6,2.07,23,0.44,14,648.0,30.59,-2.1038,-0.1673,-0.023,1,1,0,8,1,-0.4291
99.69,6,13182.03,37.92,8,11.72,42,17.03,38,727.0,29.84,1.3807,1.8002,-0.2742,0,0,0,7,1,-0.4852
11.91,10,2249.59,0.09,6,3.6,18,0.24,21,603.0,52.31,-2.5457,0.562,0.803,1,1,0,0,1,-0.4578
308.52,6,11419.54,13.62,7,11.11,62,4.23,25,719.0,21.0,0.7212,0.8787,-1.6882,0,0,0,1,1,-0.4454
975.97,7,35620.55,17.06,3,16.72,37,9.57,40,698.0,53.76,0.9367,1.5548,1.2369,0,0,-1,9,1,-0.5213
417.14,10,13416.24,8.0,5,13.5,48,0.24,41,778.0,18.03,0.5573,0.3406,-1.6608,0,0,0,3,1,-0.4631
107.82,12,18215.67,4.57,2,14.15,52,2.12,19,753.0,10.99,-0.173,-0.3804,-1.4573,0,0,0,3,1,-0.4682
203.76,2,64221.43,10.65,8,11.86,37,0.99,15,613.0,53.53,-0.3915,2.2713,0.3212,0,0,0,9,1,-0.5095
233.58,8,5271.46,0.25,5,14.49,57,10.89,55,744.0,9.95,1.1436,0.3222,-1.633,0,0,0,3,1,-0.4957
19.67,16,2551.2,3.42,4,8.19,36,1.15,11,648.0,15.92,-1.9706,-0.4378,-0.8412,1,1,0,0,1,-0.4096
12.66,10,2241.04,10.87,2,9.14,31,4.79,10,728.0,5.81,-0.8865,-0.7295,-0.7578,1,1,0,5,1,-0.4238
115.13,9,17873.16,5.12,4,9.87,34,24.33,33,768.0,4.06,0.744,-0.2075,-0.1261,0,0,0,4,1,-0.463
840.21,0,101338.15,44.34,1,3.22,46,20.07,45,739.0,2.66,3.9921,-1.2521,0.9747,2,2,1,6,1,-0.5318
899.74,1,64909.86,19.23,1,3.63,50,4.57,80,782.0,2.35,3.4405,-1.8759,-0.7471,2,2,1,2,1,-0.5299
29.78,10,2483.93,5.5,3,3.79,22,1.22,13,560.0,32.26,-2.5043,-0.4431,0.5349,1,1,0,0,1,-0.4294
30.69,16,1448.65,8.1,4,2.23,30,3.16,17,632.0,24.53,-2.0143,-0.8563,-0.0053,1,1,0,5,1,-0.4047
43.59,14,1725.37,2.91,5,7.65,39,5.05,7,581.0,23.94,-2.1146,0.0948,-0.3231,1,1,0,8,1,-0.4252
2765.03,2,137624.78,110.92,3,0.31,56,3.41,69,753.0,3.77,4.5618,-1.6165,-0.3656,2,2,1,2,1,-0.5206
27.82,16,2226.35,0.69,5,8.54,21,1.06,11,741.0,34.25,-2.0686,0.2446,-0.0703,1,1,0,0,1,-0.4326
694.58,15,17589.85,1.36,3,9.32,48,0.61,22,707.0,5.71,-0.3531,-0.9261,-1.2265,1,0,0,7,1,-0.4697
4185.32,3,136047.73,12.29,1,2.0,46,3.57,32,776.0,3.32,3.0113,-1.8779,0.3284,2,2,1,2,1,-0.5074
173.83,10,23281.0,25.08,2,7.01,62,0.99,11,686.0,7.27,0.2178,-1.0457,-1.4673,0,0,0,1,1,-0.4939
124.15,9,23787.52,8.5,3,8.69,43,3.95,43,671.0,17.44,-0.0125,-0.5105,-0.7398,0,0,0,3,1,-0.4237
53.18,16,2253.08,6.44,2,5.26,35,0.01,15,697.0,35.57,-1.8141,-0.8296,0.0729,1,1,0,8,1,-0.3982
65.45,16,2387.11,2.25,5,9.79,31,,3,663.0,41.43,-2.1353,0.7172,0.5028,1,1,0,8,1,-0.4453
19.22,19,1115.22,14.83,5,8.13,25,1.2,10,647.0,1.5,-2.107,-0.4854,-1.1854,1,1,0,5,1,-0.4586
325.12,9,15368.4,1.26,6,9.07,35,25.42,10,673.0,51.63,-0.5995,1.4409,1.712,0,0,0,4,1,-0.4933
4154.44,4,71908.28,4.48,1,2.31,68,10.73,43,790.0,94.71,2.8839,-0.3785,2.4263,2,0,-1,9,-1,-0.5949
23.32,16,618.63,4.75,4,6.93,30,2.81,15,654.0,37.07,-2.1342,-0.0518,0.1963,1,1,0,5,1,-0.4045
347.28,7,12317.98,8.49,10,6.54,46,0.64,31,664.0,29.85,-0.2502,1.2031,-1.2946,0,0,0,3,1,-0.4643
140.51,6,14294.78,17.4,5,5.18,42,10.68,45,699.0,12.92,0.7859,-0.3234,-0.6345,0,0,0,1,1,-0.4441
28.87,13,1850.12,5.84,4,6.84,18,0.99,13,666.0,9.39,-2.0027,-0.5507,-0.6006,1,1,0,0,1,-0.4089
5.66,15,1096.93,8.32,5,7.55,37,3.05,4,638.0,26.93,-2.0042,0.1151,-0.4051,1,1,0,5,1,-0.4274
2054.75,6,49946.58,17.47,9,12.62,30,25.8,29,741.0,30.59,2.1191,2.1752,1.1471,0,0,0,4,1,-0.5489
10.42,19,1912.39,2.05,2,5.72,29,7.51,14,537.0,51.25,-3.0395,-0.2638,1.5805,1,1,0,5,1,-0.4677
329.55,4,14926.9,14.06,7,9.32,42,10.85,37,721.0,19.68,0.9317,0.852,-0.6904,0,0,0,7,1,-0.4308
639.86,1,76863.51,27.06,9,24.02,39,22.71,33,656.0,41.74,2.1049,3.6665,0.7797,0,0,0,4,-1,-0.589
141.89,4,54707.86,4.09,7,10.54,18,2.97,36,694.0,18.3,-0.0692,0.906,-0.4396,0,0,0,9,1,-0.4769
174.8,7,9672.13,20.31,1,7.28,37,11.62,29,738.0,14.54,0.5157,-0.8463,0.0531,0,0,0,7,1,-0.4496
318.11,6,12522.03,16.3,3,14.23,26,16.98,25,700.0,25.8,0.2182,0.8909,0.7884,0,0,0,7,1,-0.4677
2232.27,3,120909.74,24.84,1,4.02,53,3.28,56,,0.54,3.5419,-1.7266,-0.1134,2,2,1,2,1,-0.5202
1228.7,3,46847.64,16.67,1,2.8,52,6.31,66,777.0,1.95,3.1322,-1.9592,-0.5364,2,2,1,2,1,-0.5276
22.59,16,1772.34,3.56,2,6.71,42,2.9,13,704.0,26.22,-1.5099,-0.8919,-0.3102,1,1,0,0,1,-0.409
1457.44,3,97481.14,5.69,1,3.49,64,1.33,87,797.0,19.26,3.9564,-1.8157,-0.2424,2,2,1,2,-1,-0.5688
2200.97,0,102372.5,19.13,3,2.87,56,19.85,84,791.0,11.09,5.2096,-1.0821,0.859,2,2,1,6,1,-0.5415
16.83,20,2195.41,6.11,3,0.29,22,1.28,2,636.0,24.59,-2.9113,-1.3556,0.3861,1,1,0,5,1,-0.4363
2203.74,1,78870.95,47.43,2,4.07,56,38.45,63,799.0,3.56,5.1296,-1.1141,0.5405,2,2,1,6,1,-0.529
239.24,2,12343.13,0.9,2,9.98,39,3.54,40,782.0,23.64,0.6077,-0.3175,-0.5733,0,0,0,3,1,-0.4611
331.41,3,16362.37,4.17,3,7.36,22,0.04,35,711.0,39.04,-0.5024,0.0887,0.3821,0,0,0,3,1,-0.4611
2183.31,9,49527.26,1.16,8,17.02,60,2.2,20,712.0,41.45,1.162,2.1186,-0.4746,0,0,0,9,-1,-0.5551
528.8,6,50914.1,36.35,9,15.04,39,18.79,25,707.0,36.6,1.6911,2.6972,0.5149,0,0,0,9,1,-0.513
206.99,4,16282.26,12.47,7,7.7,42,19.14,44,697.0,12.93,1.2362,0.5901,-0.3122,0,0,0,7,1,-0.4678
24.35,10,2766.02,15.87,1,1.71,28,1.87,7,703.0,40.75,-1.5176,-0.9671,0.8421,1,1,0,5,1,-0.4423
26.23,12,2765.53,21.89,3,,34,13.26,13,701.0,25.41,-0.5875,-0.0599,0.4259,1,0,0,8,1,-0.4463
23.04,14,1175.79,12.45,1,3.06,27,0.33,23,692.0,59.04,-1.8782,-0.6475,1.2783,1,1,0,5,1,-0.4424
25.33,21,3366.22,5.71,1,2.49,24,2.58,14,685.0,24.63,-2.3591,-1.69,0.4466,1,1,0,5,1,-0.4321
377.16,7,22749.03,13.94,6,12.1,36,8.45,37,705.0,29.57,0.4177,1.0908,-0.2234,0,0,0,1,1,-0.4277
220.59,9,12845.96,0.12,5,12.38,67,,31,721.0,5.14,0.6926,-0.0294,-2.0131,0,0,0,3,1,-0.4677
40.15,15,2214.17,5.91,1,2.51,21,0.36,9,660.0,24.51,-2.3652,-1.4544,0.4084,1,1,0,0,1,-0.4213
23.02,13,2520.56,1.47,3,,18,1.13,5,610.0,21.86,-2.6803,-0.3096,0.0856,1,1,0,0,1,-0.4236
413.52,8,12132.51,27.11,6,5.78,57,2.78,51,713.0,12.69,1.3112,-0.2614,-1.7284,0,0,0,1,1,-0.4683
418.31,8,12801.9,43.8,4,12.67,44,3.78,33,686.0,35.54,0.5918,0.9474,-0.3845,0,0,0,1,1,-0.4731
1087.96,1,108028.45,62.03,2,4.32,62,0.81,46,745.0,1.6,3.8654,-1.3388,-0.8992,2,2,1,2,-1,-0.5587
23.22,18,3549.66,17.52,4,9.23,27,5.69,14,675.0,40.5,-1.8327,0.3848,0.4935,1,1,0,8,1,-0.445
19.15,13,2973.41,1.62,1,1.7,27,4.78,17,593.0,24.77,-2.2061,-1.4748,0.6627,1,1,0,5,1,-0.4308
284.83,6,20334.18,11.04,8,11.15,47,2.44,41,730.0,32.53,0.5662,1.3091,-1.1863,0,0,0,1,1,-0.4357
16.33,15,1910.83,14.29,1,9.69,28,2.29,16,695.0,15.84,-1.4944,-0.8257,-0.3732,1,1,0,5,1,-0.4312
47.88,16,2421.36,1.38,4,7.85,32,0.62,3,759.0,36.3,-1.8554,-0.0485,-0.1444,1,1,0,0,1,-0.4676
593.1,6,25347.41,6.3,5,17.14,32,4.56,24,612.0,17.48,-0.4232,1.2714,-0.5482,0,0,0,9,1,-0.4716
19.54,16,1078.82,4.98,5,6.73,33,0.98,4,640.0,26.23,-2.314,-0.0668,-0.4254,1,1,0,0,1,-0.418
45.88,21,1458.47,2.26,1,6.67,34,4.69,13,664.0,19.15,-2.1626,-1.3562,0.0047,1,1,0,8,1,-0.4407
206.98,7,31727.37,37.87,6,6.93,43,8.26,36,725.0,17.27,1.2953,0.3282,-0.7356,0,0,0,1,1,-0.4578
93.27,6,18444.92,26.31,5,14.68,32,3.3,55,735.0,23.19,0.7643,0.9595,-1.0534,0,0,0,1,1,-0.4758
10.4,11,3103.52,9.94,5,5.2,21,1.2,16,641.0,21.34,-1.8732,-0.1527,-0.2906,1,1,0,5,1,-0.418
124.2,10,8320.64,8.67,8,5.09,29,1.94,57,821.0,13.04,0.4715,-0.0781,-1.5729,0,0,0,3,1,-0.4967
60.33,13,1839.46,1.78,4,1.82,21,4.88,17,587.0,75.35,-2.7971,0.4096,2.2339,1,1,0,8,1,-0.4776
3281.15,3,83240.4,13.05,1,0.32,44,4.88,48,801.0,10.76,3.1318,-1.9688,0.4936,2,2,1,2,1,-0.5009
549.57,5,49961.42,8.6,8,24.93,23,5.62,18,753.0,13.44,0.509,2.3989,-0.9557,0,0,0,9,1,-0.53
18.13,8,2494.9,4.8,2,0.51,19,6.75,7,677.0,16.89,-1.5892,-1.3106,0.5668,1,1,0,5,1,-0.4378
680.25,6,12205.47,12.0,2,12.29,29,0.14,75,673.0,12.04,0.7039,-0.4506,-0.9001,0,0,0,7,1,-0.5027
445.06,4,40599.45,8.85,10,18.49,22,19.15,10,670.0,40.39,0.0802,3.4855,0.9522,0,0,0,9,-1,-0.5595
2133.3,0,94259.51,24.0,1,4.47,50,8.48,48,835.0,8.4,4.2438,-1.3606,0.3339,2,2,1,2,1,-0.5321
88.47,3,36978.84,1.64,10,22.83,28,0.52,36,712.0,45.25,-0.2266,3.4089,-0.9335,0,0,0,9,1,-0.5369
490.51,10,10566.68,10.87,10,10.08,45,19.2,24,696.0,28.87,0.5028,1.8244,-0.0435,0,0,0,7,1,-0.4859
776.98,0,127700.42,7.0,2,3.77,45,12.85,57,850.0,11.54,3.7508,-1.2878,0.482,2,2,1,2,-1,-0.55
114.06,13,2653.7,0.8,5,4.13,31,1.75,18,634.0,35.29,-1.9855,-0.1488,0.0872,1,1,0,8,1,-0.4168
1146.21,6,62935.56,8.06,6,21.03,18,8.77,15,757.0,35.08,0.7626,2.4622,0.8398,0,0,0,9,-1,-0.5583
159.26,6,18260.02,8.06,7,6.25,50,0.48,29,768.0,16.18,0.475,0.0916,-1.7222,0,0,0,1,1,-0.4418
163.91,7,9291.09,3.32,2,5.33,28,0.07,29,758.0,33.41,-0.6596,-0.688,0.0757,1,0,0,3,1,-0.4481
737.63,1,131205.11,36.82,2,2.98,36,39.93,69,778.0,3.41,4.2869,-1.2141,0.946,2,2,1,6,-1,-0.5523
1421.66,1,22108.85,100.49,3,2.17,38,23.51,34,848.0,4.08,3.5788,-0.838,0.6264,2,2,1,6,-1,-0.584
2009.89,7,51220.57,0.71,8,14.6,41,43.16,18,632.0,61.87,0.8706,2.8245,2.2928,0,0,0,4,-1,-0.5956
1733.92,5,116210.88,20.08,4,0.02,41,7.57,51,788.0,6.41,3.5252,-1.393,0.43,2,2,1,2,1,-0.5088
32.7,16,1430.17,0.71,5,5.8,32,0.5,11,624.0,16.77,-2.3082,-0.4598,-0.7337,1,1,0,0,1,-0.4141
340.98,8,8947.21,4.7,3,7.54,29,0.34,34,794.0,24.29,-0.1339,-0.4884,-0.4773,0,0,0,3,1,-0.444
172.0,2,42180.06,3.97,11,20.52,32,18.24,35,719.0,22.76,1.0996,3.297,-0.5722,0,0,0,9,-1,-0.5546
145.72,11,16404.58,1.95,6,11.43,52,14.32,24,670.0,7.95,0.0504,0.374,-0.9527,0,0,0,3,1,-0.4599
1240.67,6,48509.66,14.01,8,12.72,36,10.72,31,712.0,31.14,1.4403,1.7726,0.3467,0,0,0,9,1,-0.493
6.51,15,2467.0,0.53,3,8.67,37,0.4,11,706.0,20.36,-1.7096,-0.561,-0.7602,1,1,0,0,1,-0.4144
1973.9,3,126265.77,8.81,1,0.76,48,,39,772.0,8.81,3.2029,-1.9198,0.7536,2,2,1,2,1,-0.5026
1439.13,4,44369.28,26.27,12,18.05,37,2.93,29,707.0,10.28,1.8181,2.8922,-1.6465,0,0,0,9,-1,-0.5699
140.44,3,18824.99,15.25,2,10.84,55,7.07,24,733.0,12.57,0.9496,-0.302,-1.02,0,0,0,1,1,-0.4552
360.11,4,55508.35,35.03,9,,45,3.13,27,640.0,14.57,1.0677,1.1603,-1.2315,0,0,-1,9,1,-0.5025
10.26,16,1801.01,1.79,7,7.36,18,3.63,20,621.0,10.05,-2.2838,0.1086,-0.7385,1,1,0,5,1,-0.4486
20.31,17,2261.58,4.98,1,2.52,23,13.02,14,674.0,35.15,-1.8661,-1.1429,1.5989,1,1,0,8,1,-0.4585
145.21,8,4351.16,6.82,1,12.6,30,7.26,49,651.0,11.84,-0.3457,-0.4976,-0.4001,0,0,0,3,1,-0.4726
17.7,16,3019.66,2.19,6,8.39,26,1.78,11,689.0,43.14,-2.2327,0.6955,0.1279,1,1,0,0,1,-0.4204
387.97,4,21924.19,15.56,9,10.79,47,0.02,27,782.0,20.38,0.9213,1.3226,-1.8536,0,0,0,1,1,-0.4768
581.83,7,14951.68,19.0,4,9.78,33,7.92,1,754.0,14.0,0.1551,0.2389,-0.214,0,0,0,7,1,-0.4603
107.74,6,24836.63,9.42,3,7.75,56,5.63,23,,29.11,0.2657,-0.1996,-0.4466,0,0,0,1,1,-0.4452
1353.48,5,83440.83,35.42,3,1.08,52,14.6,70,830.0,5.82,4.6431,-1.4852,0.2203,2,2,1,2,1,-0.5442
2179.12,3,103245.64,51.44,4,0.3,52,12.53,88,747.0,1.74,4.9046,-1.3562,0.1399,2,2,1,2,1,-0.541
303.99,7,12117.75,2.69,6,8.44,59,2.78,10,667.0,31.52,-0.4272,0.5856,-0.9,0,0,0,3,1,-0.449
457.16,11,14891.98,6.21,6,7.47,49,3.25,32,683.0,25.44,-0.1371,0.1539,-0.8345,0,0,0,3,1,-0.4282
1755.12,2,88327.93,53.22,5,1.43,51,0.85,56,741.0,6.92,3.768,-0.8712,-0.6325,2,2,1,2,1,-0.5398
344.59,6,22811.79,4.44,5,7.99,31,3.89,33,665.0,37.51,-0.4725,0.5358,0.243,0,0,0,3,1,-0.4364
32.16,14,1834.97,11.93,5,0.3,25,0.19,16,660.0,17.02,-1.8398,-0.9651,-0.4469,1,1,0,5,1,-0.422
207.6,7,23175.58,14.8,9,5.53,34,1.03,48,725.0,14.89,0.4211,0.4778,-1.5118,0,0,0,1,1,-0.4638
25.57,15,1789.34,1.91,8,1.35,24,7.53,19,611.0,29.18,-2.1438,0.145,0.2119,1,1,0,5,1,-0.4556
21.36,17,3069.03,5.95,6,3.27,19,2.74,15,595.0,39.87,-2.7875,0.1243,0.6063,1,1,0,5,1,-0.4363
68.97,21,956.02,12.26,2,8.07,30,3.26,14,702.0,22.92,-1.8843,-0.8292,-0.1158,1,1,0,8,1,-0.4292
272.08,10,13257.41,6.65,6,14.8,61,5.21,35,708.0,32.43,0.3461,1.1289,-1.2325,0,0,0,3,1,-0.4466
18.72,14,1682.5,14.18,1,,32,4.69,10,663.0,26.77,-1.6281,-0.6805,0.2422,1,1,0,5,1,-0.4218
143.02,10,16526.06,12.78,1,10.54,47,0.09,42,668.0,5.18,-0.0511,-1.0988,-1.4317,0,0,0,1,1,-0.4532
853.96,1,79786.39,12.92,3,1.38,34,17.29,65,840.0,2.24,3.6353,-1.4334,0.5412,2,2,1,2,-1,-0.5579
370.76,6,69404.39,5.95,5,19.98,34,9.65,16,676.0,48.0,0.128,2.3405,0.9054,0,0,0,9,1,-0.5198
6.97,21,2458.61,12.31,3,9.51,22,2.43,10,542.0,27.95,-3.1557,-0.1301,0.3019,1,1,0,5,1,-0.4811
1677.45,2,90056.43,86.61,1,0.0,49,19.62,57,819.0,19.75,4.8234,-1.4251,1.6754,2,2,1,2,1,-0.548
15.68,16,1370.22,6.61,4,5.7,25,2.7,9,676.0,61.88,-2.4546,0.4388,1.2582,1,1,0,5,1,-0.4259
1752.29,4,42973.96,28.88,1,3.25,54,5.16,81,754.0,34.49,3.342,-1.1525,0.5312,2,2,1,2,-1,-0.5607
3845.14,2,100208.31,33.69,6,1.49,58,15.43,59,738.0,10.14,4.5998,-0.4536,0.3109,2,2,1,2,-1,-0.5515
1881.95,8,62593.07,28.71,6,23.62,39,2.21,38,677.0,61.11,1.4283,2.9448,0.8431,0,0,0,9,-1,-0.5736
5.51,14,2384.53,21.07,6,2.43,31,0.87,15,751.0,27.25,-1.0537,-0.2704,-0.5719,1,1,0,8,1,-0.4697
315.93,5,18094.95,3.69,5,9.97,47,7.66,19,767.0,10.64,0.6221,0.1361,-1.0803,0,0,0,3,1,-0.4527
6347.26,2,66107.12,1.69,5,1.17,52,3.14,56,758.0,13.05,2.8179,-1.045,-0.3874,2,2,1,2,1,-0.5415
377.26,6,10625.09,1.03,6,10.41,41,10.63,30,709.0,39.37,0.0635,1.0944,0.1854,0,0,0,3,1,-0.4459
142.99,5,11029.49,7.01,4,13.95,45,6.37,29,702.0,10.71,0.2223,0.3887,-1.2559,0,0,0,3,1,-0.4284
543.04,10,14220.93,26.49,7,5.24,30,16.08,43,751.0,9.21,1.2246,0.1304,-0.1802,0,0,0,7,1,-0.487
1206.3,4,75968.59,55.35,2,0.12,48,34.0,52,824.0,3.3,4.3426,-1.6038,0.7672,2,2,1,6,1,-0.5404
2169.11,4,82801.1,26.98,1,0.95,47,27.92,40,725.0,7.04,3.5342,-1.5829,1.4875,2,2,1,6,1,-0.52
81.76,16,2688.58,2.41,5,2.01,24,7.72,5,673.0,37.98,-2.1804,-0.2467,0.9065,1,1,0,8,1,-0.4396
5149.21,3,96721.35,41.7,1,3.58,43,22.5,60,762.0,6.68,4.5615,-1.2767,1.3651,2,2,1,6,1,-0.5152
20.94,14,1604.03,0.04,5,6.09,18,4.17,8,589.0,48.63,-2.9533,0.5576,1.0987,1,1,0,5,1,-0.4407
345.96,6,55529.91,1.37,13,15.94,54,1.33,19,686.0,45.8,0.2019,3.1024,-1.1579,0,0,0,9,1,-0.5481
11.76,19,1746.51,1.26,1,3.17,31,15.33,6,655.0,13.23,-1.8491,-1.621,0.8313,1,1,0,8,1,-0.4913
778.97,8,45503.86,63.28,7,,18,10.74,14,694.0,63.56,0.2724,2.0753,2.1695,0,0,-1,9,-1,-0.5627
19.52,15,1327.55,3.51,7,4.18,30,15.68,12,714.0,18.92,-1.0879,0.071,0.1532,1,1,0,8,1,-0.4662
8.51,17,2053.86,6.79,1,7.41,20,0.13,12,647.0,16.23,-2.4594,-1.1354,-0.0849,1,1,0,5,1,-0.4441
389.79,9,8475.22,37.79,2,6.46,36,5.45,38,734.0,38.27,0.5709,-0.2174,0.4049,0,0,0,7,1,-0.4654
16.5,13,2175.94,4.73,6,7.53,18,1.39,13,661.0,8.79,-2.0171,-0.029,-0.8611,1,1,0,0,1,-0.4258
20.51,14,2152.62,0.11,4,7.68,24,2.61,4,634.0,42.1,-2.627,0.2944,0.605,1,1,0,0,1,-0.4228
776.26,4,41011.16,0.48,3,10.38,28,6.44,21,663.0,15.05,0.0779,0.0126,0.2761,0,0,0,9,1,-0.4718
27.52,10,2870.79,1.28,2,2.69,25,0.46,9,723.0,45.37,-1.856,-0.6688,0.8054,1,1,0,0,1,-0.4298
340.83,9,11262.39,3.19,4,14.73,50,5.62,30,734.0,30.77,0.1316,0.716,-0.7044,0,0,0,3,1,-0.4309
21.85,12,1662.35,2.65,4,6.45,34,1.18,1,662.0,22.37,-1.9666,-0.3058,-0.4628,1,1,0,0,1,-0.4184
387.88,11,35104.93,0.62,8,14.23,43,0.03,31,660.0,39.17,-0.5952,1.6743,-0.7715,0,0,0,9,1,-0.4865
354.9,13,10821.39,2.24,8,11.7,39,1.17,50,730.0,15.68,-0.0905,0.6608,-1.7354,0,0,0,3,1,-0.4845
8.03,12,1724.22,0.06,1,5.88,22,0.85,7,686.0,15.46,-2.0765,-1.2252,-0.0923,1,1,0,0,1,-0.4326
17.07,10,1550.48,5.7,2,4.57,22,5.87,4,666.0,70.88,-2.2741,0.3556,2.2114,1,1,0,5,1,-0.4709
470.99,3,44485.07,20.43,7,10.66,28,2.82,33,725.0,41.37,0.6364,1.5706,0.1105,0,0,0,9,1,-0.4655
1601.14,3,61068.95,44.31,1,0.78,47,,92,798.0,16.69,4.1662,-1.7064,0.3775,2,2,1,2,-1,-0.551
266.29,7,7703.53,4.19,7,8.9,51,8.93,19,747.0,47.37,0.0651,1.2687,-0.0533,0,0,0,3,1,-0.4594
12.72,14,1369.02,13.61,2,4.82,41,7.37,6,578.0,35.76,-1.9348,-0.5268,0.6727,1,1,0,8,1,-0.4572
149.95,6,16943.32,9.56,6,14.18,31,2.68,31,721.0,19.41,-0.1519,1.056,-1.0884,0,0,0,1,1,-0.4216
299.18,9,24385.01,21.27,5,11.39,44,5.63,1,680.0,4.39,-0.1362,0.3302,-1.151,0,0,0,1,1,-0.4799
51.0,15,860.1,10.43,2,6.78,22,12.29,4,650.0,62.94,-2.2246,0.4157,2.3524,1,1,0,8,1,-0.4976
509.99,5,58714.89,12.94,7,10.0,46,1.37,42,643.0,68.31,0.4204,1.8701,0.7229,0,0,2,9,1,-0.5183
8.4,8,1532.96,0.26,2,7.07,28,4.25,18,634.0,26.16,-1.6584,-0.4824,0.1981,1,1,0,5,1,-0.4135
526.46,6,12294.53,9.23,8,,42,1.75,42,705.0,14.7,0.4767,0.541,-1.5085,0,0,0,3,1,-0.4434
7274.35,9,77265.54,8.75,8,21.41,37,6.36,25,708.0,26.76,1.4603,2.515,-0.086,0,0,0,9,-1,-0.5715
2538.87,3,92100.47,6.96,1,3.58,60,6.34,49,719.0,9.43,3.173,-1.6818,0.1874,2,2,1,2,1,-0.5215
27.31,11,2968.73,0.91,1,4.93,33,5.43,5,611.0,46.01,-2.2184,-0.511,1.215,1,1,0,5,1,-0.437
2328.86,3,21237.63,0.58,9,10.7,18,2.44,12,763.0,45.49,0.1926,2.1614,0.6979,0,0,0,9,-1,-0.5742
44.63,15,1578.5,6.1,4,7.37,32,5.66,7,684.0,11.14,-1.5909,-0.5025,-0.5782,1,1,0,8,1,-0.4106
1828.62,3,95947.36,17.86,1,2.71,52,27.97,39,784.0,2.4,4.0432,-1.6031,1.1357,2,2,1,6,1,-0.5065
118.95,6,7847.2,12.02,6,12.48,42,3.12,23,654.0,22.3,-0.4843,0.9904,-1.1095,0,0,0,1,1,-0.4314
35.06,21,1059.59,0.07,2,4.71,29,2.39,20,,26.67,-2.1896,-1.2781,0.0939,1,1,0,0,1,-0.4308
9.04,19,1948.04,1.36,3,4.83,30,,7,630.0,24.55,-2.4142,-0.811,0.3903,1,1,0,5,1,-0.4324
148.82,6,63773.09,10.47,2,13.61,23,21.38,29,672.0,59.73,0.2193,1.3582,2.7595,0,0,-1,4,1,-0.5345
2031.22,1,88957.33,22.19,1,1.85,63,22.45,79,754.0,17.2,4.9514,-1.5272,1.1341,2,2,1,6,-1,-0.552
603.01,1,112962.2,5.08,1,4.25,50,12.99,50,810.0,17.96,3.2246,-1.3184,0.7225,2,2,1,2,1,-0.5364
2346.41,4,83795.27,9.95,1,2.23,55,8.18,53,794.0,10.85,3.4981,-1.84,0.3535,2,2,1,2,1,-0.5076
5.19,17,1886.97,7.2,1,6.54,28,8.42,6,620.0,30.42,-2.2964,-0.7697,0.9196,1,1,0,5,1,-0.4557
15.27,11,1212.84,6.42,2,3.48,40,3.24,2,650.0,33.31,-1.7568,-0.7918,0.2781,1,1,0,5,1,-0.4354
5.79,12,1600.23,12.05,4,9.34,39,4.05,8,679.0,58.24,-1.6009,0.9004,0.6716,1,1,0,5,1,-0.4571
5.56,19,1856.91,10.24,5,3.79,36,4.41,10,741.0,54.55,-1.7646,0.1028,0.6715,1,1,0,5,1,-0.4606
28.31,17,3355.48,1.32,3,6.34,37,6.99,13,716.0,18.36,-1.4161,-0.8612,-0.2623,1,1,0,5,1,-0.425
157.62,9,20949.71,14.46,5,14.04,46,2.18,29,746.0,17.16,0.2926,0.5947,-1.4738,0,0,0,1,1,-0.4314
319.59,3,60420.15,31.01,10,15.56,36,24.03,12,736.0,7.27,1.8809,2.4349,-0.5136,0,0,0,4,-1,-0.5555
137.33,8,13349.78,27.75,8,12.39,54,5.58,45,688.0,23.79,0.8618,1.3371,-1.6109,0,0,0,1,1,-0.4591
16.99,13,2887.78,17.77,2,6.09,18,2.71,12,653.0,20.19,-1.8727,-0.7033,0.194,1,1,0,8,1,-0.4328
1970.67,5,78111.23,125.06,2,4.58,53,4.1,52,736.0,5.32,3.5262,-1.2487,-0.2972,2,2,1,2,1,-0.5042
2155.42,2,140704.06,29.21,1,2.53,34,8.84,64,789.0,23.65,3.8876,-1.2224,1.4805,2,2,1,2,1,-0.5217
289.57,6,16074.86,5.07,5,12.6,31,1.4,31,772.0,11.69,0.1238,0.3723,-1.2825,0,0,0,3,1,-0.4427
812.3,2,115072.64,59.73,3,0.77,44,10.5,52,736.0,5.11,3.5684,-1.2671,0.2901,2,2,1,2,1,-0.5184
4.9,17,2225.88,3.6,4,3.27,33,2.32,12,679.0,66.85,-2.3698,0.1366,1.277,1,1,0,0,1,-0.4416
2447.45,1,101744.64,10.85,4,0.44,41,0.1,42,749.0,6.33,2.8167,-1.3135,-0.0505,2,2,1,2,1,-0.5409
137.16,6,18686.94,26.85,6,14.88,32,4.36,25,788.0,12.2,0.663,1.1116,-1.3728,0,0,0,1,1,-0.4651
12.91,17,2240.92,0.13,3,7.68,20,3.48,13,673.0,26.64,-2.3723,-0.4392,0.2386,1,1,0,5,1,-0.409
21.36,19,1017.5,9.36,2,3.78,18,0.82,12,589.0,46.17,-3.1632,-0.6157,1.2053,1,1,0,5,1,-0.4504
19.19,15,1938.61,1.39,1,1.37,38,3.8,10,602.0,41.98,-2.358,-1.2279,0.9496,1,1,0,5,1,-0.4312
5732.79,5,45153.82,10.83,1,4.29,44,6.84,62,777.0,15.13,2.6971,-1.5007,0.3093,2,2,1,2,1,-0.5173
323.08,12,10689.48,0.6,3,12.38,54,1.08,59,740.0,38.49,0.289,0.0018,-0.838,0,0,0,3,1,-0.4972
839.55,4,30847.21,7.29,10,21.5,18,11.08,37,742.0,29.76,0.8146,3.2825,-0.1971,0,0,0,9,-1,-0.5551
57.61,19,2378.59,13.43,1,0.81,24,4.63,6,657.0,38.89,-2.4064,-1.3245,1.2541,1,1,0,8,1,-0.4557
22.98,14,1733.09,8.7,5,,31,0.2,15,747.0,14.89,-1.2509,-0.2526,-1.1277,1,1,0,5,1,-0.4215
333.14,4,12385.04,4.99,1,11.22,31,0.09,21,758.0,26.3,-0.264,-0.2393,-0.2364,0,0,0,3,1,-0.4636
1351.69,3,84069.03,61.14,1,3.55,51,18.51,53,753.0,9.28,4.21,-1.2393,1.0201,2,2,1,2,1,-0.5196
1815.79,4,101193.8,18.04,2,1.83,67,46.93,40,833.0,10.41,4.6619,-1.4624,0.8842,2,2,1,6,-1,-0.5545
152.62,4,36538.3,8.17,6,11.4,40,3.28,39,706.0,9.81,0.6028,0.4732,-1.4019,0,0,0,9,1,-0.4294
244.65,9,22989.98,3.06,3,9.86,33,3.37,24,704.0,9.5,-0.4617,-0.4607,-0.7136,0,0,0,3,1,-0.4172
419.4,5,40278.14,3.16,3,16.47,39,9.98,4,608.0,29.82,-0.5149,1.1806,0.5322,0,0,-1,9,1,-0.5156
462.58,10,13954.07,3.01,12,12.47,49,1.78,17,774.0,13.55,0.1779,1.8282,-2.3634,0,0,0,3,1,-0.5227
514.77,2,53105.14,54.55,5,23.9,29,4.18,26,691.0,72.24,0.7605,3.3782,1.2278,0,0,0,9,-1,-0.5644
1164.01,4,83507.76,2.61,1,2.84,52,0.44,71,742.0,4.77,2.7737,-2.1472,-0.5706,2,2,1,2,1,-0.5328
170.23,7,20552.81,6.89,2,8.84,58,1.7,34,718.0,12.76,0.4961,-0.8794,-1.3847,0,0,0,3,1,-0.4309
25.52,13,2380.53,17.52,2,7.58,24,0.7,2,675.0,4.04,-1.729,-0.9286,-0.7219,1,1,0,5,1,-0.4572
1482.11,2,66435.43,151.41,1,0.87,56,18.44,61,850.0,3.49,5.0312,-1.7991,0.5043,2,2,1,2,-1,-0.5744
11.88,15,1210.96,4.93,5,6.56,30,3.34,16,667.0,60.79,-2.1592,0.7071,0.9383,1,1,0,5,1,-0.421
28.57,15,1506.84,7.22,1,2.11,40,0.47,13,718.0,41.95,-1.6077,-1.2679,0.4069,1,1,0,5,1,-0.4306
15.52,12,1814.86,5.74,1,4.27,35,0.15,9,591.0,41.14,-2.36,-0.7939,0.6188,1,1,0,5,1,-0.4307
1293.29,5,140020.98,12.72,3,1.53,44,30.17,52,817.0,20.06,3.8243,-1.0585,1.6242,2,2,1,6,1,-0.5281
47.5,18,2002.66,6.41,1,6.09,24,5.04,14,551.0,4.35,-2.5839,-1.4837,-0.0403,1,1,0,8,1,-0.4638
33.74,14,2486.1,16.1,4,5.47,18,1.61,13,,43.19,-1.9391,0.1055,0.6437,1,1,0,8,1,-0.4407
525.47,7,41362.79,1.97,6,13.26,36,20.47,18,662.0,61.75,0.0527,2.1911,2.1179,0,0,0,4,1,-0.5218
7.56,16,2167.72,0.9,2,4.86,30,5.79,21,538.0,27.58,-2.5506,-0.8979,0.5666,1,1,0,5,1,-0.4544
3734.99,2,129611.72,34.54,2,0.19,46,28.88,76,805.0,11.74,5.223,-1.4923,1.39,2,2,1,6,1,-0.5292
472.62,3,22163.48,9.79,1,9.83,37,0.16,55,727.0,37.28,0.6879,-0.2854,0.0143,0,0,0,3,1,-0.4932
1574.1,2,47668.92,14.49,6,17.72,35,,9,775.0,5.43,1.9052,1.4909,-0.5932,0,0,-1,9,-1,-0.5662
312.68,9,15435.49,8.61,8,11.5,38,0.72,31,738.0,14.62,-0.0264,0.8988,-1.6759,0,0,0,3,1,-0.4368
596.14,7,15530.4,0.98,10,8.92,35,15.39,30,736.0,23.16,0.5852,1.5091,-0.2147,0,0,0,7,1,-0.4763
3469.46,2,63526.81,6.11,4,3.94,42,12.92,60,802.0,17.77,3.3177,-0.6524,0.6489,2,2,1,2,1,-0.5275
4.62,15,2038.64,2.05,1,5.81,31,3.39,15,589.0,66.75,-2.7374,-0.1108,1.7907,1,1,0,5,1,-0.4628
16.93,10,2458.48,4.73,1,0.45,32,7.94,13,675.0,49.12,-1.53,-0.957,1.5459,1,1,0,5,1,-0.4457
619.81,9,18182.86,10.47,3,7.42,45,3.74,25,703.0,12.56,0.2264,-0.6697,-0.6789,0,0,0,7,1,-0.4244
211.36,9,17178.44,4.1,3,7.71,37,12.32,34,739.0,29.12,0.1577,-0.2248,0.4348,0,0,0,3,1,-0.4229
228.11,5,54011.41,10.46,17,14.39,22,5.56,28,667.0,34.05,-0.1194,2.9664,-0.4515,0,0,0,9,1,-0.5194
702.87,1,133471.63,11.76,3,4.12,43,9.36,67,738.0,24.43,3.0054,-0.7266,0.6808,2,2,1,2,1,-0.5184
19.7,19,1666.96,1.44,1,0.81,23,5.25,12,643.0,4.46,-2.3523,-2.2308,0.0841,1,1,0,5,1,-0.4545
98.36,6,53028.64,2.76,8,23.57,36,23.27,4,734.0,69.72,0.0635,3.84,1.6686,0,0,0,4,-1,-0.5876
7.12,18,1860.06,2.21,1,7.32,22,0.74,16,601.0,40.85,-2.9549,-0.6345,0.8438,1,1,0,0,1,-0.4435
461.85,5,6952.47,37.81,6,6.05,42,0.36,46,732.0,10.96,1.2498,-0.0123,-1.6158,0,0,0,7,1,-0.4866
14.98,12,2233.63,3.75,2,6.03,31,5.73,17,554.0,5.6,-1.9742,-1.1098,-0.3119,1,1,0,5,1,-0.4364
3357.08,3,130528.19,61.48,4,3.69,50,5.78,83,804.0,12.58,4.8404,-0.8448,-0.1145,2,2,1,2,1,-0.5426
8.31,18,2125.54,1.58,3,9.21,23,0.06,10,674.0,11.05,-2.3834,-0.6946,-0.6932,1,1,0,0,1,-0.4251
197.2,7,16474.19,30.08,2,11.44,31,3.56,51,671.0,20.63,0.3666,-0.0735,-0.4356,0,0,0,1,1,-0.4703
40.33,16,2321.11,1.06,1,9.06,26,2.57,4,583.0,15.45,-2.7344,-0.871,0.0117,1,1,0,0,1,-0.4526
1725.94,0,123339.89,21.98,4,0.13,46,,68,778.0,1.3,4.3496,-1.4445,-0.0319,2,2,1,2,1,-0.5241
64.13,17,1964.71,7.31,4,2.28,39,0.97,9,640.0,19.03,-1.9888,-1.0619,-0.5434,1,1,0,8,1,-0.424
1839.07,1,108545.64,30.37,3,2.71,44,34.91,54,759.0,11.96,4.4671,-0.7852,1.4423,2,2,1,6,1,-0.5094
10.69,17,2531.21,2.59,4,3.46,46,10.18,12,682.0,24.05,-1.301,-0.802,-0.0325,1,1,0,8,1,-0.4478
27.48,15,1037.85,0.84,3,7.87,25,0.88,13,,54.6,-2.3193,0.2153,0.8495,1,1,0,0,1,-0.4275
28.6,15,2543.8,0.7,5,9.01,31,10.03,17,607.0,31.85,-1.9557,0.4278,0.383,1,1,0,5,1,-0.4338
39.14,15,1980.34,5.18,3,8.41,18,1.68,7,639.0,8.04,-2.374,-0.6279,-0.4434,1,1,0,0,1,-0.4244
12.67,15,2023.67,7.42,2,9.92,26,0.54,18,562.0,34.28,-2.633,-0.1184,0.2902,1,1,0,5,1,-0.4368
24.09,19,3356.39,10.72,3,8.7,30,0.16,15,704.0,58.31,-2.2009,0.2889,0.751,1,1,0,5,1,-0.4453
18.99,14,1341.87,1.54,4,0.02,42,4.64,6,696.0,31.63,-1.5944,-0.9748,0.0848,1,1,0,5,1,-0.437
107.12,23,2501.51,1.27,1,8.15,24,1.34,8,647.0,27.76,-2.9342,-1.0034,0.3828,1,1,0,8,1,-0.47
26.03,15,2790.0,0.64,1,1.1,18,7.47,11,552.0,51.82,-3.0795,-0.8295,2.2045,1,1,0,5,1,-0.4908
19.49,8,1484.66,8.14,3,8.55,38,2.5,16,745.0,40.17,-0.8235,0.1441,-0.0609,1,0,0,5,1,-0.4209
1256.35,4,18515.39,21.73,5,11.23,21,26.73,18,655.0,38.24,0.716,1.5747,2.0355,0,0,0,4,1,-0.5397
292.18,6,8180.63,4.01,4,13.26,45,0.03,42,767.0,43.35,0.2131,0.7878,-0.6552,0,0,0,3,1,-0.4681
291.94,9,15875.5,13.56,3,11.56,50,8.41,30,734.0,30.3,0.4836,0.2283,-0.2727,0,0,0,1,1,-0.4237
297.69,1,60548.73,15.93,10,22.3,44,8.74,38,711.0,20.45,1.6879,3.0326,-1.4233,0,0,0,9,1,-0.5381
72.36,6,51049.27,54.44,9,18.45,43,17.43,15,706.0,51.27,1.1574,3.4638,0.5338,0,0,0,9,-1,-0.5531
503.94,3,56115.01,2.3,5,10.88,41,2.99,11,702.0,69.04,-0.0924,1.7062,1.3031,0,0,0,9,1,-0.5042
456.24,7,19042.86,3.44,8,14.74,52,5.13,51,681.0,5.68,0.8699,1.0124,-2.1242,0,0,0,3,1,-0.4889
407.04,5,22359.89,38.41,6,10.88,36,31.44,26,750.0,17.23,1.7329,1.1291,0.1695,0,0,0,4,1,-0.4969
8.55,13,1816.79,4.55,4,2.0,33,3.43,20,614.0,47.24,-2.0624,-0.3041,0.7477,1,1,0,5,1,-0.4217
1324.75,7,78511.61,65.55,3,4.77,56,64.55,25,803.0,10.86,3.7702,-0.6213,0.7964,2,2,1,6,1,-0.5464
35.11,16,1540.12,1.07,1,3.88,21,0.35,20,687.0,48.24,-2.3953,-0.9032,1.088,1,1,0,0,1,-0.4389
1161.39,3,89167.02,18.72,3,2.84,33,15.68,76,764.0,4.78,3.6494,-1.2361,0.7465,2,2,1,2,1,-0.5282
38.72,14,2999.42,2.42,2,6.86,51,3.24,6,622.0,33.14,-1.7814,-0.5964,-0.1018,1,1,0,0,1,-0.4384
615.7,9,17009.43,1.69,7,14.85,35,4.16,33,725.0,34.97,-0.0914,1.56,-0.4589,0,0,0,3,1,-0.4535
317.28,11,25857.45,44.54,9,5.89,37,8.52,54,745.0,7.19,1.516,0.4589,-1.3652,0,0,0,1,1,-0.5182
1236.13,9,27832.34,28.87,9,21.93,29,6.48,41,692.0,51.41,0.9003,3.4674,0.265,0,0,0,9,-1,-0.557
80.83,7,13201.25,1.79,2,6.01,40,9.73,47,689.0,51.17,-0.168,-0.189,1.0465,0,0,0,3,1,-0.4628
2185.45,6,147119.85,31.47,2,3.72,40,1.58,59,838.0,27.42,3.6721,-1.0378,0.7162,2,2,1,2,-1,-0.5661
18.31,21,2131.91,1.31,1,8.31,26,2.01,8,627.0,31.74,-2.9339,-0.8142,0.4921,1,1,0,0,1,-0.4391
88.03,13,14171.31,6.09,4,,51,2.42,52,755.0,6.59,0.4218,-0.9738,-1.8037,0,0,0,3,1,-0.4689
2167.99,1,105702.57,26.51,1,0.92,48,25.72,57,786.0,4.87,4.7215,-1.7084,1.337,2,2,1,6,1,-0.5171
32.73,17,2691.32,2.27,3,4.14,18,0.6,18,645.0,26.14,-2.5436,-0.8874,0.2331,1,1,0,0,1,-0.4192
260.97,7,39123.02,3.39,6,13.71,39,14.99,12,656.0,59.95,-0.3932,2.1549,1.5077,0,0,0,9,1,-0.5081
1976.81,2,106810.48,75.13,2,0.55,51,10.13,52,780.0,6.46,4.4912,-1.5433,0.5307,2,2,1,2,1,-0.5102
11.36,18,1422.5,3.64,1,4.14,18,2.13,4,721.0,17.91,-2.3458,-1.5104,0.2462,1,1,0,0,1,-0.4552
18.57,11,2233.93,0.09,4,6.1,30,2.48,11,,56.75,-1.9176,0.4163,0.8595,1,1,0,0,1,-0.4288
301.81,9,22300.87,4.95,2,7.09,24,4.04,30,765.0,15.57,-0.2114,-0.8768,-0.0859,1,0,0,3,1,-0.4413
19.62,17,2054.28,2.73,1,4.82,37,13.56,16,632.0,65.03,-1.9867,-0.2501,2.285,1,1,0,8,1,-0.5046
437.43,7,12473.39,12.07,3,11.21,42,5.92,25,754.0,11.67,0.5145,-0.1605,-0.8474,0,0,0,7,1,-0.4351
20.32,18,2643.58,4.6,1,5.52,30,0.78,8,547.0,21.02,-2.955,-1.2413,0.1435,1,1,0,0,1,-0.4631
235.45,6,9830.22,11.6,7,11.41,35,3.8,48,725.0,11.11,0.4591,0.6778,-1.5501,0,0,0,1,1,-0.4371
2324.76,3,130545.23,0.61,4,,37,0.57,47,805.0,11.76,2.8191,-0.5124,-0.0765,2,2,1,2,1,-0.543
366.4,13,16298.18,7.33,7,5.29,45,0.09,42,640.0,24.24,-0.5615,-0.0128,-1.0534,0,0,0,3,1,-0.4712
20.71,21,1055.76,6.03,6,0.73,27,1.89,13,616.0,41.13,-2.848,-0.3416,0.4557,1,1,0,5,1,-0.4564
58.17,13,1503.83,0.62,3,3.18,32,2.1,14,580.0,21.8,-2.2805,-0.9632,-0.0313,1,1,0,0,1,-0.4177
307.91,9,22451.65,14.72,3,8.54,29,8.58,30,738.0,8.67,0.2634,-0.4981,-0.2896,0,0,0,1,1,-0.4333
250.84,5,22911.92,26.8,4,12.97,33,23.7,15,711.0,15.23,0.8609,0.8878,0.424,0,0,0,4,1,-0.4845
429.47,11,25515.44,12.48,3,11.44,49,5.46,29,734.0,27.34,0.3956,0.0383,-0.4083,0,0,0,1,1,-0.437
91.29,6,16626.33,1.47,6,,18,6.66,5,697.0,0.5,-1.0531,0.1168,-0.6729,1,1,0,3,1,-0.4764
285.66,12,10023.48,2.09,5,11.76,39,11.84,64,703.0,9.09,0.5267,-0.036,-0.9141,0,0,0,3,1,-0.4835
245.73,7,9737.55,35.36,7,5.47,49,2.21,38,678.0,25.64,0.6134,0.469,-1.18,0,0,0,1,1,-0.4664
1942.1,4,76474.24,36.41,1,2.52,62,9.15,34,789.0,13.72,3.7935,-1.4293,0.3513,2,2,1,2,1,-0.536
19.75,13,1716.13,1.89,1,6.98,32,4.53,8,643.0,52.07,-2.226,-0.2391,1.2308,1,1,0,5,1,-0.4302
34.13,18,1457.21,1.39,6,3.99,21,,8,591.0,10.29,-2.6126,-0.4456,-0.1479,1,1,0,5,1,-0.4595
104.5,17,736.78,1.62,2,2.9,34,4.87,12,552.0,37.51,-2.6818,-0.9166,0.8973,1,1,0,8,1,-0.4521
332.45,9,14284.06,10.4,4,7.45,18,4.33,35,733.0,26.35,-0.4663,-0.0446,0.1854,0,0,0,3,1,-0.4431
141.77,17,10858.19,23.01,8,9.69,50,2.04,33,702.0,9.56,-0.1697,0.3834,-2.0753,0,0,0,1,1,-0.4798
32.67,17,1082.95,0.31,5,4.24,29,6.35,18,634.0,57.71,-2.4055,0.3261,1.2352,1,1,0,5,1,-0.4417
1184.2,2,102217.06,9.89,7,4.63,49,26.81,52,739.0,5.45,3.7072,-0.016,0.3813,2,2,1,6,1,-0.5387
4236.9,1,128135.82,3.95,1,4.55,47,13.27,67,807.0,4.4,4.265,-1.6469,0.6762,2,2,1,2,1,-0.5201
220.07,7,7796.33,8.85,4,12.82,37,2.82,37,718.0,17.95,-0.0363,0.31,-1.0527,0,0,0,3,1,-0.412
89.89,15,776.8,2.88,2,6.75,21,0.68,5,654.0,61.01,-2.8229,0.1285,1.4866,1,1,0,8,1,-0.4508
2186.12,2,109085.9,4.29,3,4.4,46,31.91,45,754.0,0.49,3.7762,-1.0534,1.0264,2,2,1,6,1,-0.5177
62.02,19,2695.54,6.11,2,2.86,21,3.17,5,719.0,21.21,-2.2,-1.3753,0.3168,1,1,0,8,1,-0.437
1333.93,1,72015.65,0.0,1,3.28,50,8.83,56,764.0,16.18,2.9254,-1.5313,0.5297,2,2,1,2,1,-0.5188
12.66,14,2533.11,27.0,1,4.8,33,3.5,19,709.0,43.13,-1.0871,-0.6715,0.6856,1,1,0,8,1,-0.4607
1952.47,5,29311.28,24.99,11,12.17,18,2.07,35,637.0,39.37,0.5205,2.7369,0.2272,0,0,-1,9,-1,-0.583
12.2,17,3460.45,10.97,3,,37,,6,738.0,37.86,-1.3925,-0.1252,0.37,1,1,0,5,1,-0.4486
61.53,11,435.77,16.16,3,7.6,29,2.2,13,577.0,17.77,-1.8689,-0.3153,-0.2982,1,1,0,8,1,-0.4335
137.18,11,14630.4,1.85,5,10.24,49,0.4,41,752.0,34.76,-0.1113,0.2682,-1.0139,0,0,0,3,1,-0.4439
9.71,12,3519.17,1.14,1,1.26,27,0.96,13,697.0,25.24,-1.8194,-1.6059,0.2741,1,1,0,0,1,-0.4272
28.19,20,2711.77,1.94,3,7.13,27,0.68,20,675.0,10.47,-2.1542,-1.0898,-0.7359,1,1,0,0,1,-0.4141
13.41,19,1379.46,3.03,2,5.06,31,1.53,15,644.0,42.73,-2.5322,-0.7259,0.6325,1,1,0,0,1,-0.4104
10.08,15,3044.13,0.27,3,2.77,33,0.39,7,653.0,73.3,-2.6919,0.0609,1.5903,1,1,0,0,1,-0.4593
42.41,16,3174.06,0.89,4,9.82,25,1.95,16,556.0,21.02,-2.7107,-0.0256,-0.234,1,1,0,0,1,-0.4444
3086.79,6,120479.15,65.89,2,1.15,47,,75,765.0,3.95,4.3959,-1.8082,0.2079,2,2,1,2,1,-0.5301
846.61,5,45156.51,40.67,8,16.34,30,1.04,23,716.0,67.46,0.7299,3.2032,0.7324,0,0,0,9,-1,-0.5502
2556.59,0,100363.64,48.26,2,3.79,48,7.98,79,781.0,4.19,4.9348,-1.3151,0.0206,2,2,1,2,1,-0.5275
51.32,6,16494.42,1.33,4,11.89,18,18.3,54,799.0,20.78,0.7586,0.4064,0.4823,0,0,0,3,1,-0.5245
14.88,15,2376.7,4.14,1,1.16,45,0.09,8,581.0,12.89,-2.1582,-1.9733,-0.4935,1,1,0,0,1,-0.4667
1195.0,7,98151.05,10.75,3,2.2,39,21.16,69,777.0,14.45,3.5091,-1.2304,1.3892,2,2,1,6,1,-0.5342
26.01,17,879.75,4.76,3,2.11,36,2.17,21,761.0,62.12,-1.6075,-0.4657,0.9963,1,1,0,0,1,-0.4759
3482.77,2,22552.93,24.42,3,1.23,46,20.67,43,767.0,23.34,3.0299,-0.6897,1.3021,2,2,1,6,1,-0.5357
275.14,10,16642.64,18.4,4,13.98,45,1.71,36,685.0,36.27,-0.0828,0.8164,-0.6006,0,0,0,1,1,-0.4373
13.09,13,2340.46,2.98,4,8.45,34,,5,698.0,20.39,-1.4645,-0.1097,-0.2559,1,1,0,5,1,-0.4177
398.15,7,18046.39,7.03,7,11.94,36,1.37,41,782.0,6.29,0.6529,0.5123,-1.8449,0,0,0,3,1,-0.4508
35.95,10,2426.17,1.01,2,6.45,22,7.42,19,653.0,35.49,-1.7313,-0.3368,0.9376,1,1,0,5,1,-0.4179
17.9,14,2907.04,12.93,1,7.93,31,5.95,4,663.0,39.63,-1.852,-0.3246,0.8645,1,1,0,5,1,-0.4407
67.83,15,2526.44,1.71,5,7.96,18,0.65,6,665.0,52.77,-2.7359,0.7519,0.8335,1,1,0,8,1,-0.4428
11.07,17,2577.84,2.29,3,3.08,40,9.41,7,609.0,23.69,-2.0095,-0.9715,0.3504,1,1,0,5,1,-0.4471
19.69,6,2913.2,8.6,1,9.51,32,3.93,12,687.0,29.2,-1.0755,-0.2539,0.1433,1,1,0,5,1,-0.4307
498.72,6,16786.43,31.09,5,13.21,46,22.68,36,751.0,28.73,1.8647,1.2367,0.2899,0,0,0,4,1,-0.4747
30.35,26,344.74,2.47,1,,22,2.18,8,654.0,51.76,-3.3891,-0.5538,1.3098,1,1,0,0,1,-0.4957
2674.28,1,164424.45,31.19,1,3.2,54,8.43,43,794.0,7.17,4.2703,-1.4802,0.4125,2,2,1,2,1,-0.507
13.78,16,2786.48,3.87,3,5.39,35,3.85,17,583.0,49.94,-2.4465,-0.1377,0.8957,1,1,0,5,1,-0.4186
285.67,4,48035.57,29.8,11,16.98,30,2.93,15,690.0,73.51,-0.0443,4.1265,0.5514,0,0,0,9,-1,-0.5722
66.87,18,3678.85,0.37,4,6.95,34,0.57,22,646.0,4.52,-1.8942,-0.9985,-1.2066,1,1,0,8,1,-0.4341
963.15,7,51517.27,10.55,9,16.92,50,1.94,38,657.0,19.22,1.0958,1.9317,-1.4452,0,0,0,9,1,-0.5098
675.7,2,112893.35,13.72,3,2.55,59,24.67,37,769.0,16.67,3.4645,-0.8935,0.9222,2,2,1,6,1,-0.5315
5297.9,1,54749.75,4.49,13,14.63,70,14.29,35,770.0,34.84,3.3185,2.8702,-0.6834,0,0,-1,9,-1,-0.6232
1824.4,2,96081.75,40.31,1,4.28,72,10.97,55,784.0,19.43,4.9189,-1.1581,0.35,2,2,1,2,-1,-0.5549
386.0,10,7975.78,7.78,7,5.56,48,17.25,36,758.0,3.39,1.0968,-0.1757,-0.8567,0,0,0,3,1,-0.4784
4652.78,2,120081.75,132.96,1,3.22,35,18.18,51,732.0,8.81,4.1046,-1.1409,1.7313,2,2,1,2,1,-0.5205
17.81,20,3442.41,3.3,3,2.82,18,4.71,7,574.0,13.55,-3.053,-1.2413,0.3302,1,1,0,5,1,-0.4531
84.29,11,11221.16,5.5,8,11.85,31,1.07,49,691.0,13.86,-0.509,0.8022,-1.6663,0,0,0,3,1,-0.4607
24.03,23,625.97,0.81,6,6.08,37,4.23,17,634.0,34.98,-2.4837,-0.026,-0.1222,1,1,0,5,1,-0.4717
13.44,22,1699.85,8.52,3,7.1,26,3.63,7,616.0,36.09,-2.8876,-0.3363,0.5772,1,1,0,5,1,-0.4384
8.85,17,2024.17,17.07,3,3.71,31,5.49,21,627.0,5.44,-1.5429,-1.3032,-0.5153,1,1,0,8,1,-0.4544
29.99,20,2294.84,4.58,1,9.83,24,,10,593.0,23.18,-2.6814,-0.6674,0.5967,1,1,0,5,1,-0.4679
13.59,17,2296.7,8.81,7,4.31,18,4.77,20,640.0,5.69,-2.0037,-0.3252,-0.7199,1,1,0,5,1,-0.4532
356.13,10,17415.26,0.63,7,13.54,43,5.32,59,733.0,23.3,0.5588,0.8934,-1.2442,0,0,0,3,1,-0.4848
218.87,7,14103.3,4.07,3,11.17,37,0.54,53,753.0,4.43,0.457,-0.6244,-1.6116,0,0,0,3,1,-0.4673
80.54,16,3473.05,0.33,5,,30,3.43,6,592.0,35.47,-2.6274,0.3256,0.2359,1,1,0,8,1,-0.4454
21.75,10,2227.29,6.04,1,1.06,36,4.6,10,704.0,22.14,-1.1855,-1.5798,0.1802,1,1,0,5,1,-0.4304
52.31,14,1728.03,9.26,4,5.65,32,0.15,8,659.0,29.6,-1.9732,-0.2862,-0.2222,1,1,0,8,1,-0.4132
1850.97,3,90906.99,0.86,2,4.65,51,0.16,30,801.0,22.65,2.4939,-1.0665,0.2754,2,2,1,2,1,-0.5316
3067.9,9,48562.19,15.2,5,15.25,29,10.46,21,661.0,36.3,0.7466,1.5687,1.2683,0,0,0,9,1,-0.5336
30.14,21,1954.22,17.06,3,3.48,25,0.25,3,722.0,10.59,-2.0551,-1.3576,-0.5552,1,1,0,8,1,-0.4677
140.33,5,11412.55,18.28,3,12.39,52,2.19,21,744.0,48.35,0.1977,0.8515,-0.2585,0,0,0,1,1,-0.4793
3739.24,2,115353.2,3.36,2,2.52,63,45.03,77,735.0,1.86,4.7061,-1.7515,0.6449,2,2,1,6,-1,-0.5548
23.26,16,1020.56,1.51,5,5.18,30,7.2,15,523.0,16.25,-2.5503,-0.3666,-0.0571,1,1,0,5,1,-0.4634
12.51,12,1620.29,6.89,5,3.26,25,4.08,4,615.0,11.22,-2.0953,-0.5605,-0.353,1,1,0,5,1,-0.4238
18.28,12,2729.72,2.44,4,4.0,35,0.31,10,709.0,46.25,-1.7588,-0.1533,0.271,1,1,0,0,1,-0.4109
132.71,8,13311.38,11.04,6,6.61,41,16.6,28,698.0,55.85,-0.0062,1.1456,1.2859,0,0,0,7,1,-0.474
1863.19,3,109013.45,13.0,3,4.09,52,49.33,18,850.0,4.89,4.0148,-0.9036,1.0376,2,2,1,6,-1,-0.5616
15.73,12,1314.51,0.07,4,8.38,36,2.19,21,727.0,11.91,-1.075,-0.5107,-1.1269,1,1,0,0,1,-0.4159
1344.03,5,52528.93,2.84,10,14.33,24,10.38,20,659.0,62.32,0.2766,3.2566,1.6937,0,0,0,9,-1,-0.5581
293.62,5,18609.73,24.18,5,11.98,56,0.61,20,722.0,21.11,0.6884,0.6529,-1.524,0,0,0,1,1,-0.4619
214.82,10,19650.24,6.17,7,14.09,47,14.43,28,733.0,6.96,0.6308,0.9156,-1.1584,0,0,0,3,1,-0.4525
20.64,22,3129.57,0.61,2,0.81,18,0.52,9,659.0,33.45,-3.1126,-1.4759,0.8014,1,1,0,0,1,-0.4631
6.54,17,1192.71,17.98,2,1.18,18,3.27,20,630.0,18.69,-2.113,-1.4661,0.3667,1,1,0,8,1,-0.4623
10.82,19,1923.13,0.21,3,1.3,35,1.11,6,658.0,4.47,-2.2586,-1.8394,-0.7946,1,1,0,0,1,-0.4432
860.89,3,71150.42,76.23,2,0.27,39,43.76,82,789.0,5.13,4.1727,-1.5938,0.7591,2,2,1,6,1,-0.5447
231.36,7,23319.44,2.07,6,14.35,32,3.58,25,795.0,27.88,0.0281,1.1608,-0.734,0,0,0,3,1,-0.4564
73.9,12,1505.24,5.51,4,6.56,26,2.02,20,620.0,53.91,-2.1852,0.4454,0.8985,1,1,0,8,1,-0.4239
574.46,11,21093.71,1.16,1,13.12,42,7.45,19,710.0,4.36,-0.0384,-0.6859,-0.5558,0,0,0,7,1,-0.4829
313.85,16,22260.17,30.02,7,7.91,35,4.23,38,699.0,10.19,0.0735,0.1477,-1.1687,0,0,0,1,1,-0.4762
29.07,17,1956.91,0.64,2,6.39,35,0.63,6,633.0,55.28,-2.7163,-0.2063,0.9337,1,1,0,0,1,-0.4381
40.66,23,1988.1,0.1,4,2.59,45,7.22,21,662.0,26.1,-1.8488,-1.1506,-0.099,1,1,0,8,1,-0.4934
70.75,12,456.8,12.3,3,1.84,31,3.91,7,633.0,10.65,-1.6544,-1.2181,-0.2821,1,1,0,8,1,-0.4245
117.73,16,2790.94,5.28,2,8.22,19,1.35,17,641.0,26.84,-2.3315,-0.5429,0.2859,1,1,0,8,1,-0.4249
27241.36,3,46003.05,8.05,6,22.89,18,3.18,21,608.0,95.41,-0.2464,3.5467,2.0594,0,0,0,9,-1,-0.5858
46.51,14,1641.9,5.0,3,0.95,26,3.31,15,605.0,24.0,-2.233,-1.1449,0.3339,1,1,0,0,1,-0.4075
410.38,6,23736.06,3.5,9,24.02,45,32.19,19,748.0,42.2,0.8311,3.3078,0.1348,0,0,0,4,1,-0.5346
1223.44,4,96743.36,10.73,4,4.49,51,6.69,48,766.0,14.15,3.0159,-0.7754,0.0252,2,2,1,2,1,-0.5024
126.19,7,14936.01,33.44,4,6.61,26,1.21,34,683.0,12.8,-0.0588,-0.2584,-0.7608,0,0,0,1,1,-0.4563
341.49,4,15968.35,4.38,5,6.24,52,0.71,41,686.0,11.1,0.506,-0.4496,-1.5691,0,0,0,3,1,-0.4444
1266.5,2,92128.1,21.67,2,3.43,59,9.24,74,806.0,2.17,4.5157,-1.6674,-0.4124,2,2,1,2,1,-0.5305
31.03,13,2100.51,17.03,2,9.02,37,4.65,15,660.0,26.27,-1.2529,-0.3293,-0.1116,1,1,0,8,1,-0.4243
150.43,3,17971.91,5.92,5,13.68,51,9.67,41,718.0,27.51,0.8999,0.9582,-0.7456,0,0,0,3,1,-0.4505
377.51,7,43398.53,34.62,10,19.92,19,4.66,22,659.0,29.25,0.0308,3.2394,-0.5793,0,0,0,9,1,-0.5404
34.11,17,1563.51,1.67,2,6.97,18,3.89,15,679.0,22.05,-2.2626,-0.8411,0.2916,1,1,0,0,1,-0.4153
1855.35,5,106456.64,11.14,1,1.31,48,15.77,67,781.0,2.58,4.1434,-2.0906,0.9397,2,2,1,2,1,-0.5072
8.57,18,2645.34,0.04,1,2.12,36,6.14,11,692.0,43.66,-2.0351,-1.2444,1.0658,1,1,0,5,1,-0.4502
982.01,4,79699.7,12.23,6,19.03,46,3.39,17,618.0,60.73,0.6053,2.7632,0.927,0,0,0,9,-1,-0.5526
19.45,14,3307.71,6.62,4,4.87,32,4.76,15,568.0,28.56,-2.2014,-0.3232,0.2111,1,1,0,5,1,-0.4062
77.82,6,11137.49,43.72,3,8.65,49,0.55,21,712.0,31.29,0.3751,0.175,-0.7648,0,0,0,1,1,-0.4788
4572.21,5,140103.01,8.76,3,2.21,49,24.46,75,709.0,3.8,4.0628,-1.4557,1.0389,2,2,1,6,1,-0.5353
193.65,4,11498.77,22.45,2,8.22,48,6.63,27,733.0,5.99,0.9017,-0.7144,-1.046,0,0,0,1,1,-0.4494
596.81,1,125419.4,8.02,1,0.57,44,14.42,35,850.0,1.19,3.2517,-2.0028,0.5655,2,2,1,2,-1,-0.5681
24.03,13,2071.88,4.82,3,2.9,29,0.14,12,577.0,39.94,-2.5903,-0.5404,0.5625,1,1,0,0,1,-0.4153
206.31,9,19172.19,5.58,9,12.58,42,7.93,58,692.0,35.97,0.3837,1.6801,-0.782,0,0,0,3,1,-0.483
21.24,21,755.16,2.17,5,9.66,30,6.57,14,667.0,52.27,-2.4358,0.7135,0.7845,1,1,0,5,1,-0.4472
29.02,20,1237.77,0.65,3,2.09,41,0.76,17,718.0,18.31,-1.7393,-1.609,-0.6821,1,1,0,0,1,-0.4379
1250.09,1,88431.78,23.78,2,4.28,49,7.11,20,735.0,3.83,2.7384,-1.0728,0.1412,2,2,1,2,1,-0.5156
10.04,16,1632.17,2.71,6,3.9,31,5.36,14,618.0,14.07,-2.0451,-0.4369,-0.5169,1,1,0,5,1,-0.4324
10.5,19,2335.2,1.99,5,3.35,23,0.69,2,614.0,33.63,-3.1131,-0.3299,0.3028,1,1,0,0,1,-0.4406
15.86,12,2222.76,17.63,6,6.14,36,3.85,24,668.0,33.63,-1.0597,0.3823,-0.3369,1,1,0,8,1,-0.4275
368.76,9,18247.99,1.51,6,10.14,41,2.2,40,694.0,25.3,-0.1549,0.4625,-0.8932,0,0,0,3,1,-0.4303
415.47,9,13567.98,0.73,4,8.01,43,0.46,13,689.0,28.48,-0.836,-0.0447,-0.4589,1,0,0,3,1,-0.4305
253.65,11,8529.42,84.65,2,13.92,39,0.04,43,660.0,21.74,0.0982,0.1516,-0.936,0,0,0,1,1,-0.4977
242.63,5,48280.17,8.53,7,10.75,52,,29,,35.85,0.7571,1.2492,-0.403,0,0,0,9,1,-0.4456
3.64,16,2707.14,0.23,3,2.11,18,0.39,9,679.0,36.9,-2.648,-0.8388,0.6724,1,1,0,0,1,-0.4329
19.94,14,1239.43,2.21,1,3.7,25,6.33,15,730.0,9.81,-1.4019,-1.6788,-0.0025,1,1,0,5,1,-0.4341
203.41,8,22613.2,12.32,8,12.48,35,2.98,40,674.0,14.62,-0.0262,1.1207,-1.4336,0,0,0,1,1,-0.4436
887.78,3,56407.77,8.73,10,21.16,35,8.58,20,632.0,15.99,0.7701,3.0107,-0.8258,0,0,0,9,1,-0.5467
3.42,12,1032.98,3.35,2,7.82,33,1.41,6,629.0,5.84,-1.9341,-0.9701,-0.8098,1,1,0,0,1,-0.423
1489.68,5,135380.13,64.97,4,3.92,44,17.18,50,771.0,9.26,4.2772,-0.5631,0.959,2,2,1,2,1,-0.5203
475.06,5,26984.31,40.67,8,17.59,19,5.11,25,704.0,14.71,0.5876,2.2461,-0.9051,0,0,0,9,1,-0.5237
2150.47,4,71073.2,50.23,13,23.95,36,5.47,16,700.0,35.14,2.083,4.1018,-0.3728,0,0,0,9,-1,-0.6132
34.4,20,2492.42,1.14,1,5.43,18,1.0,16,627.0,1.67,-2.6836,-1.8331,-0.3603,1,1,0,0,1,-0.4529
2123.54,2,107221.25,15.03,1,1.99,54,8.42,67,776.0,0.73,4.2758,-2.0647,0.1422,2,2,1,2,1,-0.502
231.63,7,12465.18,0.78,9,6.17,51,1.41,52,719.0,6.54,0.5871,0.1375,-2.3262,0,0,0,3,1,-0.4865
22.35,13,3575.19,7.43,5,3.89,29,1.09,21,593.0,3.05,-1.8475,-0.8567,-1.0454,1,1,0,5,1,-0.4303
5.97,14,2321.5,0.59,2,9.89,20,4.81,4,730.0,51.75,-2.2024,0.3056,1.2115,1,1,0,5,1,-0.4769
485.24,7,130541.7,6.8,3,2.12,48,,90,796.0,7.75,3.0624,-1.7709,-0.3562,2,2,1,2,-1,-0.5542
19.13,18,2173.39,5.85,2,5.87,18,1.93,15,580.0,19.65,-2.855,-0.9747,0.2621,1,1,0,5,1,-0.4338
21.21,19,744.96,0.46,3,9.42,30,2.09,12,757.0,21.55,-1.8071,-0.5579,-0.5148,1,1,0,0,1,-0.4482
35.4,6,1224.74,3.95,1,6.79,37,1.09,7,577.0,24.03,-1.8494,-0.6832,-0.0588,1,1,0,0,1,-0.4643
310.68,8,20674.12,28.41,2,8.14,67,6.51,44,742.0,29.78,1.6254,-0.4781,-0.714,0,0,0,1,1,-0.4779
22.3,15,1146.74,3.38,4,4.24,18,0.77,8,691.0,60.63,-2.6535,0.2511,1.3085,1,1,0,0,1,-0.4502
48.2,15,1553.36,3.35,4,6.72,19,1.68,6,718.0,3.95,-1.9276,-0.7733,-0.7865,1,1,0,0,1,-0.4396
266.19,5,18333.42,0.11,4,5.5,43,3.88,32,655.0,15.09,-0.1851,-0.5636,-0.6989,0,0,0,3,1,-0.428
417.48,6,17337.22,23.54,6,10.29,44,5.14,49,592.0,10.02,0.5176,0.4646,-1.2381,0,0,0,1,1,-0.4664
302.33,5,21007.81,24.91,9,8.26,59,,57,665.0,33.26,1.4298,1.32,-1.1553,0,0,0,1,1,-0.5001
10.35,17,2616.72,0.8,3,4.68,29,0.2,19,659.0,24.8,-2.209,-0.956,-0.2011,1,1,0,0,1,-0.4152
7.7,17,952.8,0.6,1,3.0,33,2.28,12,607.0,54.06,-2.7627,-0.8384,1.3132,1,1,0,0,1,-0.4537
32.11,20,2413.06,0.95,2,1.58,31,1.04,13,666.0,54.4,-2.6776,-0.9279,1.1562,1,1,0,0,1,-0.4334
18.04,18,1264.37,8.51,3,4.09,30,0.42,16,706.0,45.07,-2.0659,-0.5478,0.4601,1,1,0,5,1,-0.4127
244.72,5,17711.98,12.31,8,13.91,46,2.92,42,682.0,24.36,0.4334,1.5339,-1.5017,0,0,0,1,1,-0.4394
2076.19,2,48689.7,5.98,1,1.26,63,3.77,56,782.0,8.4,3.1614,-2.0817,-0.4906,2,2,1,2,-1,-0.5599
2024.1,2,121620.99,1.85,2,4.42,57,8.86,69,788.0,1.81,4.1945,-1.6675,-0.0999,2,2,1,2,1,-0.5263
134.11,9,8979.55,7.97,8,11.66,34,5.83,37,699.0,7.53,-0.1677,0.8414,-1.561,0,0,0,3,1,-0.4374
27.13,14,2472.86,1.35,3,8.57,27,2.06,8,683.0,24.31,-2.0262,-0.3199,-0.1634,1,1,0,0,1,-0.4028
1548.2,3,97112.64,14.3,1,2.62,45,15.22,60,773.0,13.63,3.8532,-1.5263,1.2948,2,2,1,2,1,-0.5039
1092.69,3,43426.75,23.32,6,12.5,29,3.47,32,673.0,16.04,1.1129,1.0728,-0.3517,0,0,0,9,1,-0.4864
9.04,14,365.7,3.22,2,0.1,18,1.9,13,681.0,12.48,-2.1095,-1.7786,0.0626,1,1,0,0,1,-0.4327
1004.17,1,104723.57,27.33,5,0.46,56,34.37,112,806.0,2.46,5.1301,-1.1118,0.1286,2,2,1,6,-1,-0.5763
363.42,6,23797.74,38.23,2,10.74,32,0.87,22,712.0,39.87,0.2067,0.4847,0.2867,0,0,0,1,1,-0.4891
209.87,4,49527.86,19.05,6,,42,6.43,31,745.0,69.86,0.7216,1.5856,1.146,0,0,0,9,1,-0.4972
31.51,15,2855.53,6.35,4,2.87,32,1.84,9,694.0,24.43,-1.7837,-0.8002,-0.2244,1,1,0,0,1,-0.3969
153.92,4,795.79,24.28,5,14.92,43,14.15,34,755.0,30.29,1.0634,1.42,-0.3247,0,0,0,7,1,-0.4833
179.94,4,47770.54,2.82,5,22.18,47,14.03,12,753.0,22.33,0.9121,1.9178,-0.4547,0,0,0,9,1,-0.548
10.26,16,3286.63,0.13,6,8.16,24,10.49,10,675.0,35.52,-1.9939,0.6352,0.5847,1,1,0,5,1,-0.4536
83.12,19,3227.82,8.94,1,2.47,45,5.05,9,653.0,28.29,-1.7669,-1.5433,0.2843,1,1,0,8,1,-0.4602
47.99,12,3040.68,7.16,4,8.63,19,0.83,6,720.0,76.02,-2.2843,1.1935,1.5593,1,1,0,0,1,-0.4995
614.15,10,18068.66,1.22,7,11.04,40,6.0,28,784.0,19.51,0.4077,0.6959,-0.9061,0,0,0,3,1,-0.4568
1724.32,4,78870.63,34.77,4,0.54,46,2.28,74,756.0,2.4,3.8117,-1.4774,-0.5855,2,2,1,2,1,-0.5273
205.79,13,8409.64,8.1,10,12.05,54,1.19,44,777.0,8.21,0.5282,0.9352,-2.8036,0,0,0,3,1,-0.5116
47.06,8,17414.22,15.46,4,9.9,32,1.85,22,803.0,21.79,-0.0119,0.0997,-0.7922,0,0,0,1,1,-0.4439
372.15,5,15169.71,18.23,3,6.04,51,6.48,56,806.0,25.52,1.7918,-0.6048,-0.6553,0,0,0,7,1,-0.4847
112.45,11,2476.83,15.58,6,4.32,29,0.94,10,566.0,36.61,-2.1518,0.4209,0.1221,1,1,0,8,1,-0.4585
212.12,8,8842.26,15.97,6,8.69,46,18.54,47,748.0,22.86,1.2872,0.5173,-0.1727,0,0,0,7,1,-0.4535
137.79,10,14353.87,62.53,6,11.53,46,9.26,33,725.0,27.5,0.8617,1.0424,-0.7026,0,0,0,1,1,-0.4663
417.97,3,48155.73,30.11,5,13.75,37,10.71,51,680.0,21.78,1.7086,1.0972,-0.1937,0,0,0,9,1,-0.4952
12.79,23,2999.55,2.72,7,5.41,39,4.36,9,654.0,27.77,-2.3385,-0.0096,-0.4921,1,1,0,5,1,-0.4786
401.89,4,98210.76,37.45,1,0.87,42,0.42,71,,17.6,2.5414,-1.7381,-0.008,2,2,-1,2,1,-0.5421
2688.96,2,113982.62,31.18,4,2.99,58,1.41,43,797.0,27.59,3.8679,-0.5157,0.1581,2,2,1,2,1,-0.5449
293.14,10,12625.61,7.52,8,10.33,36,4.17,19,,16.17,-0.5501,0.9231,-1.1521,0,0,0,3,1,-0.4289
148.84,13,24238.35,2.64,6,11.82,34,0.15,30,692.0,27.32,-0.9794,0.6432,-0.8296,0,0,0,3,1,-0.44
1699.58,3,82222.7,50.03,3,4.02,59,20.66,41,838.0,8.8,4.8537,-0.7587,0.6333,2,2,1,6,-1,-0.5517
235.05,5,51483.9,14.3,9,16.06,39,7.73,16,672.0,26.89,0.3128,2.348,-0.6621,0,0,0,9,1,-0.4727
4574.82,1,84528.38,12.08,2,4.94,41,1.11,67,765.0,25.73,3.0889,-0.9162,0.462,2,2,1,2,1,-0.52
574.59,5,20992.38,19.34,10,12.14,50,12.45,47,711.0,8.52,1.7935,1.5483,-1.5657,0,0,0,7,1,-0.4849
9.74,8,1321.35,0.32,1,5.48,34,7.69,18,620.0,49.12,-1.6583,-0.3354,1.3127,1,1,0,5,1,-0.4512
223.15,6,49880.18,13.22,8,21.31,18,6.61,25,700.0,19.1,0.0103,2.5467,-0.6576,0,0,0,9,1,-0.507
38.8,20,2803.19,6.8,2,9.97,23,4.44,18,649.0,57.51,-2.5973,0.2612,1.3779,1,1,0,8,1,-0.4611
53.99,12,1889.3,7.43,2,0.87,20,0.69,12,574.0,39.14,-2.685,-0.905,1.0335,1,1,0,8,1,-0.4424
35.56,12,1951.78,4.98,5,1.59,27,1.89,16,665.0,29.79,-1.8165,-0.498,0.0232,1,1,0,0,1,-0.4021
379.65,3,35348.52,59.12,6,11.4,27,0.6,11,784.0,71.93,0.3729,2.3519,1.0555,0,0,-1,9,-1,-0.5729
333.41,11,17089.34,12.63,6,14.97,28,9.03,19,725.0,19.63,-0.3109,1.2015,-0.399,0,0,0,1,1,-0.4493
42.2,7,10254.93,11.69,7,14.82,34,14.7,26,754.0,29.86,0.2571,1.7505,-0.1953,0,0,0,7,1,-0.4592
10.62,14,2326.13,12.35,5,2.86,31,7.95,11,652.0,28.08,-1.5903,-0.2873,0.2805,1,1,0,8,1,-0.4252
275.86,12,24052.38,0.66,8,6.36,45,3.72,57,,21.88,0.1947,0.1752,-1.2068,0,0,0,3,1,-0.488
51.36,19,2408.76,11.66,1,8.54,31,2.45,10,623.0,36.33,-2.4155,-0.56,0.5277,1,1,0,8,1,-0.4357
561.56,6,11379.2,43.19,6,8.26,43,12.75,37,698.0,56.67,1.1207,1.5534,0.9857,0,0,0,7,1,-0.5068
362.13,8,33573.95,18.68,7,12.45,41,11.35,45,687.0,37.13,0.8291,1.5157,0.0298,0,0,0,9,1,-0.4618
5.61,16,987.06,14.45,6,4.2,21,0.7,9,663.0,30.16,-2.2506,0.049,-0.0934,1,1,0,5,1,-0.446
634.72,7,17211.4,6.33,5,6.54,57,0.74,52,702.0,12.12,1.0079,-0.5709,-1.6179,0,0,0,3,1,-0.4641
15.59,9,1572.68,11.41,1,9.41,21,7.05,7,632.0,59.63,-2.0747,0.5503,1.8699,1,1,0,5,1,-0.4827
250.33,6,13982.15,33.69,6,13.07,44,1.03,39,782.0,10.15,1.2738,0.7148,-2.0111,0,0,0,1,1,-0.4641
7.42,16,2358.28,0.88,3,3.71,31,0.97,10,700.0,16.68,-1.9409,-1.2048,-0.4648,1,1,0,0,1,-0.4102
754.6,2,122725.5,34.85,2,3.21,48,25.46,72,805.0,11.81,4.6376,-1.1515,0.8633,2,2,1,6,1,-0.5296
3.53,15,2605.89,2.18,1,0.72,30,2.12,24,649.0,40.99,-2.0786,-1.4212,0.8675,1,1,0,0,1,-0.4374
327.9,8,16596.23,9.99,3,5.41,29,0.62,30,664.0,13.33,-0.6317,-0.8198,-0.4841,1,0,0,3,1,-0.4245
49.1,18,3418.68,1.54,3,7.12,32,2.04,18,585.0,22.23,-2.4638,-0.6784,-0.1879,1,1,0,0,1,-0.4216
702.87,5,16467.5,3.71,5,13.23,42,1.26,69,681.0,5.4,1.0595,0.1205,-1.7372,0,0,0,7,1,-0.5014
2579.3,0,121425.92,9.0,1,1.67,56,8.49,34,789.0,19.76,3.5707,-1.47,0.9744,2,2,1,2,1,-0.5189
214.27,10,47452.95,11.08,5,16.81,32,2.82,34,603.0,21.74,-0.5604,1.1344,-0.5676,0,0,0,9,1,-0.4711
896.98,10,11870.03,38.59,2,6.58,47,3.83,44,721.0,17.67,1.3867,-0.8041,-0.4985,0,0,0,7,1,-0.4959
1181.73,1,130775.95,8.14,1,4.98,53,18.4,32,762.0,15.21,3.4221,-1.0394,1.3662,2,2,1,2,1,-0.5208
20.85,17,2126.69,2.93,2,4.07,40,1.16,11,740.0,30.02,-1.5985,-1.1848,-0.1776,1,1,0,0,1,-0.4205
513.72,13,19995.36,3.6,7,9.79,40,,42,689.0,28.79,-0.0774,0.6922,-0.398,0,0,0,3,1,-0.4565
893.34,4,88526.27,5.13,12,15.08,39,2.57,39,667.0,17.9,1.4126,2.4609,-1.2269,0,0,-1,9,-1,-0.5713
42.86,21,1637.11,3.61,1,7.33,26,2.07,14,609.0,11.33,-2.6654,-1.4025,-0.1947,1,1,0,0,1,-0.4445
7.74,11,1142.5,4.75,4,1.2,19,,3,684.0,12.32,-1.7738,-0.9562,0.1736,1,1,0,5,1,-0.444
23.37,14,2100.36,7.6,3,5.22,35,4.21,13,691.0,17.97,-1.403,-0.8604,-0.3723,1,1,0,5,1,-0.397
520.24,8,17660.22,16.28,7,13.98,41,11.02,13,766.0,18.35,0.6653,1.3742,-0.6883,0,0,0,7,1,-0.469
5156.03,5,78719.14,39.43,2,4.8,57,15.18,56,791.0,7.0,4.4721,-1.111,0.3417,2,2,1,2,1,-0.5224
20.55,13,2717.36,1.1,3,8.3,18,7.91,8,593.0,32.69,-2.5336,0.0884,0.9552,1,1,0,5,1,-0.437
39.89,22,1696.08,6.42,3,0.02,23,0.85,15,715.0,10.71,-2.1958,-1.9258,-0.3502,1,1,0,0,1,-0.4487
12.86,15,2301.72,3.04,5,7.18,34,2.42,5,662.0,14.44,-1.9415,-0.2788,-0.8221,1,1,0,0,1,-0.409
1277.05,5,65885.97,24.22,9,20.55,48,1.78,35,639.0,25.88,1.666,2.7379,-1.0444,0,0,0,9,-1,-0.5679
270.12,5,8908.21,0.43,3,6.44,64,10.18,7,758.0,10.13,0.645,-0.7526,-0.9776,0,0,0,3,1,-0.4979
7.07,13,2087.63,6.54,2,6.78,23,1.43,15,712.0,33.22,-1.7913,-0.5268,0.2964,1,1,0,5,1,-0.4101
452.29,4,66584.71,1.82,8,24.48,26,20.7,21,734.0,53.13,0.8221,3.4794,1.5031,0,0,0,4,-1,-0.5684
9.4,16,858.11,0.11,2,5.02,25,1.56,2,638.0,23.71,-2.6799,-0.9781,0.202,1,1,0,0,1,-0.4288
57.3,14,1812.04,7.17,7,1.12,35,0.48,11,700.0,82.93,-2.0314,0.8135,1.0421,1,1,0,0,1,-0.5047
234.82,4,16944.12,18.21,3,12.56,35,16.58,41,730.0,7.33,1.2556,0.1647,-0.2406,0,0,0,7,1,-0.4682
72.21,2,56247.46,12.35,9,17.3,18,17.09,25,797.0,77.05,0.6984,3.7737,1.9086,0,0,0,9,-1,-0.6022
158.97,12,21873.82,16.08,2,8.45,38,4.45,37,714.0,22.23,-0.0876,-0.6525,-0.2955,0,0,0,1,1,-0.4249
48.38,19,1653.01,11.87,2,6.44,44,3.75,20,602.0,48.95,-2.0566,-0.3844,0.6451,1,1,0,8,1,-0.4474
27.03,14,2767.55,1.89,2,1.75,39,1.1,13,725.0,35.2,-1.5365,-1.2411,0.1341,1,1,0,0,1,-0.4209
2275.91,1,108512.0,3.27,2,1.26,62,13.92,74,762.0,7.23,4.5327,-1.83,0.4589,2,2,1,2,1,-0.5363
1298.34,6,31416.33,22.18,9,10.09,56,5.05,25,776.0,66.57,1.6577,2.3688,0.4592,0,0,-1,9,-1,-0.5761
28.38,23,2413.38,0.73,1,3.26,36,1.04,17,690.0,48.53,-2.4912,-1.2678,0.8124,1,1,0,0,1,-0.4723
55.82,12,2811.24,14.54,3,3.3,34,2.12,8,605.0,24.71,-1.843,-0.7316,-0.008,1,1,0,8,1,-0.4212
345.55,8,12532.18,1.62,7,14.72,46,0.26,45,801.0,4.21,0.792,0.5992,-2.4925,0,0,0,3,1,-0.4988
32.28,20,1128.12,25.31,1,7.66,21,4.0,25,592.0,44.47,-2.3565,-0.3775,1.1529,1,1,0,8,1,-0.488
196.06,6,10814.24,3.62,5,7.03,70,20.14,22,676.0,35.39,0.8152,0.4337,0.2018,0,0,0,4,1,-0.5143
15.98,13,2769.07,8.3,3,3.07,38,0.07,14,661.0,21.44,-1.6001,-1.056,-0.5046,1,1,0,5,1,-0.406
7.56,19,2254.09,3.78,2,1.53,36,0.42,8,614.0,17.34,-2.5111,-1.7044,-0.2473,1,1,0,0,1,-0.439
6.52,15,1838.79,1.43,3,8.65,32,0.13,13,549.0,36.17,-2.8171,-0.0474,0.153,1,1,0,0,1,-0.4453
1416.38,1,50064.66,27.8,1,4.02,60,9.27,50,765.0,3.23,3.6313,-1.521,-0.3371,2,2,1,2,1,-0.5419
18.38,15,3206.51,0.44,4,7.39,33,3.29,8,633.0,36.53,-2.2861,0.0344,0.2107,1,1,0,0,1,-0.4156
603.08,8,6897.23,3.44,6,7.33,59,10.04,36,672.0,27.14,0.5655,0.2921,-0.5497,0,0,0,7,1,-0.4577
1068.86,7,106916.47,31.2,4,4.09,47,27.87,63,760.0,8.16,4.0476,-0.7665,0.7815,2,2,1,6,1,-0.5394
1712.77,2,44140.57,19.86,7,,65,37.95,17,712.0,25.88,2.8995,1.096,0.5333,0,0,-1,4,-1,-0.5887
2041.5,3,104436.36,38.41,5,4.27,52,8.28,34,783.0,8.33,3.9976,-0.3537,0.0108,2,2,1,2,1,-0.53
125.17,13,6782.62,0.12,3,6.53,53,9.17,56,726.0,40.07,0.1637,-0.5348,-0.0028,0,0,0,3,1,-0.4869
200.39,11,16190.1,23.6,5,5.35,63,4.93,48,719.0,35.33,0.9302,-0.1425,-0.8318,0,0,0,1,1,-0.4737
193.81,7,15402.85,32.6,4,13.66,42,7.73,28,708.0,2.14,0.8161,0.338,-1.3541,0,0,0,1,1,-0.4532
22.25,16,2025.3,5.77,5,5.07,31,2.02,12,685.0,29.93,-1.9225,-0.2267,-0.2122,1,1,0,5,1,-0.3998
4.35,22,1360.36,13.76,1,5.95,31,0.53,21,694.0,19.02,-1.9352,-1.5016,-0.3277,1,1,0,5,1,-0.4611
11.19,11,2151.98,0.47,3,0.7,40,10.23,16,619.0,19.82,-1.3563,-1.2057,0.274,1,1,0,5,1,-0.4539
54.85,19,2476.67,3.05,2,7.26,29,2.84,10,587.0,21.57,-2.7003,-0.8489,0.0899,1,1,0,0,1,-0.4241
195.71,7,10531.34,6.73,2,14.89,34,2.71,34,694.0,6.79,-0.2538,-0.1257,-1.1447,0,0,0,3,1,-0.432
12.66,12,1312.02,0.01,5,9.24,22,11.55,11,621.0,17.04,-1.8739,0.3055,0.1894,1,1,0,5,1,-0.4594
2428.39,0,60589.94,39.99,4,13.48,24,1.03,15,623.0,50.48,1.0325,1.9091,1.5281,0,0,-1,9,-1,-0.5981
30.31,17,1036.91,2.93,1,3.6,27,3.74,6,692.0,13.93,-2.0673,-1.6548,0.0376,1,1,0,0,1,-0.4251
214.12,5,13753.98,4.07,6,13.45,37,0.0,39,749.0,8.92,0.2542,0.5732,-1.8719,0,0,0,3,1,-0.4515
72380.68,4,35541.66,17.25,7,12.81,32,1.51,25,677.0,80.01,0.5047,2.6119,1.5653,0,0,0,9,1,-0.5488
30.3,11,1552.35,0.39,1,7.99,24,0.16,14,606.0,46.3,-2.5442,-0.2237,0.9035,1,1,0,0,1,-0.4379
2751.04,5,87426.01,35.4,2,4.93,44,12.91,66,788.0,16.07,4.1482,-0.937,0.8593,2,2,1,2,1,-0.5099
12.9,14,2230.74,0.11,1,6.53,30,3.48,7,582.0,19.68,-2.4923,-1.0395,0.1868,1,1,0,5,1,-0.4311
233.1,16,12170.7,74.39,6,14.32,54,10.35,41,662.0,17.91,0.6661,0.9269,-1.1929,0,0,0,7,1,-0.5225
343.35,4,20151.91,9.74,2,5.54,32,18.9,30,731.0,5.51,0.9714,-0.8795,0.5141,0,0,0,7,1,-0.4735
636.99,0,56128.94,11.47,2,1.89,61,7.96,63,784.0,3.66,3.1756,-1.7857,-0.8912,2,2,1,2,1,-0.5349
4.33,14,1753.34,3.4,4,4.17,36,1.11,18,698.0,24.7,-1.537,-0.7237,-0.5125,1,1,0,0,1,-0.4011
225.91,8,67322.66,4.77,9,20.99,28,16.9,20,668.0,34.85,0.1824,3.1096,0.506,0,0,0,9,1,-0.5467
2881.94,2,51894.07,91.38,3,1.18,49,7.34,83,825.0,16.93,4.3494,-1.194,-0.037,2,2,1,2,-1,-0.567
12.5,15,1435.99,0.92,1,0.59,19,5.32,13,615.0,40.62,-2.6733,-1.2484,1.5125,1,1,0,5,1,-0.4521
39.56,19,2114.42,8.23,3,2.57,21,4.74,8,676.0,32.87,-2.3874,-0.8542,0.766,1,1,0,8,1,-0.4271
39556.18,3,79803.85,131.49,2,4.97,40,10.61,47,738.0,89.29,2.8968,0.6607,2.9933,2,0,-1,9,-1,-0.5636
191.97,8,8563.07,28.29,3,13.94,32,41.71,31,764.0,6.3,1.1421,0.353,-0.0947,0,0,0,4,1,-0.5074
51.12,16,1255.49,1.12,3,2.31,28,0.19,1,699.0,35.53,-2.3915,-0.8682,0.3585,1,1,0,0,1,-0.4329
36.16,11,1826.05,2.28,5,6.97,22,2.65,1,626.0,53.01,-2.6184,0.8457,0.9776,1,1,0,0,1,-0.4472
301.45,8,11640.52,2.84,7,10.1,47,20.19,34,652.0,20.55,0.4159,0.9197,-0.048,0,0,0,4,1,-0.4872
317.14,6,14719.29,9.66,2,7.38,26,3.89,40,721.0,31.68,-0.1299,-0.3643,0.3493,0,0,0,3,1,-0.4311
406.3,13,13570.98,1.32,8,8.29,45,13.97,13,723.0,33.27,-0.2915,1.0436,0.09,0,0,0,7,1,-0.4947
890.3,7,48335.58,3.47,13,12.85,49,1.96,38,640.0,48.86,0.4688,2.7824,-0.5828,0,0,0,9,-1,-0.5677
9.63,18,2545.7,1.73,4,8.0,18,9.68,11,693.0,43.79,-2.2686,0.3037,1.1994,1,1,0,5,1,-0.4478
8.94,10,2596.9,3.18,2,4.87,31,2.91,3,666.0,22.12,-1.7843,-0.853,0.0198,1,1,0,0,1,-0.4177
134.84,12,47784.98,5.21,13,23.2,26,2.54,15,627.0,31.72,-1.304,3.5124,-1.0609,0,0,-1,9,-1,-0.5618
34.66,8,1023.38,1.68,2,4.99,29,1.79,17,627.0,38.55,-1.8713,-0.4583,0.5421,1,1,0,0,1,-0.4118
1421.0,3,86817.59,4.05,1,4.26,38,0.21,72,782.0,8.51,2.9334,-1.7999,-0.0644,2,2,1,2,1,-0.5334
416.08,5,39033.74,56.88,5,23.76,31,3.19,48,722.0,22.63,1.3956,1.9491,-0.9918,0,0,0,9,1,-0.5252
7.63,14,2048.32,7.01,3,0.63,28,11.43,16,701.0,10.22,-1.1376,-1.4606,0.2129,1,1,0,8,1,-0.4554
34.77,13,1114.18,2.16,3,5.49,32,3.89,3,767.0,63.17,-1.743,0.2189,1.2279,1,1,0,0,1,-0.4813
1798.03,3,51249.12,13.7,7,11.54,30,6.04,26,655.0,24.36,1.1676,1.3979,0.3782,0,0,0,9,1,-0.5237
27.75,9,1861.42,6.13,2,9.2,22,0.44,7,613.0,13.97,-2.1122,-0.4391,-0.3291,1,1,0,0,1,-0.4348
268.86,7,4838.56,3.27,5,13.39,52,4.3,32,709.0,13.69,0.1973,0.4338,-1.5923,0,0,0,3,1,-0.4286
5.55,13,2167.9,3.21,3,9.95,34,1.08,12,685.0,5.1,-1.5226,-0.6367,-1.2126,1,1,0,0,1,-0.4163
323.7,8,19444.08,8.2,9,5.12,27,7.94,30,705.0,18.96,-0.1538,0.7115,-0.469,0,0,0,3,1,-0.446
247.47,12,21094.29,24.31,7,11.76,43,5.17,29,790.0,13.63,0.7116,0.7102,-1.4873,0,0,0,1,1,-0.4611
30.28,15,1601.82,5.87,2,6.16,18,1.39,10,662.0,26.72,-2.3827,-0.7218,0.3515,1,1,0,0,1,-0.4121
259.52,8,19521.53,2.96,6,12.21,48,0.52,32,773.0,21.59,0.3146,0.5763,-1.5472,0,0,0,3,1,-0.4384
115.24,9,5383.15,14.44,5,10.04,34,2.4,25,763.0,15.52,-0.2153,0.1761,-1.164,0,0,0,1,1,-0.4281
347.46,9,22115.84,6.91,5,6.97,38,2.2,37,730.0,9.65,0.1799,-0.4525,-1.1457,0,0,0,3,1,-0.4223
134.11,11,12320.21,6.26,5,11.15,43,2.22,25,718.0,13.05,-0.4293,0.0943,-1.3993,0,0,0,3,1,-0.4158
808.3,8,17271.27,0.45,7,12.31,18,0.77,32,713.0,25.15,-0.5057,1.1288,-0.373,0,0,0,7,1,-0.4826
484.97,7,23865.8,5.33,8,8.23,58,9.0,42,663.0,18.24,0.8937,0.6436,-1.1597,0,0,0,3,1,-0.465
274.34,4,18297.58,17.8,6,12.0,48,5.48,16,723.0,24.34,0.4967,1.0812,-0.9425,0,0,0,1,1,-0.4442
19.28,9,1449.99,3.86,2,8.8,24,4.05,13,664.0,44.68,-1.8484,0.1727,0.8652,1,1,0,5,1,-0.4086
22.17,13,2295.23,7.04,6,2.56,21,0.74,17,649.0,57.25,-2.3575,0.4879,0.932,1,1,0,5,1,-0.4429
2331.59,2,94194.15,18.39,2,2.41,55,48.15,58,808.0,3.71,4.6879,-1.4924,0.8134,2,2,1,6,1,-0.5189
163.13,3,9014.61,20.69,8,9.61,25,1.03,26,728.0,24.73,-0.1233,1.3255,-0.9791,0,0,0,1,1,-0.4618
17.98,14,1385.26,7.58,3,2.33,21,0.73,12,671.0,65.69,-2.5098,-0.0415,1.6012,1,1,0,5,1,-0.434
67.26,11,16098.39,14.68,4,10.71,44,12.19,38,697.0,25.33,0.2217,0.2496,-0.1906,0,0,0,7,1,-0.4314
1920.02,1,54421.5,27.67,10,21.89,22,16.78,27,695.0,58.86,1.884,4.3993,1.7449,0,0,0,9,-1,-0.6236
55.12,16,1558.74,3.26,5,1.86,44,0.68,7,644.0,37.11,-2.0795,-0.4905,-0.1603,1,1,0,0,1,-0.4396
13.44,14,972.98,7.59,5,9.41,24,7.68,13,694.0,30.98,-1.6355,0.5028,0.2046,1,1,0,5,1,-0.4178
1066.84,2,81232.74,2.59,1,1.98,43,21.53,82,802.0,4.1,3.8674,-1.9451,0.881,2,2,1,6,-1,-0.5511
790.36,8,20423.89,6.81,4,13.92,40,15.74,29,,39.57,0.577,1.1473,0.9823,0,0,0,7,1,-0.4573
735.01,2,53456.98,34.76,9,20.7,53,2.46,23,617.0,24.98,1.369,2.9756,-1.4358,0,0,0,9,-1,-0.5572
92.87,11,1015.66,0.83,7,7.36,22,0.68,11,748.0,21.16,-1.5144,0.4093,-0.7979,1,1,0,8,1,-0.4611
1254.11,5,112197.82,18.7,1,0.71,58,7.98,37,808.0,2.49,3.5884,-2.1339,0.1206,2,2,1,2,1,-0.5259
13.71,5,879.28,3.05,3,1.39,31,0.22,4,749.0,16.69,-1.0554,-1.1094,-0.5189,1,1,0,0,1,-0.4628
94.74,24,3642.36,1.82,4,3.6,28,1.82,20,602.0,28.99,-2.8702,-0.9091,0.1718,1,1,0,8,1,-0.4733
183.72,5,7272.02,1.97,9,5.44,56,15.45,32,678.0,42.17,0.4211,1.289,-0.0215,0,0,0,7,1,-0.496
170.31,5,15873.55,65.12,6,10.7,54,4.27,33,766.0,5.6,1.6635,0.4475,-2.0859,0,0,0,1,1,-0.4856
1910.78,2,120201.97,33.97,3,0.14,46,4.13,41,793.0,14.49,3.7676,-1.2317,0.4691,2,2,1,2,1,-0.5025
192.13,9,11442.04,25.26,8,6.17,30,3.53,48,752.0,32.46,0.3514,0.7969,-0.6481,0,0,0,1,1,-0.4602
5.52,11,53.56,11.35,3,3.47,24,0.55,1,628.0,22.1,-2.2329,-0.7077,0.0139,1,1,0,5,1,-0.4495
1352.45,3,93966.03,54.63,3,4.77,57,1.74,65,773.0,3.39,4.2043,-1.1593,-0.9025,2,2,1,2,1,-0.5313
33.82,14,4153.44,0.57,1,4.99,30,1.65,1,650.0,12.67,-2.2046,-1.4271,-0.1808,1,1,0,0,1,-0.4374
18.92,16,2437.25,8.66,1,5.54,18,1.18,13,613.0,46.12,-2.7962,-0.564,1.2348,1,1,0,5,1,-0.4385
42.19,15,3124.48,7.85,2,3.44,32,12.42,13,625.0,7.86,-1.4602,-1.3664,0.2685,1,1,0,8,1,-0.4562
1788.01,0,153688.64,32.39,1,4.59,51,47.93,59,792.0,19.14,4.969,-0.8999,1.5854,2,2,1,6,1,-0.5315
268.11,6,14674.37,5.63,5,,39,1.13,36,694.0,5.58,0.0082,-0.3392,-1.4694,0,0,0,3,1,-0.4167
169.91,4,12845.7,20.65,4,6.78,27,9.37,27,681.0,23.12,-0.0088,0.1589,0.2298,0,0,0,1,1,-0.4463
491.1,5,25792.34,3.14,7,13.42,42,13.19,38,718.0,52.98,0.6802,2.0163,0.675,0,0,0,9,1,-0.4847
910.29,3,129941.85,8.36,3,1.75,60,7.36,19,802.0,8.91,2.8411,-1.3498,-0.0676,2,2,1,2,1,-0.5349
1898.53,2,114973.09,102.18,1,0.53,57,0.26,86,755.0,14.2,4.5324,-1.9113,-0.0732,2,2,1,2,-1,-0.561
30.35,10,1578.59,27.77,3,5.02,26,0.74,1,607.0,20.69,-1.8016,-0.3822,-0.1167,1,1,0,8,1,-0.4845
27.94,10,2431.3,2.03,2,6.75,21,1.61,13,705.0,14.47,-1.6234,-0.8696,-0.2694,1,1,0,0,1,-0.4135
721.46,5,33661.72,21.69,6,19.49,27,8.09,23,645.0,18.33,0.3696,2.0162,-0.3019,0,0,0,9,1,-0.498
916.64,2,97375.91,13.14,3,1.98,47,1.73,65,732.0,3.98,2.8988,-1.5835,-0.5679,2,2,1,2,1,-0.5073
424.73,3,43692.89,3.75,14,11.44,42,26.47,33,679.0,7.14,1.4148,2.0774,-0.8242,0,0,-1,4,1,-0.5405
52.07,12,1644.88,11.89,5,1.99,26,0.62,1,625.0,36.1,-2.3117,-0.1391,0.3186,1,1,0,8,1,-0.4504
139.22,13,17871.2,77.12,3,11.86,28,10.48,33,731.0,19.8,0.359,0.24,-0.0154,0,0,0,1,1,-0.4799
20.25,16,1747.25,7.58,3,5.34,24,4.77,14,650.0,24.64,-2.0783,-0.6572,0.2621,1,1,0,5,1,-0.3997
68.75,26,3106.25,3.75,3,8.26,18,0.03,3,690.0,30.1,-3.1776,-0.5531,0.238,1,1,0,8,1,-0.4983
1667.26,5,93110.78,51.88,3,2.36,48,2.64,82,850.0,12.65,4.5969,-1.3595,-0.2767,2,2,1,2,-1,-0.5644
24.31,16,2111.93,0.78,1,4.47,22,0.35,7,605.0,33.98,-2.9582,-1.0295,0.7432,1,1,0,0,1,-0.4309
51.6,15,4172.72,3.54,9,6.72,31,1.73,5,639.0,27.86,-2.2038,0.917,-0.7195,1,1,0,0,1,-0.4533
123.54,20,2613.55,4.16,2,0.53,47,1.06,16,663.0,37.56,-1.9223,-1.5215,0.1928,1,1,0,8,1,-0.4512
9.52,18,2619.1,4.32,4,5.27,29,1.01,13,707.0,62.38,-2.3498,0.2158,1.0052,1,1,0,0,1,-0.4405
712.92,5,57900.88,12.93,6,21.6,45,1.51,22,746.0,50.59,0.9057,2.6342,-0.1679,0,0,0,9,1,-0.4987
3196.39,2,123718.86,110.22,1,2.02,47,15.43,43,816.0,15.87,4.5422,-1.2518,1.4221,2,2,1,2,1,-0.5292
451.61,5,20993.53,2.24,6,10.69,47,3.55,36,696.0,1.28,0.5907,0.1179,-1.77,0,0,0,3,1,-0.4426
11.57,22,2943.06,0.26,4,2.11,27,0.94,14,631.0,49.12,-3.051,-0.5623,0.8542,1,1,0,0,1,-0.4386
217.01,8,52439.75,3.51,16,12.51,37,1.18,23,696.0,40.75,-0.2995,2.5959,-0.8687,0,0,0,9,1,-0.4996
759.46,4,15058.97,10.37,4,14.09,41,0.99,41,748.0,6.04,1.0638,0.2129,-1.5491,0,0,0,7,1,-0.463
82.24,8,47217.83,31.21,6,24.03,49,12.79,12,743.0,36.28,1.0245,2.542,-0.2958,0,0,-1,9,1,-0.5423
452.62,11,23371.67,6.46,5,12.03,18,21.75,35,616.0,17.73,-0.3838,0.7518,1.0195,0,0,0,4,1,-0.5195
1716.92,2,102463.45,59.18,1,0.79,50,13.42,66,763.0,7.64,4.7175,-1.7261,0.8591,2,2,1,2,1,-0.5201
5.58,17,1247.94,0.68,4,9.77,27,2.54,13,589.0,44.26,-2.844,0.4598,0.5221,1,1,0,0,1,-0.4383
61.35,13,2411.37,1.96,4,8.52,45,3.51,14,653.0,17.66,-1.364,-0.3087,-0.8823,1,1,0,8,1,-0.4198
19.21,14,501.86,5.43,4,4.64,32,2.22,5,647.0,53.6,-2.3594,0.1783,0.8442,1,1,0,0,1,-0.4267
786.83,11,65222.46,11.61,4,13.73,34,1.64,40,679.0,78.2,0.0552,1.6168,1.6501,0,0,0,9,1,-0.5457
242.92,9,18979.92,2.33,6,8.0,46,2.85,35,694.0,23.61,-0.152,0.1832,-0.9777,0,0,0,3,1,-0.4121
165.69,15,18911.33,13.15,1,8.04,18,5.58,30,742.0,15.71,-0.7978,-1.0471,0.2339,1,1,0,1,1,-0.4714
5720.55,1,96104.68,30.53,3,4.67,42,2.57,20,793.0,9.8,3.0989,-0.6732,0.1666,2,2,1,2,1,-0.5264
5.46,10,903.73,2.04,2,9.31,28,4.76,18,657.0,48.92,-1.8135,0.2459,0.9146,1,1,0,5,1,-0.4351
1562.62,4,125217.34,41.8,4,2.37,64,8.54,47,770.0,38.09,4.2135,-0.2713,0.9235,2,2,1,2,-1,-0.57
257.53,8,9040.76,1.92,9,12.2,58,17.1,17,690.0,38.72,0.2397,1.9979,-0.2206,0,0,0,7,1,-0.4919
23.26,14,2999.7,12.91,5,2.14,18,4.37,2,626.0,28.31,-2.3824,-0.2648,0.5188,1,1,0,5,1,-0.4547
246.99,14,2060.66,3.09,5,5.92,24,2.25,12,598.0,94.93,-2.7439,1.0664,1.7753,1,1,0,7,1,-0.4625
1480.37,2,140680.55,3.13,2,4.78,45,4.37,47,760.0,10.06,2.9995,-1.27,0.327,2,2,1,2,1,-0.5014
33.66,8,2007.14,9.96,5,0.43,29,2.35,6,637.0,7.35,-1.5194,-0.904,-0.6648,1,1,0,5,1,-0.4432
233.66,3,45778.3,11.95,8,23.55,38,15.1,28,670.0,35.42,0.7714,3.0555,-0.0143,0,0,0,9,1,-0.5072
11.3,19,2084.04,2.96,4,6.13,35,2.68,6,673.0,19.64,-2.1576,-0.659,-0.4897,1,1,0,0,1,-0.4172
280.11,10,26970.1,27.48,3,6.13,36,0.79,31,725.0,5.82,0.334,-0.9338,-1.0325,0,0,0,1,1,-0.4548
142.7,7,15661.95,4.77,4,5.9,29,1.42,40,721.0,22.51,-0.3496,-0.4321,-0.4867,0,0,0,3,1,-0.4166
1558.24,2,87315.45,4.65,3,1.26,43,5.89,66,828.0,4.47,3.6647,-1.6951,-0.0309,2,2,1,2,1,-0.5377
9.21,12,1466.94,0.79,2,3.29,40,1.6,17,611.0,32.97,-1.9353,-0.9834,0.1354,1,1,0,0,1,-0.4309
12.18,11,2687.57,1.04,4,1.5,25,1.79,11,698.0,26.94,-1.8018,-0.789,0.0718,1,1,0,0,1,-0.4127
21.27,12,252.38,0.13,7,7.59,36,2.64,9,679.0,12.32,-1.5482,0.2053,-1.2692,1,1,0,0,1,-0.4336
36.64,21,829.23,1.72,3,1.04,37,2.63,17,663.0,38.16,-2.2992,-1.1995,0.4026,1,1,0,0,1,-0.4372
525.36,5,49920.69,6.26,12,21.98,56,1.41,42,648.0,10.43,1.0881,2.9025,-2.7463,0,0,-1,9,-1,-0.5797
546.25,4,33054.7,5.11,9,17.47,52,24.51,28,732.0,38.3,1.5062,2.7428,0.0628,0,0,0,4,1,-0.5097
585.2,11,17064.0,5.5,5,8.01,38,4.11,40,728.0,2.82,0.322,-0.5423,-1.223,0,0,0,3,1,-0.4472
105.78,12,2749.4,4.52,1,6.65,37,5.39,7,638.0,14.92,-1.5666,-1.0882,-0.0963,1,1,0,8,1,-0.4304
3360.32,3,29567.98,42.64,1,4.51,47,13.28,54,790.0,11.21,3.5883,-1.1394,0.4028,2,2,1,2,1,-0.534
222.46,3,42222.8,70.39,8,10.1,56,19.12,28,710.0,16.57,2.3349,1.4288,-0.5588,0,0,-1,9,1,-0.5253
620.46,8,70130.41,10.19,13,21.97,28,15.01,31,740.0,33.31,1.2048,3.7201,-0.0649,0,0,0,9,-1,-0.5864
21.44,17,2583.11,3.6,6,4.01,26,0.43,11,737.0,64.32,-2.2712,0.5907,0.8856,1,1,0,0,1,-0.4544
41.1,12,123.67,10.51,2,6.37,28,0.26,6,602.0,43.59,-2.4393,-0.1707,0.6864,1,1,0,8,1,-0.4392
23.72,14,1353.3,3.39,3,8.52,28,1.09,7,574.0,16.71,-2.5673,-0.4105,-0.3611,1,1,0,0,1,-0.4242
24.96,8,1313.07,8.97,5,,42,0.8,18,623.0,42.21,-1.4104,0.6101,-0.2549,1,1,0,5,1,-0.4314
4083.95,1,86383.73,2.21,2,3.69,43,5.2,58,777.0,1.07,3.2254,-1.623,-0.052,2,2,1,2,1,-0.5142
11.75,14,3363.09,5.5,8,6.13,23,0.96,7,655.0,32.8,-2.3024,0.7939,-0.3061,1,1,0,0,1,-0.4436
2394.52,6,20658.3,4.15,7,12.11,38,6.82,19,788.0,25.97,1.2191,1.2368,-0.115,0,0,0,9,1,-0.5258
9.23,17,2149.92,13.22,5,1.21,30,2.78,11,682.0,6.73,-1.664,-1.1654,-0.8006,1,1,0,5,1,-0.4353
770.36,8,7527.29,27.3,10,5.05,40,7.15,44,698.0,35.65,0.8574,1.3306,-0.3936,0,0,0,7,1,-0.5241
2423.46,4,123606.64,41.8,2,1.09,56,1.49,66,751.0,6.61,4.2433,-1.762,-0.283,2,2,1,2,1,-0.524
1170.1,3,21052.39,38.28,7,17.92,26,8.7,11,690.0,49.37,0.7772,3.053,0.9002,0,0,-1,9,1,-0.5485
127.07,14,17984.9,31.25,7,5.61,33,9.59,37,775.0,12.55,0.595,0.0401,-0.7924,0,0,0,1,1,-0.4915
22.48,17,740.57,1.95,2,4.83,18,1.94,12,573.0,15.67,-2.9549,-1.1635,0.1883,1,1,0,0,1,-0.4427
58.12,16,1803.78,11.12,2,1.2,34,4.33,14,673.0,20.46,-1.5851,-1.5219,0.0785,1,1,0,8,1,-0.4148
3305.37,2,97181.39,39.55,1,3.27,63,3.06,58,790.0,7.9,4.553,-1.6349,-0.3703,2,2,1,2,1,-0.5442
132.06,9,52657.92,35.34,6,15.01,33,29.73,36,693.0,77.01,0.8562,2.7555,2.2485,0,0,0,4,-1,-0.5636
13.27,14,1558.3,4.38,3,4.05,22,0.72,16,663.0,51.93,-2.389,-0.208,1.0056,1,1,0,0,1,-0.4055
34.02,19,1850.87,2.02,4,2.19,44,6.75,12,670.0,17.19,-1.6451,-1.2103,-0.3856,1,1,0,8,1,-0.4374
462.18,10,11525.82,3.61,6,14.47,43,6.44,42,740.0,2.22,0.5666,0.4301,-1.7301,0,0,0,3,1,-0.4561
64.88,18,2339.93,4.32,9,7.02,18,2.09,11,751.0,48.67,-2.1746,1.2981,0.1716,1,1,0,0,1,-0.5008
84.3,5,18017.77,54.8,7,14.44,50,12.74,37,669.0,45.19,1.0808,2.2348,-0.1237,0,0,0,7,1,-0.5079
147.08,11,16857.94,26.88,6,10.81,48,14.14,48,714.0,11.93,1.1828,0.44,-0.9539,0,0,0,7,1,-0.4704
1493.56,4,61235.71,5.43,14,15.45,37,2.27,22,699.0,84.95,0.7889,3.928,0.9284,0,0,0,9,-1,-0.6003
2.89,16,951.6,0.24,5,8.95,32,1.51,7,628.0,35.43,-2.5201,0.374,-0.1234,1,1,0,0,1,-0.4375
314.75,10,16925.55,2.67,3,7.31,52,2.33,27,739.0,6.08,0.173,-1.0447,-1.4035,0,0,0,3,1,-0.4298
91.95,4,17229.11,0.59,5,5.17,56,0.39,31,731.0,18.98,0.3223,-0.4397,-1.4875,0,0,0,3,1,-0.4543
11.92,10,2690.85,6.62,5,5.94,18,7.86,11,610.0,6.71,-1.8164,-0.2254,-0.1947,1,1,0,5,1,-0.4421
48.7,10,2682.11,6.37,2,6.44,35,3.28,9,624.0,47.79,-1.9057,-0.0649,0.8308,1,1,0,8,1,-0.4145
315.85,5,16901.13,5.06,2,10.11,23,10.44,32,732.0,42.35,-0.1282,0.3535,1.2272,0,0,0,3,1,-0.4515
385.28,6,50516.64,39.74,6,13.2,52,48.97,21,712.0,50.22,1.8306,2.0957,1.1068,0,0,-1,4,1,-0.5297
502.95,3,51160.45,3.42,7,25.0,40,1.89,26,730.0,23.47,0.7286,2.2408,-1.2323,0,0,0,9,1,-0.4956
41.81,11,864.97,1.68,2,7.14,18,0.87,9,673.0,12.49,-2.055,-0.8481,-0.252,1,1,0,0,1,-0.4214
2298.27,3,154557.34,26.59,3,0.94,52,7.35,41,739.0,3.35,3.6352,-1.4322,0.2155,2,2,1,2,1,-0.4999
278.68,7,14833.23,0.22,9,5.07,36,9.97,39,745.0,22.2,0.3422,0.6408,-0.6141,0,0,0,3,1,-0.4719
32.05,16,2192.98,3.67,2,1.01,19,1.4,8,649.0,23.07,-2.561,-1.4465,0.4531,1,1,0,0,1,-0.4253
74.35,4,79151.1,3.96,8,17.14,18,5.21,31,715.0,38.2,0.1331,2.4012,0.1839,0,0,0,9,1,-0.5433
3280.84,3,109960.74,2.78,1,,47,7.99,58,752.0,7.62,3.3794,-1.2405,0.4264,2,2,1,2,1,-0.5222
820.14,3,31243.2,6.47,9,17.87,46,2.56,27,778.0,21.5,1.2845,2.1992,-1.6003,0,0,0,9,1,-0.5083
2027.46,1,116374.7,25.04,1,1.48,35,16.72,58,720.0,4.08,3.8939,-1.5955,1.5258,2,2,1,2,1,-0.5291
1942.89,7,70750.94,28.12,9,13.92,38,2.36,20,762.0,54.23,1.7359,2.6455,0.6116,0,0,0,9,-1,-0.5685
36.76,13,3462.93,9.09,4,3.8,18,1.36,8,627.0,39.46,-2.4924,-0.1178,0.7252,1,1,0,8,1,-0.4329
422.57,7,40388.83,32.8,4,15.65,19,0.3,23,652.0,55.73,-0.5291,1.9114,0.9681,0,0,0,9,1,-0.5445
44.09,18,1526.15,3.26,1,3.07,29,1.88,11,568.0,33.93,-2.9114,-1.2519,0.763,1,1,0,0,1,-0.4371
160.99,16,3048.67,6.74,4,2.94,20,0.32,8,716.0,14.65,-1.9339,-1.0081,-0.324,1,1,0,8,1,-0.4544
1041.97,4,152952.54,38.41,3,0.78,51,4.3,55,827.0,8.21,4.0312,-1.4891,-0.2874,2,2,1,2,1,-0.5404
246.44,6,60982.44,15.53,6,18.88,18,4.03,28,696.0,57.61,-0.2403,2.6607,0.9477,0,0,0,9,1,-0.5221
1435.77,7,10617.84,1.54,7,9.09,56,12.28,46,674.0,47.73,1.2907,1.2417,0.5859,0,0,-1,9,-1,-0.5528
138.22,4,3614.48,23.53,5,12.36,45,6.48,32,649.0,46.54,0.0106,1.4584,-0.0552,0,0,0,1,1,-0.4689
120.48,6,17545.45,7.0,5,12.37,42,6.47,37,636.0,45.1,-0.3771,1.2157,0.0949,0,0,0,3,1,-0.4605
228.21,11,8761.68,23.26,5,10.18,51,3.33,31,755.0,33.32,0.3681,0.4985,-0.8842,0,0,0,1,1,-0.4492
500.15,6,49706.6,36.33,6,23.77,20,8.6,20,556.0,43.31,-0.2787,3.041,0.885,0,0,-1,9,-1,-0.5578
6.77,20,2161.96,8.92,2,4.86,26,2.84,14,623.0,18.2,-2.4524,-1.2314,0.0346,1,1,0,5,1,-0.4207
2010.96,5,97916.46,20.81,3,0.66,63,10.7,47,772.0,5.44,3.9784,-1.6027,0.1073,2,2,1,2,1,-0.5192
16.35,13,3159.49,0.65,3,7.1,18,0.79,7,638.0,30.56,-2.5972,-0.2445,0.347,1,1,0,0,1,-0.414
516.36,6,10511.14,4.84,5,6.31,50,0.29,46,794.0,24.41,0.9511,-0.2984,-1.231,0,0,0,3,1,-0.468
480.4,5,15841.84,38.37,3,14.92,41,5.15,26,662.0,3.39,0.8448,0.4287,-1.191,0,0,0,7,1,-0.497
11.55,11,552.39,6.87,2,0.88,20,4.2,9,628.0,45.6,-2.3476,-0.6997,1.4173,1,1,0,5,1,-0.4376
1839.7,2,82073.05,8.08,3,1.73,63,12.95,90,769.0,3.31,4.4268,-1.6703,-0.1458,2,2,1,2,-1,-0.5515
389.65,1,54988.48,25.74,8,18.37,63,24.89,22,772.0,49.07,2.6024,3.061,0.2472,0,0,-1,4,-1,-0.578
48.55,14,1263.97,4.59,4,5.19,30,3.4,17,692.0,28.18,-1.6268,-0.4307,-0.0703,1,1,0,0,1,-0.3929
2004.56,0,90392.33,18.95,1,1.67,46,8.94,52,771.0,0.43,3.7865,-1.8549,0.3653,2,2,1,2,1,-0.4979
16.57,19,3525.68,9.43,4,1.89,33,7.55,15,648.0,8.17,-1.7093,-1.3184,-0.3309,1,1,0,8,1,-0.4434
6.51,14,3269.27,12.66,5,7.79,19,0.06,9,640.0,50.55,-2.5186,0.7883,0.6657,1,1,0,5,1,-0.4484
211.54,11,22957.62,0.77,3,9.11,18,10.34,47,725.0,46.73,-0.54,0.2683,1.3715,0,0,0,3,1,-0.476
107.82,9,21821.68,14.49,7,6.16,22,11.67,9,750.0,31.31,-0.4787,0.8484,0.5493,0,1,0,7,1,-0.4734
190.1,7,18115.89,7.64,9,11.63,42,14.47,32,696.0,5.7,0.5938,1.1993,-1.2135,0,0,0,3,1,-0.4547
825.57,1,119833.39,23.44,3,0.58,37,16.8,38,766.0,17.82,3.1364,-0.8991,1.4697,2,2,1,2,1,-0.5408
59.95,12,2564.01,3.97,4,4.12,26,3.55,12,681.0,15.49,-1.6299,-0.7251,-0.3009,1,1,0,8,1,-0.3989
16.77,15,1983.68,8.19,1,5.49,25,1.08,22,636.0,16.48,-1.9884,-1.3425,-0.116,1,1,0,5,1,-0.4172
185.03,9,19396.89,0.84,5,10.42,47,0.78,24,781.0,19.71,0.0162,0.0926,-1.3622,0,0,0,3,1,-0.4357
88.0,15,691.19,1.51,2,4.28,28,,6,630.0,64.81,-2.5526,-0.0139,2.0416,1,1,0,8,1,-0.4597
152.89,6,10772.0,10.28,3,8.39,50,2.95,18,689.0,3.31,-0.0339,-0.6749,-1.4606,0,0,0,1,1,-0.4364
23.32,14,1464.63,24.13,5,8.52,18,3.17,17,751.0,7.16,-0.9916,-0.1216,-0.9104,1,1,0,8,1,-0.4733
5019.26,3,81523.65,29.61,2,4.95,52,7.07,66,765.0,9.04,3.9834,-1.1924,-0.0367,2,2,1,2,1,-0.4972
2131.44,2,155212.11,8.47,3,4.82,40,6.94,74,798.0,14.92,3.8592,-1.0018,0.4882,2,2,1,2,1,-0.5149
369.37,7,20781.8,9.66,6,9.71,50,25.63,46,680.0,21.58,1.2464,0.6463,0.0092,0,0,0,4,1,-0.4672
4041.58,1,66247.97,4.02,1,4.66,46,7.06,54,763.0,22.99,2.8194,-1.1578,0.7614,2,2,1,2,1,-0.52
106.53,8,11303.64,7.88,9,5.33,45,5.88,47,740.0,18.55,0.5087,0.4532,-1.4558,0,0,0,3,1,-0.4453
6.48,18,799.12,13.55,5,8.19,28,10.09,1,696.0,32.9,-1.8211,0.402,0.4626,1,1,0,8,1,-0.4655
23.64,19,2035.34,0.12,2,3.56,45,3.46,19,625.0,83.22,-2.4505,-0.2599,1.592,1,1,0,0,1,-0.4752
1100.21,4,64320.46,18.9,10,21.61,23,16.68,14,766.0,42.84,1.5844,3.8463,0.9963,0,0,0,9,-1,-0.6015
129.81,7,3561.26,15.29,9,7.34,37,6.83,27,715.0,22.96,-0.0753,1.0906,-0.992,0,0,0,1,1,-0.4291
111.73,19,1558.45,1.88,5,8.41,38,4.46,11,666.0,30.17,-1.9793,0.0608,-0.2585,1,1,0,8,1,-0.4282
12.43,14,2473.86,9.31,4,6.63,36,1.39,16,510.0,27.65,-2.4313,-0.1556,-0.1885,1,1,0,5,1,-0.4515
16.83,16,1656.9,1.02,1,,47,3.08,13,653.0,20.51,-1.6688,-1.1221,-0.4765,1,1,0,0,1,-0.4395
175.86,7,23177.93,10.52,4,12.63,48,12.19,20,745.0,5.69,0.7605,0.1633,-0.9442,0,0,0,1,1,-0.451
7.54,15,2180.15,5.34,1,1.86,33,8.32,20,550.0,49.78,-2.3753,-0.8767,1.6808,1,1,0,5,1,-0.4809
300.75,8,19233.14,44.11,5,6.41,34,13.57,36,721.0,22.7,1.0922,0.2938,0.1912,0,0,0,7,1,-0.4689
76.8,21,2542.46,5.68,5,0.61,31,8.28,18,589.0,16.48,-2.2564,-1.0903,0.1129,1,1,0,8,1,-0.4713
25.18,16,1928.49,5.32,2,1.48,19,1.17,13,691.0,32.16,-2.2908,-1.2345,0.6331,1,1,0,0,1,-0.408
11.64,14,290.73,15.32,6,8.01,24,0.69,20,543.0,30.82,-2.4621,0.6013,-0.196,1,1,0,5,1,-0.4674
2529.47,5,125775.15,15.2,4,4.93,71,0.79,72,752.0,20.25,4.0287,-0.9091,-0.6507,2,2,1,2,-1,-0.5722
150.96,7,19543.48,21.4,6,10.81,42,11.46,36,734.0,57.11,0.5511,1.6239,0.6813,0,0,0,1,1,-0.4755
24.5,13,1065.1,0.83,4,2.78,28,1.58,9,657.0,41.93,-2.2812,-0.3334,0.5368,1,1,0,0,1,-0.4058
1959.11,4,70463.68,4.64,3,1.34,43,1.62,67,756.0,3.46,2.7785,-1.7791,-0.3876,2,2,1,2,1,-0.5243
226.95,8,12878.94,4.82,5,11.67,49,3.53,22,690.0,47.03,-0.4975,1.0593,-0.1757,0,0,0,3,1,-0.4262
16.78,13,1204.45,2.84,8,3.93,47,2.76,5,664.0,63.35,-1.8868,1.1464,0.3375,1,1,0,0,1,-0.4921
33.39,17,3668.54,0.85,2,3.61,36,2.41,10,749.0,24.54,-1.5912,-1.3422,-0.1416,1,1,0,0,1,-0.4356
6.51,18,1405.92,5.13,4,0.54,30,1.21,7,683.0,42.59,-2.4025,-0.7398,0.5473,1,1,0,0,1,-0.4288
124.77,8,14334.9,34.73,4,7.28,27,7.35,39,709.0,12.55,0.4292,-0.1718,-0.455,0,0,0,1,1,-0.452
298.18,6,15847.5,14.12,4,6.66,47,0.01,12,711.0,47.54,-0.3854,0.3996,0.0302,0,0,0,1,1,-0.4504
9.47,15,3470.19,4.36,4,2.0,37,0.63,7,602.0,51.13,-2.5548,-0.2617,0.6965,1,1,0,0,1,-0.4414
1113.14,3,124653.32,4.92,3,1.38,50,15.67,70,753.0,22.56,3.6172,-1.1747,1.1666,2,2,1,2,1,-0.5234
2077.0,3,94114.03,19.7,2,3.09,40,37.04,60,756.0,4.53,4.0004,-1.2968,1.2931,2,2,1,6,1,-0.5017
1189.8,4,78006.04,13.78,2,3.86,54,10.5,73,744.0,9.34,3.4753,-1.4726,0.0397,2,2,1,2,1,-0.5031
10.36,23,1140.45,5.15,1,6.26,28,1.16,12,697.0,33.85,-2.5418,-1.1465,0.387,1,1,0,0,1,-0.454
286.92,6,11901.06,5.89,5,9.14,25,12.99,19,693.0,0.83,-0.1685,0.0684,-0.3522,0,1,0,3,1,-0.46
2971.17,9,33110.73,60.58,6,22.43,36,6.26,1,615.0,53.22,0.337,3.1813,1.0385,0,0,-1,9,-1,-0.6034
1100.0,4,101419.19,9.08,4,1.27,43,11.67,45,787.0,2.07,3.1013,-1.3315,0.2704,2,2,1,2,1,-0.518
32.12,20,1290.87,5.69,2,6.24,23,1.38,14,669.0,55.22,-2.7355,-0.2778,1.2077,1,1,0,0,1,-0.432
366.67,6,47588.32,17.6,8,15.91,34,9.76,12,702.0,25.44,0.4129,2.1298,-0.2928,0,0,0,9,1,-0.4806
37.07,16,2942.4,2.63,1,4.58,23,0.71,17,635.0,41.37,-2.5577,-0.9141,0.898,1,1,0,0,1,-0.4169
10.85,16,51.77,0.61,3,5.08,28,0.22,14,647.0,39.16,-2.4981,-0.4976,0.3507,1,1,0,0,1,-0.4096
30.28,12,2150.31,3.54,1,2.93,21,2.74,10,650.0,7.26,-2.0001,-1.687,-0.0522,1,1,0,0,1,-0.4231
26.73,16,3360.98,3.47,3,7.55,30,0.15,11,622.0,24.02,-2.3848,-0.5105,-0.2625,1,1,0,0,1,-0.4049
25.57,12,3763.08,3.94,2,6.11,29,11.56,13,615.0,32.63,-1.7383,-0.3987,1.0676,1,1,0,8,1,-0.4324
154.24,6,14075.98,1.36,1,12.77,41,9.67,38,745.0,12.41,0.479,-0.4871,-0.5132,0,0,0,3,1,-0.464
39.03,18,1066.65,0.17,1,7.59,43,6.89,11,652.0,9.96,-1.7068,-1.377,-0.4259,1,1,0,8,1,-0.4649
403.77,12,14235.84,22.03,5,8.04,63,4.59,32,670.0,42.39,0.292,0.4297,-0.4471,0,0,0,7,1,-0.4868
207.89,11,18571.89,79.45,9,14.76,50,0.09,33,780.0,3.9,1.174,1.3164,-2.8402,0,0,0,1,1,-0.528
376.5,7,19052.43,2.43,4,13.31,47,0.66,26,708.0,19.02,-0.0427,0.3221,-1.2083,0,0,0,3,1,-0.4284
769.57,4,53455.77,31.05,9,23.35,29,5.05,23,714.0,49.46,0.9729,3.6428,0.1155,0,0,0,9,1,-0.5292
399.92,10,17466.7,0.84,10,11.61,54,6.27,37,713.0,6.14,0.5535,1.0491,-2.1823,0,0,0,3,1,-0.4857
263.52,6,17952.01,0.17,5,8.07,36,0.41,45,637.0,31.62,-0.562,0.2427,-0.4557,0,0,0,3,1,-0.454
60.03,8,1207.61,9.33,4,0.63,32,5.51,13,644.0,22.57,-1.2808,-0.7755,0.0924,1,1,0,8,1,-0.4248
237.02,11,18013.25,7.98,5,8.4,45,4.65,38,704.0,30.55,-0.0823,0.1514,-0.5134,0,0,0,3,1,-0.4195
12.93,14,3546.53,6.05,4,7.39,29,0.44,18,620.0,10.47,-1.9541,-0.5591,-0.8718,1,1,0,5,1,-0.4077
2112.35,3,130222.56,60.51,1,3.92,57,27.68,41,782.0,13.41,4.7238,-1.072,1.3749,2,2,1,6,1,-0.5213
271.42,3,71755.43,0.08,6,24.19,28,4.18,12,739.0,38.28,0.1395,2.492,0.0321,0,0,0,9,1,-0.5438
13.6,9,2166.13,3.74,4,2.0,25,7.95,18,669.0,31.71,-1.4158,-0.4556,0.6556,1,1,0,5,1,-0.4169
1201.64,3,49422.18,4.22,8,23.92,45,10.89,6,642.0,45.71,0.6619,3.3143,0.539,0,0,0,9,-1,-0.563
1518.2,2,124916.57,6.37,2,2.55,59,15.9,76,759.0,19.03,4.4366,-1.3755,1.0267,2,2,1,2,1,-0.5438
1001.88,5,68075.14,2.7,16,16.06,51,3.02,19,688.0,36.11,1.0159,2.9965,-0.9102,0,0,0,9,-1,-0.5638
215.81,8,8892.12,15.9,5,10.33,26,0.17,38,684.0,19.92,-0.5248,0.3604,-0.8527,0,0,0,1,1,-0.433
362.0,5,67051.22,2.81,13,23.46,28,32.54,30,,70.79,0.6257,4.7322,1.5474,0,0,-1,4,-1,-0.6104
9.01,14,1750.2,14.68,5,2.89,31,6.99,13,712.0,37.33,-1.2985,-0.1254,0.4201,1,1,0,8,1,-0.4434
25.94,16,3003.41,2.91,1,10.0,33,1.51,7,604.0,33.17,-2.5385,-0.4276,0.2791,1,1,0,0,1,-0.4413
26.2,15,2109.14,10.53,5,1.05,33,0.79,1,574.0,24.59,-2.5464,-0.6255,-0.1424,1,1,0,5,1,-0.4556
405.22,8,19659.36,23.87,4,6.08,58,5.0,34,732.0,10.3,1.2145,-0.6533,-1.3105,0,0,0,1,1,-0.4418
168.24,14,15555.47,12.9,6,12.4,31,5.25,33,677.0,20.38,-0.7288,0.6954,-0.7127,0,0,0,1,1,-0.4331
4138.56,3,102444.65,106.62,1,0.03,35,15.01,54,733.0,5.57,3.9333,-1.6886,1.4665,2,2,1,2,1,-0.5293
433.06,8,15558.42,9.47,9,8.21,35,9.54,57,670.0,25.88,0.4768,1.0974,-0.5437,0,0,0,3,1,-0.4731
27.88,18,1957.52,4.57,4,5.65,28,0.97,15,616.0,16.21,-2.4083,-0.7392,-0.4917,1,1,0,0,1,-0.408
368.27,12,11907.16,2.92,6,7.54,50,5.01,33,674.0,13.76,-0.1995,-0.1486,-1.1983,0,0,0,3,1,-0.4363
321.94,11,13077.74,13.95,4,6.6,36,13.59,36,,9.1,0.3036,-0.5255,-0.171,0,0,0,7,1,-0.441
158.69,10,14320.73,21.34,7,8.87,54,6.41,38,656.0,14.47,0.3932,0.4418,-1.4822,0,0,0,1,1,-0.4565
101.44,9,9889.08,23.8,8,11.13,49,11.4,25,743.0,38.03,0.5261,1.6449,-0.4876,0,0,0,7,1,-0.4672
429.55,11,14746.77,2.86,6,8.44,42,4.67,31,645.0,7.63,-0.4219,-0.0737,-1.1557,0,0,0,3,1,-0.4398
237.65,8,11571.28,26.8,4,12.93,30,2.85,44,740.0,40.59,0.2258,0.9427,-0.1318,0,0,0,1,1,-0.4573
157.4,11,10493.53,15.04,7,11.52,57,2.15,48,766.0,7.33,0.9234,0.2738,-2.4901,0,0,0,1,1,-0.4794
2195.48,2,78339.66,128.61,1,,49,0.98,78,782.0,9.85,4.2279,-1.1005,-0.5142,2,2,1,2,-1,-0.5533
6.92,16,181.59,1.27,4,2.52,25,6.22,5,647.0,20.71,-2.3205,-0.8325,0.2483,1,1,0,5,1,-0.4315
1665.42,1,129873.58,17.48,4,0.62,35,8.86,59,,7.81,3.2829,-1.0978,0.7947,2,2,1,2,1,-0.5342
229.47,5,41969.15,2.95,9,13.61,24,16.8,31,701.0,16.35,0.479,1.8401,-0.065,0,0,0,9,1,-0.5002
740.59,4,50208.24,21.68,14,17.95,27,3.89,14,716.0,76.03,0.2235,4.4483,0.7711,0,0,0,9,-1,-0.5874
223.93,10,16061.46,25.94,5,6.9,31,14.38,36,686.0,7.23,0.4631,-0.129,-0.2102,0,0,0,7,1,-0.4655
19.85,17,3214.68,0.61,3,2.19,24,0.7,7,713.0,32.02,-2.3239,-1.0188,0.3279,1,1,0,0,1,-0.4265
273.87,7,54078.33,0.72,8,18.97,40,1.55,19,693.0,43.6,-0.2747,2.5391,-0.5231,0,0,0,9,1,-0.4933
1.94,13,734.37,2.46,3,8.39,48,0.2,11,591.0,56.22,-2.2437,0.3463,0.3739,1,1,0,0,1,-0.4755
2.6,17,2363.53,12.9,2,0.87,32,4.29,17,676.0,40.63,-1.8098,-1.1231,0.8158,1,1,0,5,1,-0.448
71.49,10,46920.31,43.04,6,21.32,23,1.33,29,728.0,15.01,0.3486,1.9225,-1.2725,0,0,-1,9,1,-0.542
329.95,10,12411.34,3.01,8,14.9,30,1.29,34,698.0,8.15,-0.5188,1.1423,-1.7422,0,0,0,3,1,-0.4552
140.74,5,8107.09,0.58,1,6.3,39,8.56,24,772.0,8.52,0.2314,-1.2529,-0.4206,0,0,0,3,1,-0.4735
1862.01,5,44857.55,36.06,7,19.86,39,20.67,19,699.0,28.71,2.3689,2.7569,0.8421,0,0,0,4,-1,-0.5612
182.67,7,11363.75,23.29,4,7.05,35,4.11,34,734.0,16.12,0.3273,-0.2598,-0.7573,0,0,0,1,1,-0.4184
987.74,3,72891.56,35.48,4,19.67,18,1.53,46,739.0,30.28,1.8104,1.7718,0.2156,0,0,0,9,-1,-0.5665
206.46,6,16548.81,24.16,9,9.25,41,0.84,28,735.0,28.84,0.3357,1.4175,-1.3312,0,0,0,1,1,-0.4471
7.52,11,2511.18,1.55,3,0.19,18,0.85,14,699.0,7.63,-1.7916,-1.6051,-0.342,1,1,0,0,1,-0.4372
2983.39,5,146666.39,3.91,2,4.01,43,24.99,58,776.0,2.88,3.8363,-1.4508,1.2266,2,2,1,6,1,-0.5168
39.35,15,798.18,1.09,4,9.06,18,0.1,12,571.0,3.97,-2.7751,-0.4497,-0.7764,1,1,0,0,1,-0.461
46.64,19,2318.84,0.23,5,2.55,18,1.49,8,656.0,4.29,-2.6054,-1.1455,-0.6003,1,1,0,0,1,-0.4576
502.78,14,16300.9,7.5,7,8.89,24,8.57,53,720.0,32.31,-0.1173,0.6925,0.1411,0,0,0,3,1,-0.4823
18.24,15,672.82,2.75,2,3.91,18,2.45,7,649.0,9.34,-2.4081,-1.3704,-0.0646,1,1,0,0,1,-0.4257
256.44,6,15172.3,3.98,5,8.38,59,7.99,40,644.0,28.92,0.3752,0.2516,-0.6469,0,0,0,3,1,-0.4596
23.74,10,2466.21,1.32,2,5.16,26,7.3,8,644.0,29.24,-1.8492,-0.5842,0.7291,1,1,0,5,1,-0.4153
30.06,13,3524.13,1.87,6,6.42,30,5.86,17,605.0,22.39,-1.9101,0.1511,-0.2454,1,1,0,5,1,-0.4187
70.95,14,2212.01,1.45,2,5.26,27,2.58,4,655.0,45.78,-2.4264,-0.3812,0.9864,1,1,0,8,1,-0.4243
1275.25,1,109088.86,23.12,3,0.85,45,6.38,29,777.0,22.08,3.0686,-0.9143,0.8884,2,2,1,2,1,-0.5298
59.82,12,2293.58,8.17,2,9.41,33,0.63,9,601.0,19.39,-2.0179,-0.4347,-0.3962,1,1,0,8,1,-0.4289
53.01,15,2920.02,3.14,6,9.57,20,1.48,18,628.0,22.49,-2.2966,0.437,-0.4501,1,1,0,0,1,-0.4281
583.53,6,22730.91,28.13,6,14.37,41,18.22,38,699.0,16.01,1.6135,1.3175,-0.1528,0,0,0,7,1,-0.4643
4.19,12,3456.21,3.59,6,2.12,25,16.33,9,655.0,40.07,-1.5725,0.296,1.4071,1,1,0,8,1,-0.4737
14.06,10,2022.39,0.14,6,9.31,18,5.49,11,682.0,55.49,-2.0926,1.3816,0.9989,1,1,0,5,1,-0.4655
1096.93,6,16153.56,33.66,9,12.97,56,9.59,51,705.0,84.2,1.8424,2.9484,0.6609,0,0,-1,9,-1,-0.5841
19.33,16,2123.27,13.59,4,7.25,32,1.71,11,696.0,1.15,-1.4326,-0.8145,-1.2781,1,1,0,5,1,-0.4294
4053.72,3,85337.41,20.51,1,2.65,59,22.37,67,749.0,3.45,4.5134,-1.7375,0.782,2,2,1,6,1,-0.5221
3062.52,2,125322.7,26.04,1,1.08,53,5.61,82,805.0,0.0,4.7594,-2.2239,-0.1597,2,2,1,2,1,-0.5351
68.22,10,2323.05,2.56,2,8.7,21,13.9,1,650.0,15.03,-1.6068,-0.3199,0.7459,1,1,0,8,1,-0.4802
635.18,5,7431.84,12.53,4,10.79,46,0.76,27,818.0,22.65,0.9315,0.1862,-1.1142,0,0,0,7,1,-0.4678
19.75,17,3174.49,0.74,3,9.9,42,6.56,15,724.0,41.11,-1.435,0.0254,0.2046,1,1,0,5,1,-0.4457
23.51,16,2968.56,4.27,3,6.47,27,3.04,11,712.0,23.47,-1.8298,-0.6557,-0.0972,1,1,0,5,1,-0.4041
6.46,11,502.14,5.62,2,8.37,34,0.1,3,529.0,10.15,-2.5023,-0.6796,-0.6317,1,1,0,0,1,-0.48
1158.45,0,102758.66,10.4,1,1.49,55,10.13,37,754.0,4.95,3.3122,-1.7945,0.4203,2,2,1,2,1,-0.5105
10.99,18,1638.39,3.3,3,3.4,34,2.27,28,679.0,36.61,-1.835,-0.9128,0.1899,1,1,0,0,1,-0.4143
2.53,23,2187.82,7.41,5,2.37,34,10.42,18,731.0,24.95,-1.5231,-0.8432,0.1545,1,1,0,8,1,-0.491
198.11,6,20865.76,8.82,5,9.96,40,0.9,32,726.0,38.48,-0.0767,0.679,-0.448,0,0,0,3,1,-0.4175
1606.82,1,105402.42,19.53,4,1.38,56,3.04,75,742.0,0.49,4.2478,-1.5028,-0.6756,2,2,1,2,1,-0.5466
279.15,4,37725.67,6.84,5,15.61,34,5.28,16,764.0,47.45,0.1312,1.7616,0.3191,0,0,0,9,1,-0.4787
912.85,3,84769.23,4.39,3,3.75,45,7.58,55,759.0,2.48,2.6495,-1.3717,-0.2699,2,2,1,2,1,-0.4897
200.8,11,10493.74,22.81,4,8.23,63,7.27,33,693.0,22.13,0.6228,-0.1953,-1.0299,0,0,0,1,1,-0.4559
1184.84,12,25271.6,1.06,9,20.52,40,26.25,22,711.0,57.9,0.5289,3.4087,1.3145,0,0,0,4,-1,-0.5787
1542.07,7,133887.42,7.87,1,4.92,51,30.22,75,819.0,2.67,4.569,-1.7929,0.9086,2,2,1,6,-1,-0.5619
20.48,15,2489.99,3.6,3,4.18,25,2.28,9,693.0,39.39,-2.1698,-0.5004,0.5977,1,1,0,0,1,-0.3957
27.41,8,3175.48,1.47,7,0.02,25,0.33,17,769.0,25.69,-1.0885,-0.323,-0.5418,1,1,0,0,1,-0.4714
34.55,18,999.41,5.09,2,1.59,20,0.68,23,702.0,41.66,-2.2551,-1.1503,0.8286,1,1,0,0,1,-0.4293
18.45,13,2828.42,3.25,3,2.5,41,2.11,12,668.0,43.17,-1.7469,-0.6412,0.3711,1,1,0,0,1,-0.4125
50.15,13,1918.72,3.92,3,2.87,18,2.78,16,663.0,11.34,-1.9519,-1.2024,-0.115,1,1,0,0,1,-0.4154
546.77,0,56420.87,12.3,3,2.26,47,16.42,31,745.0,41.65,1.9301,-0.1995,1.5397,0,2,-1,9,1,-0.5095
170.05,3,19923.19,20.99,8,9.49,35,3.64,33,716.0,6.55,0.6307,0.8361,-1.6439,0,0,0,1,1,-0.4469
397.13,10,9499.14,35.55,5,12.23,31,5.03,15,705.0,20.48,-0.0857,0.8608,-0.5186,0,0,0,7,1,-0.4668
47.15,17,1201.5,6.35,4,0.9,32,1.71,16,656.0,17.87,-1.9505,-1.2612,-0.3667,1,1,0,0,1,-0.4139
1191.37,1,145229.32,11.93,1,2.4,40,17.91,57,745.0,14.01,3.556,-1.404,1.6128,2,2,1,2,1,-0.5137
23.15,18,3502.74,0.74,2,0.49,22,0.62,11,640.0,54.33,-2.9837,-0.9141,1.4627,1,1,0,0,1,-0.4485
33.96,16,2785.98,3.82,4,7.51,34,7.24,23,838.0,21.08,-0.499,-0.5168,-0.507,1,0,0,8,1,-0.4675
33.72,12,1969.78,0.79,6,7.28,24,0.68,4,718.0,21.74,-1.882,0.2042,-0.6292,1,1,0,0,1,-0.4385
128.69,11,17170.14,4.37,6,6.49,40,0.91,27,719.0,12.92,-0.513,-0.2623,-1.3277,0,0,0,3,1,-0.4187
90.56,4,14107.14,31.67,5,,33,1.96,41,665.0,10.22,0.36,0.0833,-1.209,0,0,0,1,1,-0.4689
351.4,10,11589.77,8.19,3,9.96,34,12.92,36,692.0,17.22,0.0589,-0.1745,0.1285,0,0,0,3,1,-0.4275
13.13,14,2375.26,2.29,2,5.3,28,15.36,13,626.0,18.64,-1.6142,-0.8437,0.8832,1,1,0,8,1,-0.4637
300.49,10,9613.56,18.5,3,14.47,41,3.13,17,632.0,34.0,-0.8507,0.8004,-0.2011,0,0,0,1,1,-0.4539
154.78,7,19352.58,8.77,9,8.36,47,0.87,49,721.0,21.31,0.4874,0.828,-1.8055,0,0,0,1,1,-0.4548
2217.26,5,108685.16,13.76,3,,51,1.92,74,795.0,3.56,3.9513,-1.1022,-0.6968,2,2,1,2,1,-0.5328
32.96,14,1881.26,1.64,4,9.21,24,2.27,16,721.0,33.59,-1.7957,0.1429,-0.0002,1,1,0,0,1,-0.4097
12.31,16,2135.44,9.24,9,9.66,19,1.25,12,629.0,14.15,-2.3126,0.988,-1.1059,1,1,0,5,1,-0.47
29.98,21,3036.82,4.28,3,9.45,29,3.43,13,600.0,19.7,-2.6273,-0.4848,-0.1889,1,1,0,0,1,-0.4298
19.48,15,2010.88,14.95,2,8.73,18,0.22,16,734.0,8.42,-1.5366,-0.8822,-0.6625,1,1,0,5,1,-0.4488
950.49,2,48452.13,0.13,11,10.83,52,5.79,22,721.0,29.17,1.3106,2.071,-0.8932,0,0,0,9,1,-0.5336
12.41,21,2020.89,4.94,5,6.11,18,9.62,2,606.0,30.65,-2.9451,0.0543,0.882,1,1,0,5,1,-0.4742
200.12,10,24723.34,18.89,4,12.46,41,5.51,28,710.0,34.71,0.0137,0.7068,-0.1755,0,0,0,1,1,-0.4323
1390.91,5,122598.93,4.56,1,2.87,57,10.66,48,734.0,4.67,3.2556,-1.8982,0.4712,2,2,1,2,1,-0.5214
38.96,3,63579.87,17.49,9,20.96,18,4.37,9,737.0,61.3,-0.2499,3.8625,0.6087,0,0,0,9,-1,-0.5808
32.76,16,890.44,6.35,1,9.84,22,0.57,2,629.0,20.56,-2.6572,-0.6495,0.0394,1,1,0,0,1,-0.4579
15.56,11,1350.77,8.54,3,7.34,27,1.19,6,638.0,45.93,-2.2157,0.2307,0.64,1,1,0,5,1,-0.4127
119.71,14,2456.0,0.94,3,8.86,33,1.63,14,746.0,14.61,-1.2695,-0.6393,-0.8093,1,1,0,8,1,-0.4228
352.14,15,23107.04,28.82,3,14.31,30,33.0,13,777.0,39.45,0.3325,1.0439,1.4259,0,0,-1,4,-1,-0.5574
309.13,10,14562.89,21.51,9,13.58,39,1.18,31,664.0,16.85,-0.1882,1.5562,-1.7071,0,0,0,1,1,-0.4717
273.23,5,5748.65,15.92,6,,33,0.26,21,788.0,5.93,0.2362,0.0522,-1.6232,0,0,0,1,1,-0.4574
2778.85,2,147073.1,25.33,1,1.82,61,16.71,74,741.0,3.59,4.9579,-1.8631,0.6576,2,2,1,2,1,-0.5283
4444.23,1,103987.45,3.46,2,3.12,50,0.76,50,774.0,4.52,3.2499,-1.6668,-0.2351,2,2,1,2,1,-0.5202
14.06,14,1588.33,1.31,3,4.33,19,2.92,15,663.0,45.42,-2.4016,-0.2943,1.0162,1,1,0,0,1,-0.4078
1067.86,2,79462.12,12.57,9,15.14,38,7.83,39,701.0,43.58,1.8532,2.5781,0.4036,0,0,0,9,1,-0.5382
439.3,3,17098.55,17.25,4,8.56,54,5.64,14,772.0,17.48,1.0856,0.0381,-0.9498,0,0,0,7,1,-0.4668
344.42,4,15143.79,12.0,3,11.03,33,8.55,26,671.0,13.68,0.0929,0.1137,-0.2418,0,0,0,3,1,-0.4383
10.99,22,1979.67,7.81,2,5.5,24,1.49,8,625.0,11.51,-2.7649,-1.3612,-0.2286,1,1,0,5,1,-0.4363
2919.57,4,83376.91,20.62,2,1.91,53,1.7,102,804.0,0.33,4.062,-2.0493,-0.7445,2,2,1,2,1,-0.5312
174.15,2,52798.12,2.85,9,10.43,47,22.57,1,719.0,40.29,0.7705,2.1854,0.7158,0,0,0,4,1,-0.5464
34.66,15,1057.35,5.15,4,2.98,41,7.9,6,724.0,8.09,-1.0798,-1.1432,-0.6525,1,1,0,8,1,-0.4475
2337.43,5,162160.34,121.89,3,0.25,44,11.38,66,813.0,8.9,4.6081,-1.4443,0.6577,2,2,1,2,1,-0.5277
73.68,24,2468.92,5.67,4,3.75,31,1.19,9,655.0,15.94,-2.5662,-1.1681,-0.467,1,1,0,8,1,-0.4562
3.03,16,3163.04,7.49,4,0.05,26,1.56,8,632.0,29.91,-2.4368,-0.9421,0.3252,1,1,0,5,1,-0.4228
12.81,17,1320.81,4.25,1,3.39,35,0.59,14,656.0,39.15,-2.2422,-1.1975,0.4967,1,1,0,0,1,-0.4209
123.64,6,12338.16,30.2,3,6.18,39,7.21,23,689.0,19.09,0.2448,-0.3081,-0.2705,0,0,0,1,1,-0.4327
501.09,6,71105.87,44.3,3,24.89,39,4.09,25,629.0,42.78,0.8433,2.0954,0.3967,0,0,0,9,-1,-0.5636
249.76,13,10244.15,3.97,4,11.43,41,6.59,32,663.0,40.65,-0.8502,0.5416,0.1619,0,0,0,3,1,-0.4309
8.39,17,1048.79,0.79,2,7.88,18,6.17,21,632.0,18.07,-2.3123,-0.7971,0.3018,1,1,0,5,1,-0.4467
28.33,15,2888.93,5.34,3,6.16,23,0.47,6,,66.42,-2.5203,0.3713,1.4149,1,1,0,0,1,-0.4489
13.86,13,2509.62,0.09,5,1.42,27,5.49,15,638.0,4.97,-1.7925,-1.0853,-0.5349,1,1,0,5,1,-0.4254
1911.58,5,124414.19,68.65,1,2.07,50,,97,791.0,2.31,4.7553,-1.9886,0.0892,2,2,1,2,1,-0.533
4.14,21,1817.57,4.1,2,3.97,34,4.97,8,633.0,25.34,-2.4649,-1.2307,0.2939,1,1,0,5,1,-0.4393
94.99,8,21333.87,1.77,3,5.85,55,12.22,32,671.0,45.94,0.0292,-0.0861,0.7129,0,0,0,3,1,-0.46
10.17,15,2249.89,1.29,5,5.7,31,2.13,12,714.0,11.68,-1.6261,-0.6018,-0.9259,1,1,0,0,1,-0.4182
23.99,20,2233.42,4.24,3,3.41,20,2.12,26,655.0,40.66,-2.5166,-0.7645,0.7698,1,1,0,0,1,-0.4252
2977.43,5,146270.47,15.28,1,1.01,51,10.46,58,755.0,2.82,3.7688,-2.11,0.5882,2,2,1,2,1,-0.504
638.39,4,104532.56,4.36,1,2.59,53,3.64,50,748.0,20.86,2.311,-1.6576,0.2444,2,2,1,2,1,-0.5185
1409.82,1,143073.91,4.08,1,3.75,60,20.61,69,776.0,5.22,4.6422,-1.6907,0.832,2,2,1,6,1,-0.5432
200.9,3,4359.68,30.8,5,8.81,45,4.07,45,665.0,21.47,0.7564,0.4281,-1.0666,0,0,0,1,1,-0.4702
1002.52,3,109931.43,19.63,4,4.06,56,69.45,50,837.0,3.73,4.4565,-0.8761,0.3138,2,2,1,6,1,-0.5483
546.92,5,24909.03,9.27,8,20.57,27,5.94,31,666.0,21.07,0.0446,2.4597,-0.8608,0,0,0,9,1,-0.4817
118.31,5,10234.23,13.17,7,13.62,60,2.18,65,730.0,45.06,1.1339,1.4894,-1.4024,0,0,-1,1,1,-0.5149
120.68,3,10375.38,1.13,3,9.2,37,5.76,70,751.0,25.28,0.8945,-0.286,-0.5978,0,0,0,3,1,-0.4809
35.42,20,1357.7,1.39,3,7.73,25,5.76,6,581.0,24.94,-2.9466,-0.4392,0.4122,1,1,0,5,1,-0.4387
224.03,8,16300.0,38.91,4,7.26,30,43.67,42,734.0,3.3,1.5061,-0.2193,0.0353,0,0,0,4,1,-0.5045
1445.03,2,114923.87,68.17,4,4.13,58,26.83,50,840.0,1.62,5.3792,-0.717,0.3462,2,2,1,6,-1,-0.5622
18.33,23,1410.69,8.89,3,5.71,30,6.44,1,684.0,4.12,-2.1765,-1.2719,-0.4757,1,1,0,5,1,-0.4767
275.44,10,12921.58,2.1,6,9.96,50,2.52,19,755.0,29.4,-0.2074,0.5333,-1.0065,0,0,0,3,1,-0.4318
8510.11,6,38331.63,11.48,6,23.79,36,3.99,32,651.0,28.97,0.9163,2.2381,-0.1658,0,0,0,9,1,-0.5334
285.62,12,10433.71,7.16,7,9.17,39,7.85,60,685.0,30.41,0.1097,0.6273,-0.5377,0,0,0,3,1,-0.4667
5.78,14,1345.43,1.34,3,4.77,34,1.26,17,739.0,32.34,-1.5021,-0.7332,-0.1352,1,1,0,0,1,-0.4103
3.93,15,2318.19,7.31,3,7.34,40,0.32,14,622.0,9.72,-1.801,-0.8767,-1.0695,1,1,0,5,1,-0.4217
12.53,10,1234.45,9.44,3,0.98,36,0.27,19,641.0,47.3,-1.6944,-0.5911,0.5441,1,1,0,5,1,-0.4332
641.41,3,44314.04,7.16,5,21.87,25,2.19,14,752.0,47.3,0.0952,2.5246,0.3391,0,0,0,9,1,-0.5086
37.54,9,1886.13,5.28,2,6.12,32,11.38,16,575.0,58.39,-1.8479,0.3061,1.9128,1,1,0,8,1,-0.4681
390.44,6,57885.74,23.9,10,12.92,33,0.62,22,686.0,28.06,0.3742,2.1623,-0.9225,0,0,0,9,1,-0.4837
331.39,5,9123.05,33.77,5,11.27,47,4.96,34,737.0,8.79,1.2357,0.3919,-1.5553,0,0,0,1,1,-0.4408
2941.13,4,68027.74,14.05,3,0.14,34,5.98,50,742.0,27.98,2.2611,-1.0425,1.1901,2,2,1,2,1,-0.5094
141.43,9,4343.74,5.44,3,7.02,18,0.57,7,615.0,32.06,-2.2687,-0.0276,0.4686,1,1,0,8,1,-0.4398
3262.73,5,133910.6,11.85,1,1.87,24,0.83,45,775.0,3.09,2.4278,-1.9563,0.6501,2,2,1,2,1,-0.5434
401.44,1,16244.44,4.34,1,9.74,29,4.42,37,785.0,14.93,0.7161,-0.6214,-0.3056,0,0,0,3,1,-0.4776
312.89,5,21536.94,21.4,5,5.36,37,12.29,45,731.0,17.96,1.222,-0.0887,-0.1377,0,0,0,7,1,-0.4441
893.62,7,67028.48,12.24,7,16.57,18,2.49,33,629.0,33.24,0.0463,2.0147,0.3768,0,0,0,9,1,-0.54
12.79,9,3171.0,0.55,2,9.77,30,5.72,7,613.0,36.95,-2.0063,0.1464,0.6449,1,1,0,5,1,-0.4385
1639.03,1,136663.63,30.87,2,2.56,38,22.51,53,775.0,6.65,4.4283,-1.1206,1.525,2,2,1,6,1,-0.5137
978.85,3,52476.53,3.53,8,23.77,41,35.71,28,694.0,34.53,1.6226,3.025,0.593,0,0,0,4,1,-0.5379
806.23,4,7068.81,5.48,3,13.8,37,5.81,1,756.0,29.03,0.0189,0.7771,0.075,0,0,0,9,1,-0.5058
7.4,15,1869.29,0.44,3,5.35,24,6.62,7,620.0,13.64,-2.3051,-0.843,0.1013,1,1,0,5,1,-0.4222
97.64,11,8474.43,20.08,4,14.14,48,5.5,47,727.0,13.07,0.5661,0.2152,-1.5191,0,0,0,1,1,-0.4519
30.91,14,1295.88,2.18,4,6.53,35,5.44,7,620.0,56.09,-2.3249,0.4729,1.0562,1,1,0,5,1,-0.4364
77.95,11,2543.68,27.4,4,7.7,45,1.16,17,642.0,34.32,-0.9061,0.212,-0.4726,1,1,0,8,1,-0.4592
1166.33,9,88418.07,24.62,4,4.13,52,18.25,58,828.0,13.67,3.9107,-0.8205,0.5788,2,2,1,2,-1,-0.5631
6.37,13,1812.41,1.64,4,8.41,18,,13,677.0,8.32,-1.7733,-0.3411,-0.2717,1,1,0,5,1,-0.4267
26.07,19,1545.47,1.48,1,7.45,23,8.87,14,631.0,53.98,-2.6513,-0.2488,1.8457,1,1,0,5,1,-0.4616
10.98,5,2585.57,1.86,2,3.38,26,3.57,13,659.0,47.98,-1.6624,-0.2874,1.1166,1,1,0,0,1,-0.4359
7.69,15,3781.15,2.77,5,7.97,31,1.24,7,570.0,16.34,-2.5481,-0.0819,-0.6469,1,1,0,0,1,-0.4374
15.67,13,3039.01,2.32,4,8.8,31,4.93,15,609.0,19.83,-1.9331,-0.0906,-0.2872,1,1,0,5,1,-0.4071
31.86,16,1943.78,3.47,7,5.7,33,4.7,1,721.0,32.26,-1.8217,0.4015,-0.2413,1,1,0,5,1,-0.4504
325.65,4,16466.22,8.82,1,7.23,55,0.56,43,669.0,8.51,0.6081,-1.2838,-1.2979,0,0,0,3,1,-0.4659
28.95,19,1987.17,13.26,1,9.45,30,13.81,6,653.0,0.31,-1.5272,-1.099,0.0221,1,1,0,8,1,-0.5161
1493.07,0,139079.03,18.11,1,4.74,50,39.5,47,799.0,14.59,4.4261,-1.0355,1.5081,2,2,1,6,1,-0.5204
23.51,11,1573.57,7.51,3,2.86,22,0.81,13,668.0,24.15,-1.8886,-0.8514,0.0712,1,1,0,5,1,-0.4053
1097.55,7,11424.84,39.53,16,21.74,21,15.48,1,687.0,54.77,0.3178,4.8067,0.9334,0,0,-1,9,-1,-0.6394
4.75,14,354.4,2.99,2,0.57,38,1.64,13,714.0,32.54,-1.6014,-1.4091,0.1416,1,1,0,0,1,-0.4289
3412.04,6,68394.52,17.11,5,13.28,24,29.06,31,667.0,34.13,1.7355,1.4989,2.1451,0,0,0,4,-1,-0.567
364.66,9,10516.85,20.33,5,11.6,61,10.35,36,711.0,31.04,0.9979,0.7127,-0.6698,0,0,0,7,1,-0.4569
15.92,13,1374.3,7.3,2,0.53,31,2.52,17,671.0,20.71,-1.6161,-1.5537,0.0211,1,1,0,5,1,-0.4102
2782.52,2,99311.4,8.09,1,1.26,50,12.48,36,800.0,1.6,3.6019,-1.9346,0.7203,2,2,1,2,1,-0.5098
4.75,11,2890.27,13.37,2,7.6,33,2.2,11,,72.63,-1.7153,0.5927,1.4824,1,1,0,5,1,-0.4684
10.11,10,2069.23,0.99,3,0.02,25,2.53,16,792.0,10.61,-0.9567,-1.6308,-0.4638,1,1,0,0,1,-0.4637
7.32,7,2577.29,2.36,2,7.84,30,0.67,13,679.0,35.59,-1.5648,-0.1965,0.1464,1,1,0,0,1,-0.4148
382.07,12,21176.27,1.54,3,11.24,44,8.07,32,701.0,11.84,-0.0046,-0.3889,-0.6232,0,0,0,3,1,-0.4493
92.1,13,2560.61,5.21,1,3.81,19,0.07,5,602.0,97.38,-3.121,-0.0106,2.2926,1,1,0,8,1,-0.4921
1367.91,11,24541.68,8.28,6,10.0,38,12.93,30,733.0,28.82,1.0195,0.7589,0.614,0,0,0,9,1,-0.5054
76.13,14,2117.83,0.1,1,8.77,34,1.91,10,625.0,22.59,-2.1291,-0.8065,-0.0832,1,1,0,8,1,-0.4211
16.88,15,917.94,7.12,2,2.08,40,10.38,9,691.0,8.69,-1.1225,-1.6211,-0.1191,1,1,0,8,1,-0.4497
1677.13,2,123519.51,28.97,2,4.52,61,3.98,77,759.0,1.61,4.6977,-1.5595,-0.6269,2,2,1,2,1,-0.5357
184.95,7,16228.04,11.69,6,7.15,56,3.7,29,687.0,6.89,0.4063,-0.1672,-1.7699,0,0,0,1,1,-0.4279
28.15,25,3412.22,9.69,2,6.33,23,0.2,13,583.0,36.99,-3.3396,-0.766,0.6402,1,1,0,5,1,-0.4851
20.43,13,346.88,12.82,5,0.29,22,0.28,13,702.0,64.81,-2.1184,0.185,1.2712,1,1,0,5,1,-0.4703
2422.96,4,77184.12,2.1,4,18.07,33,3.97,28,777.0,26.33,1.8387,1.2292,0.3255,0,0,0,9,1,-0.5494
12.81,16,4573.59,5.45,4,0.81,30,2.65,6,679.0,9.86,-1.8995,-1.3682,-0.4928,1,1,0,5,1,-0.4211
128.7,17,16407.72,8.02,6,14.62,38,5.26,40,726.0,12.66,-0.3822,0.5134,-1.3827,0,0,0,1,1,-0.4598
217.48,8,7214.77,3.97,4,8.11,37,12.44,37,684.0,12.87,0.0263,-0.2613,-0.279,0,0,0,3,1,-0.4274
186.28,5,14618.24,3.66,5,14.52,34,2.98,41,676.0,28.12,-0.2644,1.0227,-0.7126,0,0,0,3,1,-0.4325
47.41,12,1833.59,6.28,1,1.69,20,0.66,15,622.0,4.37,-2.0787,-1.9088,-0.214,1,1,0,0,1,-0.4379
249.8,9,12117.68,5.22,5,14.0,35,18.0,25,692.0,10.78,0.1064,0.7459,-0.1438,0,0,0,3,1,-0.4505
6.7,15,2930.63,3.05,3,7.77,30,6.61,21,675.0,21.06,-1.5522,-0.529,-0.0716,1,1,0,5,1,-0.4066
1142.46,3,110553.13,9.6,2,0.34,62,10.47,73,772.0,8.29,4.1215,-1.998,0.0776,2,2,1,2,1,-0.5373
1049.46,12,8836.86,4.9,3,7.63,47,6.43,43,672.0,22.59,0.3625,-0.5891,-0.0975,0,0,0,7,1,-0.4724
2138.95,0,125411.78,4.73,2,1.75,61,9.57,65,786.0,3.56,4.4115,-1.8384,0.0309,2,2,1,2,1,-0.5308
6.94,18,173.7,2.64,4,2.08,34,2.89,21,575.0,44.8,-2.6316,-0.5202,0.6575,1,1,0,5,1,-0.4442
27.7,13,1849.07,1.22,4,7.88,30,0.61,4,611.0,22.65,-2.4092,-0.1372,-0.3708,1,1,0,0,1,-0.4198
1224.86,2,34718.78,19.81,2,0.01,42,78.69,88,810.0,11.68,3.7613,-1.6052,0.8228,2,2,1,6,-1,-0.5518
8.53,13,1438.19,0.97,2,1.26,32,0.8,28,734.0,45.93,-1.4672,-1.0837,0.5737,1,1,0,0,1,-0.4397
135.72,8,12778.34,4.43,6,12.29,44,16.4,32,737.0,27.93,0.4856,1.0361,-0.1151,0,0,0,3,1,-0.4444
290.97,11,4588.0,9.85,3,7.76,32,2.14,40,728.0,30.56,-0.4573,-0.3466,-0.1988,0,0,0,3,1,-0.4197
5.62,14,1543.92,1.44,6,8.64,21,2.23,18,544.0,1.58,-2.5386,-0.065,-1.0266,1,1,0,0,1,-0.4832
126.1,9,12660.77,13.58,1,13.7,39,6.25,46,727.0,33.84,0.1819,0.0465,-0.0391,0,0,0,1,1,-0.4486
107.65,3,43120.13,45.44,7,20.08,22,28.71,31,723.0,59.15,1.1662,3.5399,1.5533,0,0,0,4,-1,-0.5767
51.92,13,2034.6,0.45,1,1.48,36,0.06,11,617.0,19.03,-2.1168,-1.75,-0.1095,1,1,0,0,1,-0.4379
379.35,13,10165.42,0.26,5,,58,9.3,37,718.0,20.29,0.3095,-0.2821,-0.8558,0,0,0,3,1,-0.4601
116.8,10,17137.88,71.16,5,5.14,38,3.84,33,695.0,17.59,0.3318,-0.178,-0.7882,0,0,0,1,1,-0.4566
1617.5,2,76795.3,33.72,4,4.37,51,0.19,82,800.0,0.34,4.2978,-1.1368,-1.2206,2,2,1,2,-1,-0.5509
371.34,9,19530.46,5.03,7,6.03,47,0.64,39,645.0,8.33,-0.11,-0.1719,-1.6381,0,0,0,3,1,-0.4679
41.87,14,825.45,1.35,1,7.12,25,4.99,9,704.0,22.64,-1.8357,-0.9488,0.3051,1,1,0,8,1,-0.4243
1423.14,0,102537.7,9.58,2,3.2,55,8.04,21,752.0,7.84,3.0537,-1.2312,0.4072,2,2,1,2,1,-0.5393
1629.07,2,130107.95,103.37,2,4.41,44,32.96,77,812.0,7.34,5.3992,-1.0559,1.0877,2,2,1,6,1,-0.5372
142.11,15,1537.67,0.14,4,3.45,18,7.7,10,672.0,20.58,-2.0431,-0.6841,0.503,1,1,0,8,1,-0.4432
869.44,7,47387.88,9.52,10,13.7,36,10.43,3,,24.89,0.424,2.286,-0.1562,0,0,0,9,1,-0.5195
76.4,11,2643.3,6.64,3,8.57,40,5.04,21,725.0,24.74,-0.7132,-0.3082,-0.43,1,0,0,8,1,-0.4082
12.43,17,1713.48,1.49,2,1.25,41,0.12,15,608.0,9.3,-2.1333,-1.9462,-0.719,1,1,0,0,1,-0.4449
172.1,9,7294.64,9.82,4,13.3,32,7.64,39,761.0,20.44,0.1402,0.4195,-0.6003,0,0,0,3,1,-0.4375
28.56,15,3351.57,2.38,3,6.47,49,,14,628.0,46.17,-1.6561,-0.1276,0.5389,1,1,0,5,1,-0.4395
110.4,6,21270.18,13.43,7,12.7,35,0.47,35,704.0,11.73,0.0283,0.8923,-1.6849,0,0,0,1,1,-0.436
413.31,2,39006.42,16.1,10,12.65,36,0.71,14,705.0,44.7,0.1359,2.6108,-0.5039,0,0,0,9,1,-0.4972
396.13,6,51111.07,31.75,7,18.49,18,1.04,11,754.0,63.4,-0.0767,3.1275,0.8119,0,0,0,9,-1,-0.5625
214.69,6,7746.55,15.9,4,11.82,25,10.73,27,801.0,5.28,0.5761,0.1711,-0.6522,0,0,0,1,1,-0.4864
2560.82,2,105976.08,46.75,3,2.64,66,9.56,61,772.0,0.32,5.0596,-1.3564,-0.3948,2,2,1,2,1,-0.5417
20.38,18,563.78,14.07,2,4.85,39,0.72,4,730.0,28.75,-1.662,-1.015,-0.2272,1,1,0,5,1,-0.4491
71.07,10,1729.26,10.0,5,7.83,18,6.69,12,717.0,33.85,-1.3867,0.5455,0.4445,1,1,0,8,1,-0.4371
32.0,11,1739.49,1.09,2,4.35,18,0.59,12,673.0,23.18,-2.1249,-0.9559,0.2063,1,1,0,0,1,-0.4182
1588.82,1,56070.09,15.15,6,,22,21.07,26,720.0,26.01,2.0862,1.0546,1.8489,0,0,0,4,-1,-0.562
412.19,9,19553.71,75.2,4,6.86,56,1.95,20,766.0,10.84,1.2295,-0.4317,-1.479,0,0,0,1,1,-0.4943
10.73,19,3231.71,11.83,2,7.41,18,0.66,10,650.0,26.24,-2.6016,-0.6727,0.2569,1,1,0,5,1,-0.4473
3084.64,7,93488.7,54.82,1,4.62,40,0.36,87,794.0,2.04,3.9365,-1.802,-0.3487,2,2,1,2,-1,-0.5546
21.0,19,874.18,3.55,5,4.78,39,0.4,11,611.0,29.01,-2.4694,-0.4047,-0.4355,1,1,0,0,1,-0.4355
43.82,17,450.06,0.7,3,5.95,21,7.55,9,716.0,12.07,-1.874,-0.9295,0.0163,1,1,0,8,1,-0.4398
9.79,19,2105.46,3.9,5,5.24,34,2.74,5,661.0,9.42,-2.1484,-0.7434,-0.8853,1,1,0,0,1,-0.4288
158.75,6,28413.88,21.23,10,19.37,33,2.57,17,624.0,36.15,-0.6165,3.2013,-0.9483,0,0,0,9,1,-0.5087
1267.14,3,58849.65,13.93,11,14.15,42,6.14,19,717.0,65.65,1.2518,3.4792,0.796,0,0,0,9,-1,-0.5583
3035.23,2,115742.44,21.79,2,2.04,42,36.62,57,820.0,24.59,4.4278,-0.9573,1.9987,2,2,1,6,1,-0.5377
11.3,23,2774.92,11.6,4,1.83,22,2.46,12,609.0,16.25,-2.7972,-1.2154,-0.0278,1,1,0,5,1,-0.4684
5.61,6,819.1,32.43,3,7.98,29,8.68,8,722.0,25.21,-0.2943,0.2078,0.1481,0,0,0,8,1,-0.4747
23.78,11,2206.4,4.79,3,8.67,31,2.14,22,650.0,1.98,-1.345,-0.7765,-1.1213,1,1,0,0,1,-0.4128
46.42,16,2112.99,0.56,4,2.7,32,3.72,13,593.0,18.76,-2.3283,-0.9441,-0.1293,1,1,0,0,1,-0.4171
1227.45,3,127838.44,28.67,1,2.8,39,15.07,45,839.0,7.8,4.0156,-1.4717,1.1152,2,2,1,2,-1,-0.55
135.93,10,19331.33,7.16,2,14.8,35,4.79,54,768.0,26.19,0.3619,0.0577,-0.5249,0,0,0,3,1,-0.4842
13.89,19,1321.12,2.54,1,1.42,27,3.61,7,628.0,19.69,-2.6204,-1.8035,0.422,1,1,0,5,1,-0.4302
11.05,11,2876.35,5.21,2,7.53,31,0.07,19,652.0,55.84,-1.9795,0.0987,0.8287,1,1,0,0,1,-0.4211
1392.95,1,68128.71,55.26,9,14.15,24,0.13,25,703.0,23.03,1.8471,2.3057,-0.3647,0,0,-1,9,-1,-0.5847
1102.15,2,77715.09,122.31,1,3.27,45,30.07,43,801.0,10.07,3.9765,-1.1523,1.1334,2,2,1,6,1,-0.5254
2317.95,2,145192.8,24.63,4,3.74,46,26.54,43,758.0,10.83,4.1234,-0.4893,1.2678,2,2,1,6,1,-0.5141
886.05,4,43458.09,12.44,9,12.68,38,1.74,13,724.0,55.14,0.3928,2.5431,0.2567,0,0,0,9,1,-0.5047
40.29,15,792.47,9.78,1,1.93,32,1.36,13,749.0,13.98,-1.2959,-1.8805,-0.3538,1,1,0,8,1,-0.4462
209.98,5,19656.06,2.55,6,10.76,45,3.38,36,671.0,6.82,0.1575,0.2781,-1.6184,0,0,0,3,1,-0.4269
920.77,5,124658.46,4.28,2,4.2,58,1.31,78,787.0,1.91,3.4713,-1.9672,-1.0087,2,2,1,2,-1,-0.5528
27.97,15,2109.18,10.42,3,9.43,23,0.71,10,605.0,35.04,-2.5459,0.1262,0.2915,1,1,0,5,1,-0.4247
2630.55,2,128903.64,0.63,3,2.99,60,13.65,41,780.0,3.2,3.8377,-1.3593,0.3442,2,2,1,2,1,-0.5258
488.99,9,19297.05,3.53,5,14.85,32,5.9,70,675.0,11.53,0.5355,0.4373,-1.0385,0,0,0,3,1,-0.4963
493.61,4,18866.53,9.26,2,7.24,50,3.34,23,720.0,28.28,0.4671,-0.4401,-0.2398,0,0,0,3,1,-0.4416
21.56,15,1140.78,9.5,1,2.25,31,2.65,14,694.0,36.17,-1.7709,-1.2672,0.62,1,1,0,5,1,-0.413
2.31,18,1005.24,1.4,1,4.26,31,2.87,19,623.0,9.73,-2.2041,-1.7787,-0.2886,1,1,0,0,1,-0.4405
311.45,3,50463.73,27.91,8,24.11,18,15.72,28,651.0,72.65,0.2925,4.1928,1.9706,0,0,0,9,-1,-0.5957
2435.11,5,82687.98,30.66,1,4.28,38,41.49,61,715.0,1.02,3.741,-1.3971,1.2602,2,2,1,6,1,-0.5263
20.43,13,494.26,2.8,1,9.06,21,1.22,16,600.0,24.07,-2.4646,-0.6331,0.2149,1,1,0,0,1,-0.438
27.95,13,948.2,2.46,1,1.89,26,2.05,6,676.0,15.79,-2.0221,-1.6904,0.0876,1,1,0,0,1,-0.4106
36.86,15,3070.46,7.79,3,1.22,37,6.57,6,623.0,25.05,-1.8887,-1.0772,0.3319,1,1,0,8,1,-0.4276
2113.69,2,73213.35,38.23,4,4.5,55,3.89,52,779.0,2.14,3.9665,-0.8377,-0.8375,2,2,1,2,1,-0.5131
20.13,16,2258.97,3.56,1,2.5,30,4.12,5,703.0,30.37,-1.9974,-1.3806,0.6019,1,1,0,5,1,-0.4231
13.84,15,2152.24,7.55,3,5.66,20,3.33,15,723.0,14.23,-1.6559,-0.8921,-0.2455,1,1,0,5,1,-0.4123
53.35,18,2370.85,10.13,1,7.5,18,0.9,17,646.0,45.84,-2.6127,-0.448,1.0665,1,1,0,8,1,-0.4473
1410.27,3,101021.64,16.92,2,1.56,56,1.52,99,,1.22,3.6311,-2.0148,-0.5553,2,2,1,2,1,-0.5486
928.54,2,81421.21,3.46,1,3.13,48,1.36,58,775.0,18.96,2.4605,-1.6313,-0.0092,2,2,1,2,1,-0.5206
285.91,6,29940.16,55.14,7,24.41,30,15.76,14,657.0,56.83,0.2976,3.6125,1.1145,0,0,0,9,-1,-0.5616
341.7,10,11224.15,10.99,4,8.17,28,0.35,24,737.0,33.36,-0.7137,0.1188,-0.1072,1,1,0,3,1,-0.4279
312.68,10,20328.89,16.55,4,8.29,32,0.69,42,804.0,17.72,0.4916,-0.3695,-0.9306,0,0,0,1,1,-0.4556
284.54,2,24949.23,10.08,6,9.48,41,9.95,24,677.0,9.24,0.5834,0.5342,-0.7782,0,0,0,3,1,-0.4564
296.97,3,25105.74,4.28,6,14.15,26,8.92,26,756.0,62.53,-0.0323,2.2351,1.1393,0,0,0,9,1,-0.5086
322.04,12,19971.93,10.75,8,14.55,44,3.57,20,734.0,4.96,0.0174,1.0256,-1.9785,0,0,0,1,1,-0.4651
102.6,12,22295.88,2.99,3,7.64,40,5.83,49,,22.36,-0.147,-0.6763,-0.3854,0,0,0,3,1,-0.4485
385.58,9,18279.31,5.83,7,9.85,39,10.47,13,659.0,41.71,-0.6237,1.397,0.4623,0,0,0,3,1,-0.4533
14.35,12,1428.71,6.31,3,2.33,26,0.89,12,656.0,13.49,-1.8731,-1.2108,-0.3626,1,1,0,5,1,-0.3992
1775.94,2,102818.48,19.46,1,2.74,50,20.53,37,837.0,4.65,4.4092,-1.524,1.24,2,2,1,6,1,-0.5376
56.36,15,1789.49,0.9,2,3.71,18,0.6,15,609.0,29.18,-2.7318,-0.9908,0.5585,1,1,0,0,1,-0.423
10.46,15,2358.96,3.35,2,7.63,18,4.94,1,584.0,57.07,-3.1791,0.3036,1.8126,1,1,0,5,1,-0.48
23.1,19,2757.53,1.98,7,7.48,31,0.4,6,632.0,6.53,-2.4398,-0.1084,-1.3605,1,1,0,0,1,-0.4643
3129.57,1,124781.95,29.5,2,0.13,45,22.91,70,738.0,0.49,4.7627,-1.6721,1.1704,2,2,1,6,1,-0.5165
2841.28,2,77814.2,73.7,2,2.23,67,6.0,97,757.0,6.62,4.7867,-1.62,-0.6078,2,2,1,2,-1,-0.5565
1317.15,2,10836.43,3.64,6,19.86,55,18.2,11,710.0,19.17,1.6078,2.0704,-0.2053,0,0,-1,9,-1,-0.5702
842.54,3,125876.63,56.8,3,2.6,58,56.7,57,800.0,1.22,4.7821,-1.1981,0.2571,2,2,1,6,1,-0.5412
2120.19,3,113807.36,2.69,3,4.87,36,20.31,68,818.0,4.32,4.1907,-1.0851,1.1724,2,2,1,6,1,-0.535
1218.45,2,120248.09,6.39,3,4.43,50,27.35,90,795.0,3.8,4.5435,-1.2211,0.5995,2,2,1,6,1,-0.5398
2918.71,1,64366.21,85.63,1,3.48,57,0.37,42,808.0,1.65,3.7994,-1.6302,-0.8084,2,2,1,2,1,-0.5484
1017.72,6,55090.04,34.48,7,21.54,30,28.58,30,703.0,48.67,1.8315,3.3253,1.4838,0,0,0,4,-1,-0.5539
13.69,13,1411.83,0.22,3,8.73,28,1.97,17,604.0,20.48,-2.208,-0.362,-0.2856,1,1,0,0,1,-0.4139
14.83,11,2162.23,3.62,2,4.71,30,0.0,12,617.0,26.99,-2.1299,-0.8394,0.0398,1,1,0,0,1,-0.4056
196.31,5,27036.95,92.9,13,16.39,18,18.66,46,617.0,36.99,0.6962,3.6762,0.3317,0,0,-1,9,-1,-0.5975
77.26,17,1988.4,1.69,1,0.1,32,1.54,11,715.0,23.25,-1.8818,-1.9701,0.1801,1,1,0,8,1,-0.4391
1263.93,2,107607.39,4.53,1,2.17,57,4.67,48,796.0,28.56,3.2341,-1.4733,0.7431,2,2,1,2,1,-0.5424
356.99,11,14835.82,2.68,7,9.55,29,5.81,43,672.0,31.32,-0.5859,0.8296,-0.1993,0,0,0,3,1,-0.446
1040.62,8,11275.61,0.43,3,14.43,59,21.5,12,748.0,23.08,1.2598,0.5691,0.3683,0,0,-1,4,-1,-0.551
14.91,16,865.28,0.98,3,0.63,28,2.37,19,602.0,28.66,-2.4568,-1.2218,0.3641,1,1,0,0,1,-0.4167
519.76,7,64507.7,30.89,4,3.52,46,14.11,50,813.0,1.68,2.9632,-1.0332,-0.3877,2,2,1,2,1,-0.5247
24.19,13,2478.21,6.26,6,0.42,26,4.04,20,664.0,33.22,-1.7448,-0.3368,0.2297,1,1,0,5,1,-0.4224
218.44,8,11029.98,16.72,4,14.95,41,48.27,52,781.0,17.62,1.5918,0.675,-0.2091,0,0,0,4,1,-0.5076
9.35,11,2596.7,1.55,1,4.8,33,1.18,13,626.0,74.15,-2.4163,0.0062,1.8242,1,1,0,0,1,-0.4547
2326.78,6,76452.89,25.44,3,2.53,69,49.81,70,759.0,0.23,4.7417,-1.5121,0.0568,2,2,1,6,-1,-0.5562
134.58,4,29944.21,0.72,4,15.7,35,5.89,39,744.0,44.04,0.2191,1.2977,0.1065,0,0,0,9,1,-0.4882
1202.69,2,111391.52,17.68,1,1.88,50,15.86,88,782.0,1.63,4.5368,-1.9824,0.58,2,2,1,2,1,-0.5307
1045.49,2,113945.29,81.38,1,3.35,45,37.5,43,770.0,6.93,4.1408,-1.2066,1.2573,2,2,1,6,1,-0.5297
604.89,2,120487.42,13.59,1,4.03,45,5.91,65,753.0,13.65,2.9384,-1.5274,0.1852,2,2,1,2,1,-0.5064
314.15,1,4919.06,3.69,6,9.32,20,4.08,28,759.0,23.35,-0.1043,0.7788,-0.411,0,0,0,3,1,-0.4681
21.33,15,1004.79,5.57,3,0.34,22,6.82,15,645.0,17.57,-1.9913,-1.3509,0.4154,1,1,0,5,1,-0.4204
1764.26,2,114678.64,4.7,1,1.54,44,4.43,48,795.0,12.82,3.2288,-1.8261,0.6799,2,2,1,2,1,-0.5073
327.7,2,34288.3,1.78,11,23.03,42,19.82,24,616.0,34.77,0.5009,3.7959,-0.0874,0,0,0,4,-1,-0.5815
9.6,20,2472.28,0.02,2,,23,4.32,12,665.0,32.51,-2.5878,-0.6021,0.5742,1,1,0,5,1,-0.423
2828.0,2,130424.93,24.25,2,4.62,59,26.77,76,731.0,4.68,5.0056,-1.2356,0.7426,2,2,1,6,1,-0.5354
6.26,14,1778.79,0.63,2,6.07,25,0.55,1,683.0,10.15,-2.2101,-1.145,-0.4664,1,1,0,0,1,-0.4368
1692.45,6,107292.43,10.01,1,2.42,41,37.81,56,812.0,4.82,3.9798,-1.8088,1.4858,2,2,1,6,1,-0.5253
453.14,9,8415.79,30.75,5,7.1,53,4.98,63,714.0,24.37,1.4307,-0.0776,-1.0643,0,0,0,7,1,-0.4805
259.72,4,59830.45,63.08,14,21.16,45,2.33,9,604.0,31.19,0.4813,3.9461,-1.4657,0,0,-1,9,-1,-0.5995
33.06,14,581.66,0.98,1,7.96,18,0.25,7,639.0,23.58,-2.6441,-0.7969,0.2612,1,1,0,0,1,-0.4454
23.29,17,1629.1,3.5,2,2.9,21,11.43,3,606.0,47.26,-2.7214,-0.4937,2.0081,1,1,0,8,1,-0.4764
613.65,4,17598.92,68.28,7,6.65,30,4.26,22,708.0,6.23,0.8878,0.5161,-0.9897,0,0,0,7,1,-0.4821
161.09,11,9957.43,2.37,1,,36,1.61,33,744.0,22.26,-0.5636,-1.0531,-0.3884,1,0,0,3,1,-0.4333
1030.97,4,98107.62,27.47,2,,48,3.78,53,809.0,8.14,3.4509,-0.9345,-0.4226,2,2,1,2,1,-0.5243
24.75,13,3233.88,9.2,2,8.38,34,5.58,1,751.0,42.63,-1.3835,-0.0497,0.6071,1,1,0,5,1,-0.4658
66.19,9,1987.49,1.78,1,1.83,30,1.81,13,645.0,3.83,-1.5572,-1.89,-0.4441,1,1,0,8,1,-0.4375
404.41,4,57742.93,60.75,12,21.69,50,1.7,21,717.0,64.63,1.2278,4.5652,-0.6757,0,0,0,9,-1,-0.609
175.13,10,16432.8,28.73,8,8.71,33,1.38,38,704.0,33.77,-0.0718,1.1663,-0.7762,0,0,0,1,1,-0.4589
508.15,8,10101.33,20.33,7,10.44,54,16.69,45,647.0,19.03,1.1956,0.9268,-0.5385,0,0,0,7,1,-0.4913
29.33,15,1156.04,9.5,2,8.61,27,8.09,16,699.0,13.12,-1.3294,-0.7368,-0.0974,1,1,0,8,1,-0.4263
2290.02,2,99572.57,16.19,2,2.45,58,19.01,79,766.0,0.43,4.9438,-1.6981,0.541,2,2,1,2,1,-0.5343
595.26,4,14586.61,1.21,5,9.23,32,2.85,28,747.0,3.47,0.3277,-0.1131,-1.1663,0,0,0,3,1,-0.4523
980.98,4,108574.83,65.44,3,,47,21.03,60,829.0,14.84,4.6412,-0.2683,0.8275,2,2,1,6,-1,-0.5605
286.44,2,12109.55,1.57,5,9.19,34,,35,702.0,18.49,0.2055,0.3386,-0.5117,0,0,0,3,1,-0.4385
17.3,12,1706.96,0.39,2,2.4,43,1.67,21,689.0,34.35,-1.3565,-1.1631,0.0002,1,1,0,0,1,-0.4286
30.49,9,2528.24,9.72,2,9.96,25,1.65,11,734.0,25.01,-1.2388,-0.1866,-0.1812,1,1,0,5,1,-0.4223
12.42,18,1911.66,12.54,3,0.9,23,6.1,19,651.0,20.17,-1.9459,-1.3134,0.372,1,1,0,8,1,-0.4442
2463.76,3,110666.28,21.8,3,1.05,51,28.15,56,771.0,0.99,4.5272,-1.4341,0.9215,2,2,1,6,1,-0.5065
2481.61,2,120215.01,6.9,1,2.97,51,1.46,44,850.0,7.31,3.6178,-1.8751,-0.0476,2,2,1,2,-1,-0.5536
108.5,13,15342.1,38.68,5,9.52,37,1.55,49,722.0,11.08,0.502,-0.0667,-1.4874,0,0,0,1,1,-0.4851
8.46,14,1900.58,2.27,6,4.26,19,0.31,12,592.0,31.21,-2.7877,0.0929,0.0851,1,1,0,0,1,-0.4417
147.95,10,11114.82,4.53,4,9.34,31,6.16,46,727.0,20.96,-0.174,-0.1434,-0.4593,0,0,0,3,1,-0.4236
723.74,1,163912.22,82.21,2,3.71,47,5.98,65,744.0,0.03,3.8107,-1.406,-0.4387,2,2,1,2,1,-0.5302
56.91,15,2159.46,0.3,2,0.82,29,22.13,18,653.0,35.75,-1.4058,-1.0118,1.9231,1,1,0,8,1,-0.4956
8.83,20,1676.84,2.36,5,4.71,29,5.25,3,656.0,5.74,-2.3168,-0.8533,-0.6529,1,1,0,5,1,-0.4507
202.56,6,59060.0,19.11,13,11.54,32,1.1,27,634.0,59.79,-0.327,3.1688,0.0591,0,0,-1,9,1,-0.5331
13.43,17,1690.58,1.45,2,1.74,25,0.05,3,682.0,28.94,-2.5637,-1.3295,0.3452,1,1,0,0,1,-0.4245
11.22,16,1767.23,9.23,4,1.79,18,0.95,11,714.0,49.84,-2.306,-0.3069,0.9748,1,1,0,5,1,-0.4524
1317.67,4,133071.22,28.59,1,0.83,44,7.42,71,764.0,21.56,3.7884,-1.6524,0.9969,2,2,1,2,1,-0.5271
1005.26,5,64924.33,41.02,7,13.18,45,,39,694.0,17.02,2.3738,1.3598,-0.6119,0,0,0,9,1,-0.5098
46.49,26,3040.63,9.23,4,4.54,18,4.13,4,728.0,24.75,-2.6236,-0.8184,0.2866,1,1,0,8,1,-0.4962
8743.17,3,136888.87,30.2,1,3.41,50,10.36,66,793.0,0.86,4.6017,-1.7589,0.2935,2,2,1,2,1,-0.503
180.21,14,12369.16,9.64,2,13.15,53,1.55,61,635.0,7.08,0.0041,-0.7748,-1.71,0,0,0,3,1,-0.5058
287.73,7,9908.23,2.74,3,13.09,64,20.6,34,697.0,22.76,1.1014,0.31,-0.1547,0,0,0,4,1,-0.4959
834.67,6,56270.31,1.09,6,23.49,41,18.35,25,727.0,70.06,1.0263,3.2367,1.9398,0,0,0,9,-1,-0.5563
18.06,16,1717.08,4.89,2,8.05,40,1.04,19,644.0,9.6,-1.6721,-1.1119,-0.9839,1,1,0,0,1,-0.4231
609.48,5,12130.7,85.45,4,10.81,61,5.16,37,696.0,24.55,1.6581,0.4699,-1.027,0,0,0,7,1,-0.4908
13.14,19,1497.78,1.68,2,5.88,26,0.1,12,606.0,62.04,-3.1976,-0.1362,1.4009,1,1,0,0,1,-0.4479
337.27,7,15625.63,11.02,8,7.39,37,0.07,35,689.0,4.52,0.0128,0.2808,-1.8323,0,0,0,3,1,-0.4394
161.28,10,23662.94,69.9,5,8.61,34,4.01,41,700.0,8.97,0.6225,0.0033,-1.106,0,0,0,1,1,-0.47
12.21,12,1395.49,6.61,6,4.98,34,2.79,30,629.0,27.52,-1.4603,0.0065,-0.4928,1,1,0,5,1,-0.4231
315.12,9,17057.26,6.55,2,9.81,37,4.96,61,702.0,48.77,0.1258,0.0339,0.5686,0,0,0,3,1,-0.4874
66.48,19,2029.86,6.71,3,5.48,35,6.95,4,604.0,31.91,-2.4013,-0.5124,0.55,1,1,0,8,1,-0.4481
91.6,17,1968.72,4.86,1,6.99,23,3.0,9,645.0,60.76,-2.7231,-0.1199,1.7085,1,1,0,8,1,-0.4587
23.49,10,1129.4,6.31,5,8.94,18,2.16,11,747.0,15.11,-1.3796,0.1228,-0.6595,1,1,0,5,1,-0.4404
2313.45,6,156066.56,28.57,1,0.94,57,6.05,69,794.0,2.63,4.4062,-2.2461,-0.0513,2,2,1,2,1,-0.5322
322.11,8,10357.16,11.86,6,11.16,18,7.24,30,738.0,24.72,-0.3231,0.9239,-0.0766,0,0,0,3,1,-0.442
168.92,2,12936.96,2.74,3,14.74,30,3.23,16,768.0,28.83,-0.2219,0.8035,-0.3437,0,0,0,3,1,-0.4739
1281.21,3,110935.93,63.02,2,4.16,53,15.41,44,811.0,0.52,4.5876,-1.2101,0.3796,2,2,1,2,1,-0.5309
3079.7,2,120540.14,8.08,3,3.85,55,1.79,27,785.0,3.46,3.1203,-1.2621,-0.3415,2,2,1,2,1,-0.5267
41.9,10,2338.89,14.56,3,9.72,18,0.47,2,674.0,20.17,-1.8861,0.0327,-0.2103,1,1,0,8,1,-0.4596
10.18,14,964.68,3.1,1,5.92,33,4.38,16,713.0,40.02,-1.6074,-0.779,0.6358,1,1,0,5,1,-0.4273
30.86,15,1172.78,2.79,5,2.88,45,4.03,14,610.0,20.79,-1.7734,-0.6893,-0.5732,1,1,0,5,1,-0.4284
71.52,10,26420.93,2.78,3,6.84,49,3.24,37,675.0,9.12,-0.1137,-1.018,-1.1339,0,0,0,3,1,-0.441
290.11,10,16364.93,16.03,3,7.93,28,8.59,35,763.0,37.33,0.088,0.0305,0.6592,0,0,0,7,1,-0.4571
26.59,21,35.61,7.59,1,0.51,31,1.21,16,647.0,51.31,-2.6525,-1.33,1.2091,1,1,0,5,1,-0.4548
75.89,5,13408.24,1.86,4,8.24,33,10.29,51,673.0,2.07,0.2729,-0.5054,-0.8164,0,0,0,3,1,-0.4668
20193.95,6,41693.37,40.79,8,18.39,26,0.25,16,738.0,93.34,0.9211,3.629,1.2555,0,0,0,9,-1,-0.6098
525.01,7,11816.59,15.75,4,14.18,42,11.07,34,766.0,13.84,1.1157,0.5145,-0.6872,0,0,0,7,1,-0.4446
36.26,26,2173.75,12.68,2,0.93,36,0.45,11,668.0,41.34,-2.6237,-1.4382,0.5514,1,1,0,8,1,-0.4767
86.56,15,2345.6,1.51,3,2.83,35,0.66,10,618.0,29.97,-2.2909,-0.9201,0.0777,1,1,0,8,1,-0.4077
584.92,10,5368.84,66.21,5,12.94,25,3.31,33,627.0,6.33,-0.0801,0.6256,-0.9511,0,0,0,7,1,-0.5171
857.24,7,12060.57,25.63,1,9.61,31,1.83,27,,16.34,0.3168,-0.5305,-0.1202,0,0,0,7,1,-0.4721
178.63,5,19520.84,24.34,4,5.19,37,0.03,36,734.0,28.03,0.3834,-0.2167,-0.5719,0,0,0,1,1,-0.4358
181.3,12,16863.71,16.24,5,6.52,55,1.39,44,711.0,21.51,0.34,-0.3959,-1.361,0,0,0,1,1,-0.4474
2.47,10,2353.81,1.73,6,3.67,29,5.36,9,,21.02,-1.432,-0.1365,-0.3232,1,1,0,5,1,-0.4219
1250.9,1,63463.82,38.75,2,4.09,59,60.59,81,791.0,17.95,4.9107,-0.8897,0.6352,2,2,1,6,-1,-0.5686
345.27,3,65832.93,71.77,14,22.96,41,11.09,32,686.0,56.76,1.6277,4.5648,-0.0211,0,0,0,9,-1,-0.6043
417.44,10,10973.99,36.1,5,9.62,39,14.66,21,673.0,22.84,0.487,0.7021,0.1889,0,0,0,7,1,-0.478
440.12,13,10597.06,22.7,7,5.69,59,9.87,20,718.0,36.97,0.4276,0.5925,-0.3063,0,0,0,7,1,-0.4956
354.06,4,20945.22,4.64,2,8.1,19,13.46,65,725.0,42.38,0.6387,0.0267,1.486,0,0,0,3,1,-0.5117
19.57,12,954.66,2.94,1,2.34,33,4.77,20,730.0,7.23,-0.9923,-1.9264,-0.4115,1,1,0,5,1,-0.4262
1979.55,2,90217.5,28.17,5,2.03,52,4.57,46,784.0,1.23,3.8118,-0.9533,-0.5876,2,2,1,2,1,-0.518
145.43,5,10967.07,10.52,5,8.91,36,3.5,28,762.0,14.85,0.2096,0.1147,-1.0859,0,0,0,1,1,-0.427
115.0,5,10279.07,11.65,2,8.74,44,3.05,46,745.0,12.54,0.6532,-0.7782,-1.1487,0,0,0,1,1,-0.434
336.7,10,15834.8,40.76,6,5.66,43,0.94,35,639.0,19.42,0.2075,0.1222,-1.042,0,0,0,1,1,-0.4941
44.42,17,2180.07,1.06,3,8.44,26,0.41,10,596.0,32.45,-2.8394,-0.2074,0.1842,1,1,0,0,1,-0.4211
18.79,19,1310.44,14.58,4,4.2,20,0.49,15,654.0,31.77,-2.4342,-0.4913,0.2188,1,1,0,5,1,-0.4372
904.47,5,72025.41,26.66,8,10.4,54,11.34,28,694.0,38.45,2.0905,1.7175,0.2954,0,0,0,9,1,-0.5232
323.74,5,16316.56,3.59,2,10.19,25,12.71,27,746.0,30.92,0.0695,0.1272,0.9392,0,0,0,3,1,-0.4511
30.85,14,2428.98,0.36,3,7.2,21,5.97,12,630.0,37.38,-2.378,-0.0718,0.8679,1,1,0,5,1,-0.4121
3.97,17,3069.27,10.11,2,5.83,39,2.93,1,735.0,23.53,-1.5523,-0.9748,-0.2676,1,1,0,5,1,-0.4532
182.16,10,13273.76,0.81,5,9.48,35,1.93,17,710.0,16.31,-0.8998,0.0602,-0.9199,1,1,0,3,1,-0.4147
5.28,15,2342.59,13.15,5,,26,5.87,14,652.0,2.75,-1.5528,-0.3332,-0.8607,1,1,0,8,1,-0.4386
237.43,4,18847.13,28.26,2,5.34,46,5.02,34,710.0,8.56,1.0073,-0.983,-0.8421,0,0,0,1,1,-0.4415
145.91,6,7810.81,13.46,4,13.21,52,6.21,40,667.0,16.12,0.4124,0.3681,-1.2776,0,0,0,1,1,-0.4381
119.33,14,15057.55,26.24,5,8.38,54,28.43,29,690.0,22.68,0.6947,0.2538,0.0458,0,0,0,4,1,-0.4931
179.49,7,18596.85,21.43,3,5.23,51,8.51,14,748.0,15.88,0.6425,-0.646,-0.5222,0,0,0,1,1,-0.4471
29.31,15,289.27,2.23,5,7.98,25,0.86,10,671.0,10.9,-2.0894,-0.2793,-0.9022,1,1,0,0,1,-0.4119
1185.57,2,69543.29,29.57,8,23.34,26,11.92,29,697.0,73.82,1.5715,4.1428,1.9862,0,0,-1,9,-1,-0.615
576.36,5,84496.71,5.16,11,16.58,50,6.58,30,668.0,49.58,1.0599,3.1497,-0.1648,0,0,0,9,-1,-0.559
142.54,8,17265.39,1.38,10,7.44,30,2.25,45,757.0,8.1,0.0802,0.6629,-1.837,0,0,0,3,1,-0.483
208.92,5,4298.18,33.92,7,13.5,32,9.58,37,733.0,17.03,0.882,1.4418,-0.9643,0,0,0,1,1,-0.4665
239.03,7,17739.48,20.73,4,7.49,36,10.89,35,704.0,8.63,0.6236,-0.2885,-0.4557,0,0,0,1,1,-0.4309
151.02,7,9483.29,3.63,3,10.51,40,0.88,46,717.0,4.48,0.094,-0.6465,-1.6024,0,0,0,3,1,-0.4442
29.46,9,3072.11,1.97,1,9.89,35,5.31,12,679.0,17.63,-1.2152,-0.6213,-0.2228,1,1,0,5,1,-0.4244
10.97,17,2828.19,10.44,3,5.12,29,0.05,11,553.0,11.14,-2.6192,-1.0106,-0.5103,1,1,0,5,1,-0.4456
70.05,11,1384.22,2.88,5,8.25,36,12.94,19,643.0,29.97,-1.1139,0.4208,0.3445,1,1,0,8,1,-0.4317
545.56,5,63069.9,10.57,9,24.36,37,3.73,22,767.0,37.22,0.9435,3.0407,-0.706,0,0,0,9,1,-0.5135
166.02,6,48213.56,2.4,10,16.14,42,1.29,26,754.0,46.68,0.1814,2.6706,-0.8608,0,0,0,9,1,-0.5139
2239.69,2,108008.81,91.38,1,4.26,51,12.41,32,751.0,9.8,4.0034,-1.0803,0.9606,2,2,1,2,1,-0.516
31.09,21,3396.38,4.23,4,,20,1.22,13,675.0,22.36,-2.5579,-0.4249,-0.1868,1,1,0,0,1,-0.4225
258.79,10,19621.95,13.05,5,13.26,39,0.14,44,720.0,5.45,0.24,0.1342,-1.8258,0,0,0,1,1,-0.4454
1040.43,6,48103.0,39.31,10,20.84,44,0.77,19,726.0,42.46,1.4264,3.5053,-0.86,0,0,0,9,-1,-0.5627
138.75,4,19396.4,25.28,5,14.42,56,24.88,39,713.0,16.65,1.8667,1.057,-0.5665,0,0,0,4,1,-0.4809
23.4,20,2320.82,5.29,5,8.7,38,5.26,2,551.0,39.02,-2.8895,0.4503,0.3064,1,1,0,5,1,-0.479
287.47,2,68979.77,8.29,8,20.42,18,0.58,24,728.0,38.15,0.1462,2.8613,-0.2555,0,0,0,9,1,-0.5474
15.69,15,1601.07,0.73,2,4.37,24,4.95,20,586.0,47.24,-2.6167,-0.4778,1.3128,1,1,0,5,1,-0.4241
3.46,13,795.44,2.37,2,0.7,30,2.94,26,682.0,40.11,-1.6869,-1.1745,0.6861,1,1,0,0,1,-0.4271
1216.57,6,58347.57,21.1,6,23.66,24,34.02,32,694.0,31.73,1.6944,2.633,1.3108,0,0,0,4,1,-0.5489
337.21,9,9856.38,7.62,8,14.08,46,2.49,38,738.0,16.1,0.3234,1.1701,-1.8892,0,0,0,3,1,-0.442
26.95,11,2186.01,6.13,2,4.88,19,8.94,21,670.0,41.52,-1.6351,-0.3582,1.3569,1,1,0,5,1,-0.4249
276.31,5,43146.08,40.05,8,23.04,47,14.54,37,682.0,43.07,1.643,3.2716,-0.1444,0,0,0,9,1,-0.5403
191.37,9,8037.66,5.84,6,9.83,51,2.91,47,735.0,6.59,0.5217,-0.0973,-2.0429,0,0,0,3,1,-0.428
831.43,5,47940.16,17.27,8,13.94,30,18.15,28,617.0,47.46,0.7006,2.5818,1.5446,0,0,0,9,1,-0.5332
7.21,19,2067.15,2.43,3,3.74,42,11.9,9,635.0,23.43,-1.8025,-0.9723,0.3882,1,1,0,8,1,-0.4738
612.34,5,51434.95,0.99,7,11.13,32,2.14,27,736.0,41.38,0.2744,1.3954,0.1149,0,0,0,9,1,-0.4597
114.25,5,12594.42,6.64,3,11.28,51,13.47,27,716.0,6.17,0.7305,-0.1901,-0.8422,0,0,0,3,1,-0.4543
11.24,17,882.15,4.71,1,4.16,21,1.11,19,610.0,6.17,-2.4357,-1.7694,-0.2537,1,1,0,0,1,-0.4494
3393.5,3,105875.52,75.45,1,4.98,43,0.46,70,762.0,14.19,3.9886,-1.2938,0.1731,2,2,1,2,1,-0.5261
21.72,17,2576.13,3.89,6,6.47,40,3.8,11,703.0,25.56,-1.5789,-0.0202,-0.6744,1,1,0,5,1,-0.4206
1082.8,6,27004.8,2.77,5,12.23,31,24.95,16,778.0,35.42,1.0711,1.2471,1.4601,0,0,0,4,1,-0.5272
126.3,7,14998.44,19.23,2,7.81,37,19.1,27,740.0,31.49,0.6633,-0.0541,1.0827,0,0,0,7,1,-0.4575
639.76,5,154475.58,1.98,2,1.76,62,13.39,30,776.0,19.04,2.6494,-1.4343,0.6634,2,2,1,2,1,-0.5432
130.23,21,3123.28,2.83,2,4.95,18,1.5,16,661.0,97.42,-3.0821,-0.0192,2.1462,1,1,0,8,1,-0.4839
26.73,10,2785.46,3.83,1,5.09,24,8.94,1,690.0,13.46,-1.5195,-1.1244,0.4366,1,1,0,5,1,-0.4466
2639.83,5,50288.22,6.7,7,24.67,44,0.63,26,631.0,27.83,0.8769,2.381,-0.6275,0,0,0,9,-1,-0.5531
47.88,7,2677.7,0.37,2,2.74,31,3.3,20,583.0,12.32,-1.6403,-1.2796,-0.1745,1,1,0,0,1,-0.4341
703.36,4,52431.18,36.92,12,15.74,47,6.91,30,766.0,26.87,2.2371,3.0075,-1.3519,0,0,-1,9,-1,-0.5543
18.61,20,2659.6,1.02,2,3.79,26,2.66,13,650.0,27.16,-2.5773,-1.2327,0.3706,1,1,0,0,1,-0.4132
226.65,5,16183.27,1.26,6,14.97,56,6.82,33,691.0,28.0,0.407,1.2444,-1.114,0,0,0,3,1,-0.4506
1544.5,4,182093.34,52.0,2,0.6,60,7.42,71,836.0,3.65,5.1927,-1.9214,-0.2163,2,2,1,2,-1,-0.5502
511.45,7,54815.1,7.19,3,14.02,39,2.86,24,737.0,23.03,0.5478,0.367,-0.3096,0,0,0,9,1,-0.4469
116.46,12,14570.0,33.07,4,6.21,34,3.8,26,714.0,24.18,-0.1868,-0.1967,-0.3547,0,0,0,1,1,-0.449
166.52,8,12804.61,42.8,5,12.87,28,1.3,40,675.0,22.34,0.0929,0.9067,-0.8782,0,0,0,1,1,-0.478
1332.18,5,83613.79,13.99,1,1.9,47,,65,813.0,10.1,3.4604,-1.9585,0.2727,2,2,1,2,1,-0.5112
33.03,13,1551.77,4.68,2,1.18,33,2.54,12,720.0,35.17,-1.5639,-1.1848,0.423,1,1,0,0,1,-0.4123
33.2,12,2805.95,12.23,2,9.61,18,1.68,7,674.0,7.22,-1.8131,-0.6048,-0.4758,1,1,0,5,1,-0.4385
109.12,7,20128.95,11.52,6,14.64,46,21.38,44,753.0,14.26,1.437,1.0376,-0.5813,0,0,0,4,1,-0.48
224.37,6,18227.43,2.65,8,12.55,35,1.31,12,,10.06,-0.5959,1.1341,-1.5949,0,0,0,3,1,-0.4488
18.55,15,2124.02,3.87,4,4.99,18,9.95,8,706.0,5.64,-1.656,-0.8058,-0.0312,1,1,0,5,1,-0.44
126.36,12,2793.97,4.65,3,4.48,28,2.82,10,722.0,39.18,-1.5791,-0.397,0.5218,1,1,0,8,1,-0.4157
1427.76,4,40541.67,23.17,4,23.46,38,9.67,7,641.0,35.44,0.9106,2.3206,0.7741,0,0,0,9,-1,-0.5619
113.36,14,1211.52,3.42,1,1.26,35,1.32,16,688.0,32.53,-1.6866,-1.5317,0.374,1,1,0,8,1,-0.4183
257.63,6,28131.55,31.95,5,12.13,47,10.62,44,732.0,20.63,1.6067,0.7378,-0.7005,0,0,0,1,1,-0.4535
10.12,18,1528.2,4.38,4,0.87,36,2.83,18,630.0,40.97,-2.248,-0.7774,0.4511,1,1,0,5,1,-0.4317
43.41,12,2324.25,3.01,1,7.73,38,6.28,17,714.0,4.92,-0.8697,-1.3213,-0.6745,1,1,0,8,1,-0.4342
9.32,19,1974.39,2.68,2,5.82,26,,1,517.0,43.0,-3.4,-0.3333,1.4525,1,1,0,5,1,-0.4942
43.13,15,3129.93,7.6,6,5.72,29,0.87,9,597.0,28.63,-2.4127,0.1791,-0.2662,1,1,0,8,1,-0.4205
115.88,13,20755.11,4.19,3,6.02,43,0.06,30,639.0,10.51,-0.9664,-1.1075,-1.029,1,0,0,3,1,-0.4405
2140.89,3,131014.31,18.11,3,3.06,49,11.26,68,809.0,17.45,4.3381,-1.0657,0.7274,2,2,1,2,1,-0.5077
1454.81,4,46719.07,20.2,6,20.53,37,23.63,8,673.0,44.5,1.4692,2.9718,1.6591,0,0,0,4,-1,-0.5769
38.64,12,2016.37,17.22,3,9.05,45,1.07,11,,65.27,-1.3328,0.7317,0.637,1,1,0,8,1,-0.4725
142.88,9,13090.93,47.58,4,6.51,46,0.5,17,688.0,23.35,0.0242,-0.0714,-0.8845,0,0,0,1,1,-0.4708
23.9,15,762.61,3.1,4,1.6,26,0.33,11,679.0,45.5,-2.3492,-0.4739,0.6285,1,1,0,0,1,-0.4075
628.04,6,27079.85,9.45,6,17.5,44,,29,748.0,56.88,0.6254,2.3091,0.3564,0,0,0,9,1,-0.4929
1616.21,3,94026.46,65.95,1,3.75,51,1.57,49,741.0,2.75,3.6699,-1.5869,-0.2403,2,2,1,2,1,-0.5094
93.83,8,11248.88,8.66,3,10.19,43,9.14,47,800.0,12.78,0.9504,-0.4534,-0.9339,0,0,0,3,1,-0.4558
30.16,15,3605.75,2.66,1,4.14,31,1.08,13,564.0,22.74,-2.5661,-1.3249,0.2007,1,1,0,0,1,-0.4383
2107.99,1,107854.69,17.22,1,3.01,48,26.42,48,748.0,8.51,4.1134,-1.3706,1.5248,2,2,1,6,1,-0.5058
3348.61,7,38601.05,2.18,11,,30,0.47,27,640.0,61.59,-0.1245,2.438,0.9162,0,0,0,9,-1,-0.5776
1033.0,2,154101.26,68.44,3,3.14,48,7.24,73,793.0,7.3,4.4191,-1.173,-0.1949,2,2,1,2,1,-0.5261
1915.65,4,62075.31,12.55,14,12.41,33,49.89,23,722.0,48.08,2.0087,3.2907,1.4862,0,0,0,4,-1,-0.5804
45856.71,5,135458.62,35.82,3,1.92,59,12.37,71,783.0,90.59,4.3005,0.1538,2.599,2,0,-1,9,-1,-0.5998
299.8,13,17096.91,12.48,3,10.11,76,5.65,20,737.0,30.32,0.4855,-0.1982,-0.9206,0,0,0,1,1,-0.4723
120.41,10,13649.89,55.51,6,9.64,76,4.11,13,731.0,15.66,1.0434,0.4277,-2.0216,0,0,0,1,1,-0.5211
243.33,9,65368.04,8.25,9,24.32,37,1.46,32,731.0,20.79,0.4858,2.4312,-1.5674,0,0,0,9,1,-0.5027
381.38,7,19486.86,1.53,3,,39,6.7,17,716.0,49.13,-0.4487,0.3304,0.9169,0,0,0,3,1,-0.4454
37.84,14,3329.77,14.68,1,3.93,30,4.5,6,667.0,29.92,-1.7447,-1.0362,0.5951,1,1,0,8,1,-0.4327
4.48,21,1907.57,0.36,1,0.44,29,3.39,6,674.0,35.3,-2.6705,-1.6884,0.8911,1,1,0,0,1,-0.4586
242.67,6,10082.35,5.7,3,5.57,29,7.31,32,690.0,6.69,-0.204,-0.8558,-0.3834,1,0,0,3,1,-0.4111
244.87,13,22024.02,33.2,10,12.64,30,0.66,31,663.0,1.74,-0.207,1.3584,-2.1067,0,0,0,1,1,-0.5296
149.87,7,9159.88,16.16,7,13.55,69,13.42,46,740.0,21.85,1.6776,1.1239,-1.5387,0,0,0,7,1,-0.4901
25.3,13,1762.04,24.56,3,3.7,25,2.78,8,641.0,8.08,-1.5768,-0.9884,-0.4187,1,1,0,8,1,-0.4441
1293.84,5,48970.07,13.0,16,19.83,30,42.4,13,671.0,32.33,1.2202,3.8835,0.6335,0,0,0,4,-1,-0.5892
38.87,17,1144.18,32.86,4,,18,0.79,18,701.0,27.01,-1.5428,0.0057,-0.1518,1,1,0,8,1,-0.4859
9.0,12,1368.73,12.28,3,9.76,31,0.63,13,667.0,22.46,-1.5983,-0.129,-0.5403,1,1,0,5,1,-0.4145
210.79,3,22912.76,48.57,4,9.33,47,13.32,49,720.0,10.63,2.1032,0.1343,-0.7203,0,0,0,7,1,-0.482
2173.85,5,3382.7,7.71,6,21.98,57,1.24,25,713.0,23.56,1.1735,1.9574,-1.4378,0,0,0,9,-1,-0.55
268.81,5,13505.9,4.63,1,13.43,22,2.26,38,726.0,16.35,-0.2572,-0.238,-0.3532,0,0,0,3,1,-0.4717
14.25,18,2267.06,1.03,1,8.57,41,1.38,14,606.0,28.9,-2.3424,-0.8688,-0.0878,1,1,0,0,1,-0.4511
1510.09,2,50947.86,6.47,9,23.81,44,1.54,21,781.0,14.45,1.9653,2.5416,-1.5188,0,0,0,9,-1,-0.5819
3764.12,1,61718.28,35.04,1,4.38,58,8.52,47,810.0,17.72,4.0022,-1.1025,0.2458,2,2,1,2,1,-0.5303
1196.78,7,30772.37,7.18,11,12.4,30,7.22,3,682.0,51.91,-0.2162,2.9882,0.727,0,0,0,9,1,-0.5496
197.86,2,20561.76,2.45,5,6.54,44,3.11,36,736.0,21.04,0.5271,-0.0687,-0.9236,0,0,0,3,1,-0.4364
115.23,6,13550.43,92.64,6,11.97,45,,43,689.0,42.34,0.8562,1.5156,-0.3516,0,0,0,1,1,-0.476
244.59,10,12851.22,2.53,2,12.98,32,1.71,42,762.0,25.43,-0.2209,-0.1574,-0.5225,0,0,0,3,1,-0.4513
15.38,17,774.28,4.52,6,1.03,22,7.22,19,703.0,12.24,-1.6584,-0.8523,-0.257,1,1,0,5,1,-0.4471
14.91,14,1855.67,16.67,5,2.52,19,3.01,4,680.0,11.59,-1.8553,-0.6591,-0.3364,1,1,0,5,1,-0.452
16.48,14,1087.53,2.32,1,1.3,28,4.31,6,671.0,50.03,-2.2942,-0.9744,1.448,1,1,0,5,1,-0.4308
20.57,14,3335.96,7.57,3,6.93,18,0.8,5,692.0,2.5,-1.9883,-0.9237,-0.7234,1,1,0,5,1,-0.436
2999.85,2,64315.0,29.85,1,4.34,61,2.76,77,814.0,6.97,4.4041,-1.719,-0.799,2,2,1,2,-1,-0.5563
1341.46,4,90593.91,14.16,1,4.72,42,17.99,50,732.0,3.48,3.2674,-1.4016,1.1176,2,2,1,2,1,-0.5063
45.82,11,3402.21,5.18,3,2.36,37,1.04,18,648.0,58.22,-1.8235,-0.2376,0.9432,1,1,0,0,1,-0.4283
107.66,8,18914.2,10.59,7,9.4,29,2.24,19,697.0,28.34,-0.8039,0.9635,-0.5607,0,0,0,1,1,-0.4168
109.37,10,16554.64,4.03,2,8.02,35,3.33,23,745.0,5.4,-0.4015,-1.0664,-0.8869,1,0,0,3,1,-0.4234
4.12,19,1564.38,1.36,1,8.54,18,5.38,4,667.0,53.4,-2.9387,-0.1293,1.6573,1,1,0,5,1,-0.4827
1670.57,4,79365.31,2.18,2,1.74,53,58.35,51,762.0,24.85,3.3725,-1.1821,1.6931,2,2,1,6,1,-0.5354
165.22,3,71122.93,12.33,7,11.08,18,0.41,18,713.0,35.24,-0.1205,1.5082,0.1517,0,0,0,9,1,-0.5019
5.93,13,1957.11,1.05,2,7.81,26,1.37,15,619.0,7.38,-2.1157,-0.9923,-0.5928,1,1,0,0,1,-0.4107
29.71,12,1591.74,4.03,3,1.45,32,0.86,8,584.0,24.24,-2.3354,-1.0365,0.0451,1,1,0,0,1,-0.4167
299.71,4,19985.04,1.76,3,6.89,45,2.56,22,713.0,22.35,0.0119,-0.4316,-0.5334,0,0,0,3,1,-0.4328
283.7,11,17772.38,9.26,8,9.29,39,30.85,36,652.0,25.73,0.2059,1.1563,0.2872,0,0,0,4,1,-0.4718
52.02,10,1346.4,1.51,5,5.13,21,3.21,9,590.0,34.01,-2.4387,0.213,0.4537,1,1,0,0,1,-0.4305
40.52,13,1227.42,3.38,2,2.79,21,3.16,9,669.0,56.74,-2.4154,-0.3661,1.5993,1,1,0,0,1,-0.43
856.68,10,12389.8,0.03,5,7.7,36,0.94,59,799.0,11.81,0.911,-0.5758,-1.2014,0,0,0,7,1,-0.5139
7.41,21,206.23,0.52,5,0.62,32,3.76,15,605.0,44.08,-2.8377,-0.5624,0.6913,1,1,0,5,1,-0.4562
276.62,4,20317.21,1.04,9,9.36,40,3.44,43,713.0,13.83,0.449,0.9349,-1.6183,0,0,0,3,1,-0.457
318.87,4,10523.74,19.83,4,8.81,48,14.73,48,713.0,32.87,1.3464,0.4303,0.1846,0,0,0,7,1,-0.4502
15.0,19,3583.03,7.54,3,9.33,30,8.73,10,768.0,52.64,-1.6032,0.3118,1.0781,1,1,0,5,1,-0.4867
430.43,6,20669.07,5.22,4,11.14,28,3.65,31,738.0,38.71,-0.1506,0.6839,0.262,0,0,0,3,1,-0.4277
12.16,11,745.52,0.02,8,0.49,18,2.21,17,593.0,21.38,-2.3939,-0.0381,-0.239,1,1,0,5,1,-0.4787
1295.0,6,29477.48,14.91,8,22.53,35,7.58,18,668.0,54.77,0.426,3.4421,0.6631,0,0,0,9,1,-0.5371
82.2,7,15117.89,17.84,6,6.67,51,0.07,7,728.0,10.61,-0.0757,-0.019,-1.741,0,0,0,1,1,-0.4665
781.4,9,15491.79,65.05,4,6.26,55,17.61,31,746.0,25.98,2.0513,0.0585,0.3571,0,0,0,7,1,-0.5266
712.71,7,9195.71,0.54,4,10.0,25,1.17,28,735.0,34.94,-0.484,0.4078,0.1605,0,0,0,7,1,-0.4518
4.21,20,1870.37,8.86,6,4.24,25,0.19,7,602.0,15.08,-2.7906,-0.4445,-0.6348,1,1,0,5,1,-0.4564
1777.0,1,48452.42,44.29,7,22.02,34,25.01,24,657.0,56.2,2.2498,3.7814,1.9293,0,0,0,4,-1,-0.6038
46.84,11,2389.91,5.58,2,5.24,26,1.26,13,682.0,2.0,-1.5006,-1.3557,-0.7689,1,1,0,0,1,-0.4111
1075.72,4,39874.5,0.4,6,21.21,31,29.63,23,677.0,25.26,1.0142,2.3758,0.8136,0,0,0,4,1,-0.5452
98.42,3,16921.19,0.81,3,14.6,37,11.12,48,720.0,4.46,0.7757,0.096,-0.9429,0,0,0,3,1,-0.4934
416.19,5,7386.99,9.74,1,14.94,47,2.77,58,711.0,33.11,0.7367,0.1326,-0.546,0,0,0,3,1,-0.4979
186.77,7,13984.89,71.85,3,7.17,36,1.08,51,791.0,48.2,0.9775,0.2052,0.0476,0,0,0,1,1,-0.5185
265.98,6,13336.56,7.6,5,7.35,28,2.02,11,765.0,26.65,-0.5157,0.2743,-0.3066,0,0,0,3,1,-0.4404
6.83,11,1306.42,3.12,2,8.32,18,0.25,9,710.0,19.64,-1.9249,-0.573,-0.1665,1,1,0,0,1,-0.4417
26.62,25,828.14,4.76,3,8.85,29,2.44,11,701.0,26.82,-2.5018,-0.6037,-0.1364,1,1,0,0,1,-0.4489
810.72,7,73005.83,6.38,5,22.82,36,10.55,34,673.0,52.66,0.8275,2.5098,1.1489,0,0,0,9,1,-0.5374
393.22,5,41500.85,33.63,11,10.46,48,,21,658.0,13.18,1.0988,1.9158,-1.491,0,0,-1,9,1,-0.5287
513.61,9,18191.21,4.07,3,10.21,57,0.47,29,807.0,28.5,0.7061,-0.2573,-1.0205,0,0,0,3,1,-0.4684
20.52,15,2448.89,3.3,6,2.86,40,4.18,12,788.0,16.47,-0.8821,-0.6634,-0.9735,1,1,0,5,1,-0.4574
665.36,6,23122.92,12.37,5,,44,0.52,37,715.0,12.27,0.7276,-0.1796,-1.2131,0,0,0,7,1,-0.4299
57.51,27,2545.33,0.63,3,3.58,32,8.02,9,604.0,39.91,-3.0879,-0.8619,1.0812,1,1,0,8,1,-0.4856
1527.85,3,46262.34,9.77,10,15.21,47,9.29,24,685.0,69.8,1.3412,3.4696,1.1748,0,0,0,9,-1,-0.5661
50.73,18,1381.74,3.19,5,3.15,18,3.1,4,678.0,40.15,-2.6963,-0.1555,0.7439,1,1,0,0,1,-0.4445
419.15,11,14301.6,28.18,7,11.19,34,0.04,32,678.0,13.97,-0.1129,0.775,-1.3993,0,0,0,1,1,-0.4692
12.37,12,3048.87,5.05,1,2.56,30,12.41,11,665.0,18.3,-1.3225,-1.3884,0.7799,1,1,0,8,1,-0.4473
9.5,13,2063.49,0.45,9,4.83,37,0.69,15,671.0,30.78,-1.7369,0.6666,-0.9286,1,1,0,0,1,-0.4518
45.8,15,2287.75,4.26,5,6.44,31,2.29,4,656.0,40.04,-2.2654,0.2655,0.2203,1,1,0,0,1,-0.4183
202.73,9,17888.97,2.24,4,8.24,51,8.78,35,698.0,25.69,0.1719,-0.1393,-0.4047,0,0,0,3,1,-0.4252
24.41,12,2683.5,12.8,2,9.44,25,6.9,11,640.0,30.62,-1.7275,-0.0362,0.577,1,1,0,8,1,-0.4234
3738.01,3,89053.56,72.81,2,,53,24.33,98,803.0,0.71,5.3989,-0.8802,0.3464,2,2,1,6,1,-0.5477
6.98,20,920.84,1.48,5,8.83,18,9.0,14,707.0,8.92,-1.9893,-0.2874,-0.2947,1,1,0,5,1,-0.465
35.47,13,2765.3,4.32,5,3.33,34,0.7,1,682.0,63.01,-2.257,0.4535,0.9363,1,1,0,0,1,-0.4467
334.74,5,5146.99,23.08,5,7.66,45,5.62,51,646.0,45.71,0.41,0.7335,0.0391,0,0,0,1,1,-0.4875
8.65,13,1025.77,4.18,4,4.78,30,,10,609.0,38.31,-2.1341,-0.0488,0.7384,1,1,0,5,1,-0.4168
12.06,25,1477.9,1.06,5,4.92,33,1.9,9,562.0,32.72,-3.3665,-0.4124,0.0816,1,1,0,0,1,-0.4899
11.69,11,566.35,1.39,6,8.14,28,0.2,16,753.0,39.27,-1.4733,0.6192,-0.342,1,1,0,0,1,-0.4389
408.1,7,50397.7,25.59,10,14.3,36,27.1,38,635.0,36.73,1.1191,2.7294,0.5774,0,0,0,4,1,-0.5325
12.79,9,1343.05,3.55,2,5.88,27,0.65,4,719.0,19.13,-1.5765,-0.8263,-0.2876,1,1,0,0,1,-0.4276
2404.88,3,77199.07,70.58,3,1.06,47,20.08,86,770.0,6.59,4.847,-1.2483,0.8395,2,2,1,6,1,-0.5359
112.62,6,23571.63,32.94,4,6.09,41,7.88,49,642.0,5.01,0.9073,-0.5188,-0.9126,0,0,0,1,1,-0.4825
105.68,5,14557.01,2.77,4,5.04,29,5.94,51,759.0,9.05,0.4415,-0.824,-0.7623,0,0,0,3,1,-0.4733
12.97,12,4034.32,16.26,1,8.68,33,8.18,24,671.0,27.99,-0.9347,-0.5165,0.3804,1,1,0,8,1,-0.4359
21.07,17,2344.61,1.04,4,7.34,30,11.85,18,672.0,38.41,-1.7339,0.0671,0.8586,1,1,0,8,1,-0.445
8.29,15,1922.54,3.97,3,1.84,25,5.1,3,582.0,38.08,-2.7905,-0.6342,1.0583,1,1,0,5,1,-0.4383
110.66,11,1389.89,15.33,6,6.55,28,3.46,4,703.0,16.79,-1.2604,0.1896,-0.6554,1,1,0,8,1,-0.4358
165.73,10,10978.64,47.25,2,12.72,44,2.18,35,679.0,4.63,0.4513,-0.3228,-1.4828,0,0,0,1,1,-0.4763
2716.05,4,42967.78,14.85,3,18.96,18,25.18,33,699.0,53.36,1.4022,2.216,2.75,0,0,-1,4,-1,-0.5895
10.54,20,2797.52,1.75,6,3.37,31,1.93,24,725.0,24.48,-1.7693,-0.5974,-0.5838,1,1,0,0,1,-0.4313
2122.59,1,82466.53,89.43,4,1.86,45,18.92,57,756.0,7.46,4.462,-0.709,0.891,2,2,1,2,1,-0.531
1717.82,5,63148.31,5.91,7,18.14,42,5.91,19,647.0,34.09,1.0631,2.2388,0.2859,0,0,0,9,-1,-0.5512
31.02,10,1569.24,1.25,1,8.54,31,5.23,1,572.0,53.42,-2.5698,0.1863,1.4454,1,1,0,5,1,-0.4841
38.1,14,2277.49,12.48,4,2.51,22,0.73,4,621.0,23.61,-2.3912,-0.6462,0.0846,1,1,0,8,1,-0.4316
12.99,6,3038.31,4.05,4,6.89,20,0.66,15,683.0,18.98,-1.485,-0.1485,-0.402,1,1,0,0,1,-0.4194
1131.19,8,61055.83,9.54,8,24.77,18,12.41,21,718.0,55.07,0.5218,3.4319,1.5589,0,0,0,9,-1,-0.5702
3552.96,3,100495.42,53.65,2,0.63,56,6.01,84,735.0,4.56,4.5919,-1.817,-0.11,2,2,1,2,1,-0.5353
1598.48,2,75395.56,38.53,5,2.49,50,2.29,67,800.0,0.57,4.2317,-0.9827,-1.0282,2,2,1,2,1,-0.5498
155.72,16,2998.5,0.13,1,7.19,32,2.32,15,662.0,14.01,-1.8518,-1.2965,-0.2792,1,1,0,8,1,-0.4343
84.41,13,199.69,10.0,3,8.25,18,1.84,1,608.0,57.22,-2.8568,0.6652,1.4046,1,1,0,8,1,-0.4884
666.22,7,44913.41,12.35,10,21.76,18,7.24,20,673.0,9.49,0.0695,2.84,-0.9546,0,0,0,9,1,-0.5429
24.41,12,3636.21,4.69,4,3.35,29,9.65,20,587.0,12.14,-1.625,-0.7855,0.0643,1,1,0,8,1,-0.4329
97.38,14,23473.21,5.83,2,7.77,33,19.86,32,754.0,18.51,0.1961,-0.7137,0.8276,0,0,0,4,1,-0.4836
1197.55,0,93544.5,47.55,1,4.43,42,50.03,80,850.0,0.72,5.3488,-1.3999,0.6883,2,2,1,6,-1,-0.5882
232.74,5,16251.81,34.59,7,8.5,50,2.96,48,674.0,16.5,1.1284,0.6192,-1.6233,0,0,0,1,1,-0.471
194.57,2,66750.34,13.36,5,15.51,24,17.06,19,726.0,31.87,0.9211,1.7413,1.0932,0,0,0,9,1,-0.5207
200.74,5,61879.12,28.98,10,19.26,36,16.17,32,690.0,26.66,1.4582,3.0955,-0.3261,0,0,0,9,1,-0.5293
2108.72,2,84596.79,22.72,1,3.8,58,0.38,77,761.0,2.36,4.0535,-1.9325,-0.7847,2,2,1,2,1,-0.538
1468.3,3,51734.97,24.5,8,22.53,62,7.09,29,653.0,48.52,2.1141,3.2516,-0.1543,0,0,-1,9,-1,-0.5842
22.65,18,2168.29,3.66,4,9.5,33,1.11,7,565.0,25.19,-2.8032,-0.0245,-0.3219,1,1,0,0,1,-0.437
2041.63,5,126001.09,64.12,1,1.56,49,4.29,64,771.0,3.28,4.2047,-1.9651,0.08,2,2,1,2,1,-0.5149
116.49,8,42303.98,3.76,9,21.06,29,6.33,24,668.0,77.76,-0.9177,3.8385,0.8447,0,0,0,9,1,-0.5401
674.62,3,81974.11,42.75,10,14.61,33,5.13,27,723.0,49.63,1.7241,3.0973,0.2846,0,0,0,9,-1,-0.5584
10.09,20,1431.98,2.91,2,4.42,25,7.96,10,695.0,31.37,-2.2044,-0.9783,0.8369,1,1,0,5,1,-0.434
440.24,7,11551.36,6.66,5,14.52,44,6.65,40,743.0,24.08,0.623,0.8461,-0.8622,0,0,0,3,1,-0.4334
568.07,5,67969.69,7.08,6,15.32,47,13.33,9,711.0,48.88,0.8826,2.0825,0.9847,0,0,0,9,1,-0.5219
1249.27,4,159223.5,27.61,1,3.93,37,18.78,84,,17.83,3.8331,-1.16,1.7835,2,2,1,2,-1,-0.561
8.87,16,2337.46,0.72,2,6.88,29,9.33,4,730.0,58.54,-1.9767,0.0592,1.6703,1,1,0,5,1,-0.4731
1669.57,2,109258.03,47.09,5,,57,24.75,73,741.0,4.56,5.3326,-0.0286,0.2648,2,2,1,6,-1,-0.5684
3270.41,5,13186.13,10.39,17,22.05,20,4.02,26,764.0,25.89,0.8309,3.6034,-0.9111,0,0,0,9,-1,-0.602
131.94,8,15550.06,10.34,5,9.43,53,0.93,64,699.0,2.42,0.8707,-0.517,-2.2839,0,0,0,3,1,-0.4686
1753.73,3,68608.8,7.66,2,3.8,61,11.93,72,801.0,12.67,4.065,-1.4614,0.0973,2,2,1,2,1,-0.5348
31.46,24,1501.6,9.53,2,5.51,38,2.53,21,651.0,7.31,-1.9976,-1.6737,-0.7955,1,1,0,8,1,-0.4614
419.99,12,11967.17,40.86,7,7.3,33,9.5,8,706.0,17.01,0.0578,0.7183,-0.3437,0,0,0,7,1,-0.5024
16.93,10,2405.39,3.34,3,,25,0.9,8,716.0,26.99,-1.6673,-0.2251,-0.1465,1,1,0,0,1,-0.412
98.34,9,14270.69,2.73,8,7.47,29,,29,808.0,12.59,0.0642,0.4281,-1.0665,0,0,0,3,1,-0.4656
1849.39,1,80431.44,18.09,2,1.63,53,2.46,33,802.0,2.17,3.2784,-1.6796,-0.353,2,2,1,2,1,-0.5136
198.18,4,10073.93,12.13,6,14.02,34,3.07,40,753.0,23.88,0.4034,1.1422,-1.1244,0,0,0,1,1,-0.4405
887.28,4,102367.74,4.37,4,0.59,31,19.1,52,772.0,6.72,2.8632,-1.1969,1.2238,2,2,1,2,1,-0.5439
44.72,11,723.59,4.43,5,4.55,26,1.79,23,647.0,19.07,-1.6518,-0.3913,-0.4827,1,1,0,0,1,-0.4094
979.82,5,60521.43,48.12,7,12.17,29,4.2,7,716.0,69.75,0.7528,2.6851,1.6428,0,0,0,9,-1,-0.5568
69.95,6,17630.84,32.31,3,11.17,47,6.36,24,663.0,7.95,0.4862,-0.0118,-1.1047,0,0,0,1,1,-0.4613
54.98,12,27630.41,22.03,4,9.61,41,5.71,33,754.0,27.25,0.2894,0.0886,-0.4572,0,0,0,1,1,-0.4438
20.75,17,3374.15,1.37,9,2.65,19,1.48,25,621.0,40.51,-2.5766,0.6102,0.098,1,1,0,0,1,-0.4753
28.29,16,2481.18,3.9,1,4.83,35,1.87,9,709.0,59.13,-2.0867,-0.529,1.2005,1,1,0,0,1,-0.4421
277.18,8,16511.69,32.33,7,13.77,58,0.14,52,809.0,7.72,1.9325,0.695,-2.7778,0,0,0,1,1,-0.5157
439.96,3,13215.85,36.9,11,6.41,47,8.28,27,779.0,9.61,1.8308,1.3532,-1.7803,0,0,-1,7,1,-0.538
327.12,8,7347.22,18.66,3,7.63,37,6.09,45,677.0,28.58,0.1316,-0.1938,-0.0516,0,0,0,1,1,-0.4309
17.67,11,2263.05,1.34,5,9.04,18,0.91,14,627.0,7.58,-2.1383,-0.0533,-0.8297,1,1,0,0,1,-0.4268
2010.31,5,87843.45,46.23,2,4.52,41,7.37,62,801.0,15.73,3.9295,-1.0112,0.5423,2,2,1,2,1,-0.5119
311.15,7,19283.0,50.54,6,8.2,45,26.89,27,646.0,8.08,1.2739,0.5696,-0.1914,0,0,0,4,1,-0.511
272.23,5,23589.95,18.32,4,5.45,39,10.68,31,794.0,38.22,1.0097,0.1322,0.5202,0,0,0,1,1,-0.4616
973.09,8,129937.1,91.99,4,3.42,47,35.45,42,774.0,10.51,3.7357,-0.6453,0.9464,2,2,1,6,1,-0.5376
190.92,14,10708.34,16.71,1,10.35,48,10.42,19,722.0,44.11,-0.319,-0.0722,0.7318,0,0,0,7,1,-0.4734
59.41,11,1635.09,4.08,4,4.53,34,0.71,13,701.0,39.7,-1.5707,-0.1934,0.0709,1,1,0,0,1,-0.4013
175.33,8,10225.37,0.89,5,14.31,55,2.77,40,676.0,17.93,0.0286,0.5201,-1.6655,0,0,0,3,1,-0.4404
1711.65,8,50658.1,58.08,11,16.98,34,9.83,33,687.0,51.36,1.7953,3.5845,0.662,0,0,0,9,-1,-0.5958
9.09,13,534.74,3.43,2,3.46,20,2.1,12,660.0,1.29,-1.9965,-1.5939,-0.4758,1,1,0,0,1,-0.4281
2907.38,5,92729.81,36.04,4,0.1,59,14.42,71,742.0,5.42,4.6264,-1.3527,0.2158,2,2,1,2,1,-0.5395
592.06,2,9665.25,0.17,3,6.66,30,14.93,43,,27.06,0.6204,-0.117,0.8973,0,0,0,7,1,-0.4846
4577.24,5,60585.97,89.14,3,4.18,54,6.34,68,758.0,1.62,3.9208,-1.2307,-0.6661,2,2,1,2,1,-0.5316
512.1,8,13028.41,4.16,9,10.68,32,11.74,53,739.0,49.38,0.4971,1.9117,0.3748,0,0,0,3,1,-0.511
13.22,14,2792.48,4.01,4,0.57,34,7.33,1,697.0,21.53,-1.6226,-1.0084,0.1487,1,1,0,5,1,-0.4362
8.55,15,513.83,3.01,1,1.77,33,2.44,4,668.0,77.54,-2.5814,-0.4317,2.0264,1,1,0,0,1,-0.4752
20.03,23,1603.51,15.6,6,0.06,24,3.52,9,610.0,43.71,-2.9122,-0.278,0.8039,1,1,0,5,1,-0.4998
249.14,8,16484.04,7.33,5,11.03,56,0.39,33,706.0,22.4,0.2,0.2658,-1.5065,0,0,0,3,1,-0.4269
613.36,7,31327.17,23.15,5,13.81,25,9.65,25,748.0,40.14,0.5575,1.5091,0.7562,0,0,0,9,1,-0.4714
189.13,5,6844.18,30.58,5,5.86,54,0.42,29,694.0,31.38,0.4617,0.2041,-1.0268,0,0,0,1,1,-0.4611
2812.83,6,54961.32,6.0,6,11.53,48,5.94,21,792.0,26.8,1.9383,0.8721,-0.0425,0,0,0,9,1,-0.5234
370.12,8,8434.27,1.36,4,11.88,38,3.23,65,686.0,23.01,0.2201,0.0884,-0.864,0,0,0,3,1,-0.4707
18.41,23,1571.8,1.72,8,9.99,43,3.41,4,633.0,19.86,-2.4266,0.574,-1.2028,1,1,0,0,1,-0.5108
193.41,10,23484.99,21.72,5,14.08,42,1.24,34,777.0,24.15,0.5063,0.7423,-1.2418,0,0,0,1,1,-0.4529
24.18,15,907.1,1.28,2,8.93,29,0.91,7,696.0,1.17,-1.8553,-1.1081,-1.0396,1,1,0,0,1,-0.4323
45.85,19,1669.13,3.17,5,4.59,25,2.2,17,625.0,29.77,-2.5529,-0.3491,0.0672,1,1,0,0,1,-0.411
163.01,13,19408.63,0.69,2,12.32,38,5.95,37,774.0,5.93,0.0362,-0.7595,-1.0066,0,0,0,3,1,-0.4688
1819.68,2,100063.91,8.17,1,4.2,57,3.79,37,809.0,1.16,3.5141,-1.7847,-0.2527,2,2,1,2,1,-0.5196
187.92,6,79872.36,53.3,10,17.56,49,21.18,19,626.0,45.57,1.5363,3.4866,0.6251,0,0,0,4,-1,-0.5965
325.41,9,25140.24,17.67,9,6.04,32,2.95,31,782.0,21.48,0.4075,0.7461,-1.016,0,0,0,1,1,-0.468
1560.68,2,51336.68,4.86,3,4.64,58,3.6,29,799.0,8.82,2.6126,-1.0581,-0.5727,2,2,1,2,1,-0.5287
213.33,7,5704.18,11.82,9,13.13,43,0.33,17,723.0,15.2,-0.2461,1.4842,-2.0288,0,0,0,1,1,-0.4566
12.31,19,1350.22,2.78,1,9.32,43,0.64,5,673.0,28.72,-2.1643,-0.8277,-0.2909,1,1,0,0,1,-0.4588
7.23,8,3344.28,3.81,5,6.28,30,0.26,21,584.0,45.87,-2.0485,0.5418,0.2857,1,1,0,0,1,-0.4353
317.42,4,56674.49,0.01,10,13.27,29,0.82,13,646.0,67.73,-0.951,3.1044,0.7108,0,0,0,9,-1,-0.5514
133.6,10,4883.67,17.84,8,6.16,33,9.42,46,698.0,5.06,0.2375,0.1947,-1.235,0,0,0,1,1,-0.4767
14.68,9,1810.23,0.66,2,7.18,44,3.41,11,587.0,18.47,-1.653,-0.7048,-0.4464,1,1,0,0,1,-0.432
1904.01,2,88150.21,12.0,1,4.56,50,21.36,79,773.0,0.08,4.578,-1.6605,0.7515,2,2,1,6,1,-0.5332
68.15,8,14337.77,9.94,3,11.13,40,6.84,24,696.0,3.05,-0.1224,-0.3564,-1.0833,0,0,0,1,1,-0.4351
176.1,10,15248.49,26.45,4,10.22,38,2.26,23,768.0,29.65,0.0961,0.3425,-0.5754,0,0,0,1,1,-0.443
2042.16,4,78650.65,71.13,1,2.17,63,19.44,92,791.0,10.57,5.2687,-1.6305,0.7031,2,2,1,2,-1,-0.5563
834.38,4,15995.96,50.01,13,20.22,49,26.17,1,686.0,55.06,1.2928,4.6529,0.4509,0,0,-1,4,-1,-0.623
390.57,10,9505.8,5.26,4,11.55,39,4.13,34,728.0,10.26,-0.0041,-0.1232,-1.1191,0,0,0,3,1,-0.4231
279.31,6,20472.12,37.91,4,13.8,50,14.19,52,785.0,31.58,2.244,0.9599,-0.2708,0,0,0,7,1,-0.5127
157.82,8,4959.0,7.59,5,11.0,48,0.51,33,698.0,23.93,-0.2617,0.3574,-1.3412,0,0,0,1,1,-0.4219
5.31,15,1777.03,0.73,4,5.58,24,0.12,4,593.0,24.54,-2.8756,-0.3922,-0.0559,1,1,0,0,1,-0.4353
16.44,16,822.31,2.52,3,4.06,36,1.16,8,688.0,11.88,-1.8379,-1.2654,-0.7497,1,1,0,0,1,-0.4069
152.8,12,6874.45,7.1,3,5.59,52,4.86,32,757.0,18.61,0.0859,-0.9939,-0.9148,0,0,0,3,1,-0.4292
95.72,6,15150.33,16.86,5,9.31,37,0.12,40,665.0,7.31,-0.0483,-0.0472,-1.5633,0,0,0,1,1,-0.441
330.43,4,8606.94,22.5,7,9.98,38,2.48,9,715.0,41.05,-0.1986,1.5651,-0.3318,0,0,0,1,1,-0.4569
16.56,15,3044.64,8.95,3,6.78,24,8.76,16,656.0,5.64,-1.5468,-0.8413,-0.2037,1,1,0,8,1,-0.4266
280.1,6,17674.28,3.65,5,10.03,49,12.58,45,706.0,44.21,0.6557,0.8451,0.3328,0,0,0,3,1,-0.4602
48.64,15,2144.57,3.52,3,3.64,30,2.46,12,635.0,33.42,-2.2258,-0.6989,0.3705,1,1,0,0,1,-0.3947
277.76,11,13825.9,6.32,2,14.56,31,21.38,50,714.0,29.22,0.4343,0.3858,0.9366,0,0,0,4,1,-0.4769
137.85,7,23961.61,10.27,2,14.08,55,8.63,64,663.0,19.28,1.0541,-0.0978,-0.88,0,0,0,3,1,-0.4921
21.2,17,1427.45,6.41,2,9.3,24,3.86,9,,48.04,-2.2533,0.0577,0.9474,1,1,0,5,1,-0.4232
22.34,17,2619.54,8.35,3,4.59,24,2.52,7,573.0,26.73,-2.8004,-0.6539,0.3819,1,1,0,5,1,-0.4287
53.63,18,1882.5,4.84,9,7.12,38,1.56,2,605.0,32.64,-2.5159,0.9888,-0.7008,1,1,0,0,1,-0.489
25.76,13,1555.22,3.4,2,6.6,27,1.69,13,664.0,14.32,-1.8719,-0.9795,-0.3577,1,1,0,0,1,-0.3965
1281.51,12,13688.51,40.51,4,7.52,53,1.71,51,746.0,9.49,2.02,-0.6021,-1.2749,0,0,0,7,1,-0.5404
22.15,12,1921.86,2.57,1,9.53,38,0.56,8,624.0,10.19,-1.8623,-0.9514,-0.7869,1,1,0,0,1,-0.447
567.94,6,14587.77,9.44,1,14.41,52,3.61,61,694.0,1.05,1.2827,-0.727,-1.6017,0,0,0,7,1,-0.5084
1245.89,7,49800.44,30.75,12,17.88,39,4.18,32,682.0,52.36,1.2819,3.7847,-0.1321,0,0,0,9,-1,-0.5769
32.29,14,2865.91,1.45,2,8.9,19,1.86,7,734.0,58.29,-2.2902,0.289,1.287,1,1,0,0,1,-0.4588
121.87,8,19119.27,1.36,4,13.47,35,,29,752.0,3.36,0.0922,0.0422,-1.1747,0,0,0,3,1,-0.4381
1395.7,5,53104.32,5.28,2,2.09,44,19.49,60,790.0,16.3,3.1145,-1.368,1.2252,2,2,1,2,1,-0.5325
663.07,5,13159.46,9.54,1,10.95,45,4.89,35,697.0,29.31,0.5011,-0.2281,0.0185,0,0,0,7,1,-0.4504
2063.97,3,100480.77,12.15,1,2.81,56,53.28,47,795.0,0.98,4.3091,-1.7531,0.9481,2,2,1,6,1,-0.5072
9.92,15,2983.05,2.43,5,9.18,18,0.08,9,544.0,28.12,-3.1626,0.3997,0.0155,1,1,0,0,1,-0.4763
437.23,5,143724.57,20.79,3,2.83,49,0.23,74,770.0,0.25,3.0515,-1.7487,-1.1753,2,2,1,2,1,-0.5441
692.95,10,15515.16,30.18,6,11.17,35,23.87,34,713.0,16.86,1.2717,0.9243,0.2992,0,0,0,4,1,-0.4846
24.22,23,1872.95,0.18,2,6.77,24,0.39,2,570.0,35.02,-3.6757,-0.6981,0.6255,1,1,0,0,1,-0.4944
824.34,14,11837.69,14.81,9,7.06,43,4.49,26,562.0,42.99,-0.9492,1.3684,0.0696,0,0,-1,7,1,-0.5207
330.27,8,13241.88,0.63,9,14.58,48,15.38,12,768.0,18.56,0.5048,1.7994,-0.9159,0,0,0,3,1,-0.5047
16.48,10,560.91,0.42,1,6.16,29,6.31,8,663.0,17.52,-1.6528,-1.0203,0.1946,1,1,0,5,1,-0.4257
93.8,4,18492.66,6.35,1,,51,1.24,41,743.0,16.08,0.637,-1.0788,-1.0934,0,0,0,3,1,-0.4644
1204.11,7,70836.17,130.17,3,4.71,56,4.39,66,786.0,6.08,3.7058,-1.2018,-0.8374,2,2,1,2,1,-0.5388
2991.61,4,89835.07,15.42,1,1.97,44,1.15,26,760.0,4.83,2.4327,-1.8219,0.1972,2,2,1,2,1,-0.5081
12.33,15,1731.14,7.5,2,5.42,23,2.0,21,629.0,29.63,-2.194,-0.7872,0.3674,1,1,0,5,1,-0.4066
4.96,16,1582.59,2.57,1,3.83,31,0.71,20,585.0,26.35,-2.4712,-1.3757,0.214,1,1,0,0,1,-0.4364
178.46,10,15741.72,15.61,3,8.15,27,0.85,20,722.0,19.33,-0.7241,-0.3571,-0.4216,1,1,0,1,1,-0.4193
161.69,10,12289.53,3.33,3,,27,7.84,37,688.0,45.05,-0.842,0.1385,0.9495,1,0,0,3,1,-0.4364
260.11,6,14403.82,0.45,6,14.77,45,0.74,37,669.0,7.21,-0.0744,0.6685,-1.9714,0,0,0,3,1,-0.4402
8.2,9,2468.82,16.92,2,1.49,24,2.57,17,549.0,64.43,-2.3826,-0.075,1.8989,1,1,0,5,1,-0.4963
483.6,4,49874.25,15.83,12,18.44,33,8.81,23,652.0,78.72,0.0946,4.4863,0.8788,0,0,0,9,-1,-0.5839
392.85,6,13873.56,26.54,9,9.08,37,13.86,34,710.0,21.77,0.9817,1.4667,-0.4544,0,0,0,7,1,-0.462
15.81,18,1980.14,1.22,2,4.05,18,1.61,12,630.0,21.62,-2.783,-1.2088,0.3273,1,1,0,0,1,-0.4274
205.93,4,12093.47,24.95,6,7.47,39,11.65,39,700.0,15.65,0.9499,0.4349,-0.573,0,0,0,1,1,-0.4466
20.25,13,1563.24,0.56,1,1.78,35,0.08,13,717.0,34.31,-1.7119,-1.4479,0.258,1,1,0,0,1,-0.4245
223.16,4,41646.06,18.67,9,19.73,46,1.41,11,648.0,54.27,-0.202,3.4,-0.5071,0,0,0,9,1,-0.5353
6.66,21,2795.19,0.01,1,5.73,25,5.04,12,686.0,27.94,-2.4288,-1.2372,0.5915,1,1,0,5,1,-0.4459
1390.85,7,59408.32,0.46,2,1.06,49,1.92,110,773.0,13.71,2.6176,-2.0457,-0.2634,2,2,1,2,-1,-0.5566
347.01,4,46183.09,27.65,10,17.83,37,23.88,18,687.0,24.13,1.3167,3.0385,-0.0752,0,0,0,4,1,-0.5325
209.49,9,18292.71,3.04,4,13.93,28,8.35,15,732.0,36.57,-0.7123,1.0083,0.4174,0,0,0,3,1,-0.4322
151.15,7,10884.23,2.94,5,10.13,24,3.13,23,724.0,5.93,-0.646,0.049,-1.0389,0,0,0,3,1,-0.4233
133.17,9,17166.8,15.9,5,13.17,43,1.58,37,722.0,44.76,-0.0722,1.1258,-0.4724,0,0,0,1,1,-0.4494
122.92,6,33463.52,86.45,2,19.84,37,4.07,26,764.0,28.86,0.9493,1.25,-0.5352,0,0,-1,9,1,-0.5214
465.41,10,14585.14,42.89,5,7.93,40,8.71,50,809.0,3.75,1.921,-0.2883,-1.2404,0,0,0,7,1,-0.5115
3822.71,5,89746.51,0.87,1,3.96,41,13.88,50,789.0,28.78,2.927,-1.1407,1.8053,2,2,1,2,1,-0.525
10.87,15,1541.21,4.33,5,5.79,18,0.99,16,659.0,52.74,-2.5579,0.4666,0.8536,1,1,0,0,1,-0.4291
7.73,13,177.82,0.19,9,8.4,36,6.8,12,640.0,41.34,-1.8501,1.4711,-0.1734,1,1,0,5,1,-0.4639
9418.76,4,39821.69,1.62,8,21.55,45,14.93,37,738.0,82.69,1.7357,3.7354,1.5947,0,0,-1,9,-1,-0.6016
305.97,6,54937.43,8.97,5,11.8,56,18.96,22,726.0,59.21,1.213,1.6025,1.4592,0,0,0,9,1,-0.5259
1587.79,2,66274.28,4.03,2,4.07,65,8.84,62,801.0,0.42,3.912,-1.7201,-0.6339,2,2,1,2,-1,-0.559
13.65,12,755.75,4.28,1,7.92,18,2.11,3,668.0,6.41,-2.1314,-1.079,-0.2558,1,1,0,0,1,-0.4453
23.59,11,1241.49,1.48,1,2.08,26,5.77,8,627.0,11.0,-1.9399,-1.6367,0.2403,1,1,0,5,1,-0.4262
1677.2,1,118469.23,34.09,6,2.95,65,21.25,37,754.0,6.46,4.8146,-0.1921,0.4069,2,2,1,6,-1,-0.57
201.1,9,21354.99,4.09,6,9.69,41,16.02,35,688.0,20.48,0.3119,0.5543,-0.0613,0,0,0,3,1,-0.436
616.54,5,61917.01,16.36,7,12.51,38,9.73,16,643.0,68.76,0.2419,2.5336,1.6929,0,0,0,9,1,-0.5135
483.66,6,14684.33,3.93,4,6.63,40,2.85,16,709.0,4.73,-0.0954,-0.6101,-1.0204,0,0,0,3,1,-0.4342
26.61,14,1689.6,0.82,1,9.11,26,4.1,12,654.0,47.04,-2.2937,-0.1507,1.0615,1,1,0,5,1,-0.4297
165.79,7,53238.64,29.01,4,18.02,44,37.42,38,703.0,31.1,1.6521,1.5887,0.5383,0,0,0,4,1,-0.4997
1360.86,5,53703.7,9.35,6,10.03,21,2.52,26,634.0,33.25,0.2311,1.1062,0.8459,0,0,0,9,1,-0.5178
197.18,8,12369.64,8.83,3,10.4,57,1.37,19,706.0,3.12,0.0915,-0.6053,-1.845,0,0,0,3,1,-0.4356
28.49,12,2300.64,1.85,1,5.62,43,2.45,9,734.0,6.02,-1.003,-1.6102,-0.9494,1,1,0,0,1,-0.4392
21.71,15,2757.49,1.84,4,4.62,37,,11,734.0,31.54,-1.3305,-0.4597,0.1376,1,1,0,5,1,-0.4169
50.34,12,1351.6,10.91,3,5.24,35,2.12,12,660.0,8.52,-1.3784,-0.9826,-0.8115,1,1,0,8,1,-0.4095
622.47,1,84973.27,16.94,1,3.79,48,28.88,56,783.0,17.35,3.4497,-1.177,1.1004,2,2,1,6,1,-0.534
407.7,9,24869.73,10.57,2,6.79,37,4.64,45,727.0,27.09,0.3696,-0.7216,0.053,0,0,0,3,1,-0.4384
210.98,10,17281.23,10.22,6,12.1,41,8.62,26,693.0,30.02,-0.203,1.0155,-0.3423,0,0,0,1,1,-0.4216
9.6,16,2899.31,24.07,1,2.33,25,4.35,16,662.0,34.28,-1.7076,-1.1416,0.8594,1,1,0,8,1,-0.4612
9.57,22,1768.84,1.05,1,9.8,20,4.23,1,588.0,16.63,-3.2937,-0.8826,0.3219,1,1,0,5,1,-0.4967
94.67,9,40755.93,52.68,3,11.52,29,14.95,37,755.0,59.35,0.9328,1.2554,1.7722,0,0,-1,9,-1,-0.5519
1226.96,7,13918.01,3.93,4,14.06,39,2.53,45,743.0,86.98,0.4851,1.6692,1.259,0,0,0,9,-1,-0.5513
14.66,17,2781.19,13.42,4,9.76,25,2.45,15,651.0,23.83,-2.0207,0.0368,-0.2766,1,1,0,5,1,-0.4237
1099.3,1,119574.84,63.71,1,4.68,56,0.2,43,781.0,9.48,3.7502,-1.3259,-0.4257,2,2,1,2,1,-0.5439
720.76,4,17084.86,30.99,5,10.63,30,0.11,60,705.0,15.2,1.2447,0.3859,-1.062,0,0,0,7,1,-0.5011
12.22,12,1788.26,0.8,1,0.39,30,2.73,14,675.0,28.55,-1.8278,-1.6122,0.4931,1,1,0,0,1,-0.4259
18.56,21,2086.24,14.64,2,4.21,24,1.51,14,748.0,11.9,-1.7438,-1.5501,-0.4082,1,1,0,5,1,-0.4545
6.79,17,1808.45,3.93,2,4.32,32,5.12,13,627.0,15.69,-2.0889,-1.2925,-0.0346,1,1,0,5,1,-0.4161
1540.19,2,51494.84,4.18,5,15.19,51,2.55,25,682.0,32.81,1.4716,1.331,-0.0733,0,0,0,9,1,-0.5315
1178.0,6,94359.75,16.43,3,3.07,55,48.05,55,799.0,9.95,3.9537,-1.181,0.7631,2,2,1,6,1,-0.5327
13.77,14,1780.43,6.62,3,1.51,36,1.85,1,518.0,24.46,-2.7764,-0.9844,0.16,1,1,0,5,1,-0.4667
36.4,12,1659.56,1.31,5,7.39,23,2.6,1,648.0,42.26,-2.4626,0.5802,0.5162,1,1,0,0,1,-0.4393
135.0,5,27126.6,34.67,9,17.85,26,3.28,23,733.0,48.98,0.1559,3.1634,-0.3271,0,0,0,9,1,-0.5176
60.37,18,3644.33,1.57,3,2.49,30,8.78,6,679.0,37.71,-2.0956,-0.7553,1.0285,1,1,0,8,1,-0.4439
418.72,4,6843.97,12.79,2,7.87,54,6.68,47,782.0,5.61,1.6269,-1.0256,-1.3201,0,0,0,7,1,-0.4827
25.31,13,4109.56,3.41,3,0.12,41,0.17,16,681.0,14.64,-1.4007,-1.6451,-0.7213,1,1,0,0,1,-0.4255
79.21,5,9118.72,1.37,6,8.57,33,5.59,20,704.0,21.49,-0.5891,0.5232,-0.6102,0,0,0,3,1,-0.4216
630.73,9,16249.8,7.99,3,10.78,26,5.81,24,740.0,32.82,-0.244,0.2952,0.5114,0,0,0,7,1,-0.4315
7.89,9,3284.75,0.81,5,1.7,26,0.77,14,626.0,38.33,-2.1201,-0.1906,0.3365,1,1,0,0,1,-0.4251
16.15,12,1660.48,1.01,4,5.05,30,1.79,14,639.0,33.34,-2.061,-0.2551,0.0927,1,1,0,0,1,-0.3997
67.93,14,710.72,4.6,3,1.75,34,0.73,13,599.0,8.14,-2.0612,-1.49,-0.6413,1,1,0,8,1,-0.4253
835.97,2,90443.55,9.81,1,2.45,37,4.61,66,762.0,1.45,2.7354,-1.9959,-0.0884,2,2,1,2,1,-0.5129
36.82,20,2868.94,0.48,1,6.0,30,2.34,24,655.0,6.46,-2.0466,-1.7813,-0.5315,1,1,0,0,1,-0.444
16.65,15,2174.75,4.2,4,1.27,29,0.46,13,646.0,25.05,-2.1862,-0.9794,-0.1119,1,1,0,0,1,-0.401
23.46,15,2525.92,3.68,2,9.13,30,0.08,13,663.0,37.63,-2.1888,-0.2474,0.1845,1,1,0,0,1,-0.4033
63.55,6,13472.9,6.48,3,7.9,36,1.28,37,713.0,18.25,-0.2167,-0.4967,-0.8254,0,0,0,3,1,-0.4152
4.99,16,2051.47,4.49,1,5.36,26,2.46,14,631.0,29.43,-2.3671,-1.0551,0.4874,1,1,0,5,1,-0.4154
514.12,8,16483.76,27.14,1,6.97,41,7.6,39,721.0,4.18,1.0614,-1.2202,-0.537,0,0,0,7,1,-0.4636
30.08,19,1375.27,2.04,1,7.69,49,0.22,24,565.0,43.74,-2.3923,-0.7425,0.181,1,1,0,0,1,-0.4885
2.72,15,3155.73,0.14,5,6.74,21,5.98,5,640.0,8.33,-2.2626,-0.3483,-0.3683,1,1,0,5,1,-0.4377
166.94,12,7424.17,10.36,7,14.57,38,0.9,43,663.0,27.54,-0.6759,1.2382,-1.2805,0,0,0,1,1,-0.4623
1701.0,5,142224.9,27.37,1,1.88,45,1.63,95,773.0,20.57,3.8459,-1.7284,0.5274,2,2,1,2,1,-0.5429
133.97,4,16004.63,5.23,5,11.39,39,5.44,38,763.0,10.81,0.6224,0.2512,-1.299,0,0,0,3,1,-0.4415
2235.45,2,88118.59,3.51,2,0.53,55,2.29,99,811.0,0.51,3.9815,-2.2918,-0.6459,2,2,1,2,-1,-0.5552
233.61,12,13307.55,7.66,4,6.9,53,7.85,23,738.0,31.94,-0.0067,-0.1912,-0.255,0,0,0,3,1,-0.4269
285.21,10,14523.3,3.92,12,9.61,37,15.46,45,671.0,35.86,0.1101,2.2054,-0.2252,0,0,-1,3,1,-0.5103
9.37,21,1571.57,0.48,4,4.77,27,0.24,7,609.0,43.73,-3.2292,-0.2902,0.5668,1,1,0,0,1,-0.4419
1674.9,5,67632.36,0.7,7,10.17,45,1.76,13,743.0,37.07,1.2615,1.2029,0.2616,0,0,0,9,1,-0.5405
243.87,9,16830.24,35.5,2,12.22,31,0.41,36,695.0,24.46,0.0602,0.1082,-0.4814,0,0,0,1,1,-0.4643
625.19,8,8971.04,5.4,5,7.78,48,10.06,37,732.0,11.06,0.8542,-0.2287,-0.7983,0,0,0,7,1,-0.4327
1958.74,6,75024.64,0.58,11,13.7,18,,28,667.0,7.95,0.9928,2.028,-0.1986,0,0,-1,9,-1,-0.6036
61.08,10,2466.73,0.2,4,9.14,48,4.22,10,605.0,11.17,-1.3771,-0.2452,-1.0738,1,1,0,8,1,-0.453
193.91,11,17106.75,4.57,1,11.79,29,1.93,14,680.0,6.03,-1.1473,-0.7408,-0.6265,1,1,0,3,1,-0.4436
1178.21,5,95039.33,15.04,3,1.32,41,62.72,55,757.0,0.53,3.4764,-1.4668,0.9503,2,2,1,6,1,-0.5124
5738.36,7,44405.82,26.91,8,21.53,30,21.66,23,698.0,47.97,1.7018,3.512,1.5779,0,0,0,4,-1,-0.5827
98.16,5,20616.67,1.07,5,8.2,45,8.39,34,726.0,38.15,0.2271,0.5023,-0.0301,0,0,0,3,1,-0.4458
14.72,13,704.41,1.75,4,4.7,36,4.32,1,631.0,46.73,-2.2865,0.0738,0.6948,1,1,0,5,1,-0.4354
2247.08,5,96713.79,48.93,2,3.45,45,11.85,67,747.0,5.8,4.2166,-1.3129,0.571,2,2,1,2,1,-0.514
36.37,17,3364.78,3.81,2,2.01,32,0.73,16,655.0,28.18,-2.1447,-1.382,0.147,1,1,0,0,1,-0.4074
408.46,11,20129.67,7.45,5,12.78,52,1.32,36,675.0,18.22,0.0266,0.3255,-1.4065,0,0,0,3,1,-0.4399
2135.32,4,43929.31,3.68,9,11.63,26,20.76,24,733.0,24.44,1.678,1.9324,1.0945,0,0,0,4,-1,-0.5564
152.69,6,16988.79,3.71,6,5.55,25,6.46,55,685.0,26.61,-0.0969,0.1404,-0.1226,0,0,0,3,1,-0.4654
1319.57,1,140858.28,12.33,1,3.05,57,45.2,63,770.0,1.81,4.5574,-1.7299,0.8107,2,2,1,6,1,-0.522
23.28,11,777.73,2.92,2,0.89,18,3.05,1,573.0,22.32,-2.7773,-1.1836,0.7127,1,1,0,0,1,-0.4702
2314.69,1,66445.15,164.3,1,2.37,44,12.32,73,742.0,0.84,4.2417,-1.653,0.3547,2,2,1,2,1,-0.5284
527.94,10,8852.7,0.97,8,6.35,55,4.53,44,659.0,19.24,0.1813,0.261,-1.3681,0,0,0,3,1,-0.4825
39.75,15,1309.6,15.09,3,4.84,34,2.02,15,627.0,43.05,-1.9665,-0.2813,0.4863,1,1,0,8,1,-0.4143
438.15,5,83056.86,27.64,8,19.2,32,16.52,46,710.0,33.82,2.0682,2.7179,0.4617,0,0,0,9,1,-0.5498
20.83,14,2189.13,3.36,3,9.22,34,2.18,14,664.0,25.11,-1.7912,-0.2681,-0.3586,1,1,0,0,1,-0.3922
18.96,13,1488.76,4.98,3,8.95,18,4.11,12,619.0,45.33,-2.513,0.3878,1.0181,1,1,0,5,1,-0.4189
10.6,21,2432.23,0.36,4,1.3,27,2.79,1,598.0,34.31,-3.2199,-0.8348,0.6221,1,1,0,0,1,-0.4485
414.0,7,30911.89,15.75,6,11.92,55,7.69,27,762.0,25.35,1.2051,0.8732,-0.8903,0,0,0,1,1,-0.4663
1111.33,3,78998.77,99.98,1,1.65,52,2.65,39,764.0,19.28,3.0151,-1.4091,0.1935,2,2,1,2,1,-0.5286
115.86,10,2972.39,5.17,4,1.96,20,2.64,18,652.0,14.15,-1.6571,-0.9222,-0.1352,1,1,0,8,1,-0.4264
41.9,13,2898.0,3.87,5,9.01,37,1.79,13,732.0,18.98,-1.1952,-0.0162,-1.017,1,1,0,0,1,-0.4101
49.37,16,1386.37,9.4,5,3.63,37,0.46,4,596.0,15.72,-2.2666,-0.6333,-0.7391,1,1,0,8,1,-0.449
938.29,7,39240.94,0.92,8,10.47,47,3.14,23,713.0,19.39,0.6669,0.9554,-0.9632,0,0,0,9,1,-0.4846
885.19,4,75843.49,9.71,4,12.66,56,3.2,25,681.0,65.45,1.1127,1.4866,1.0963,0,0,-1,9,1,-0.5247
202.42,8,18585.55,0.29,3,13.6,44,5.04,28,726.0,15.25,-0.0166,0.042,-0.9511,0,0,0,3,1,-0.4281
236.52,5,9932.62,5.86,8,8.24,38,17.48,45,668.0,41.11,0.4041,1.4671,0.5559,0,0,0,3,1,-0.4712
683.56,7,47088.94,17.55,11,16.78,36,10.4,28,641.0,52.84,0.4075,3.4801,0.416,0,0,0,9,1,-0.5427
650.07,9,18867.24,5.98,3,5.26,48,0.46,19,780.0,10.39,0.4169,-1.1044,-1.0459,0,0,0,7,1,-0.4576
372.41,7,46341.45,1.54,8,10.05,53,2.02,18,630.0,55.5,-0.4268,1.7684,0.044,0,0,0,9,1,-0.5092
83.8,7,13723.49,8.88,4,5.35,46,3.92,34,644.0,43.47,-0.5121,0.0574,0.1154,0,0,0,1,1,-0.4401
14.05,24,2256.86,10.2,3,9.84,24,0.56,12,595.0,21.02,-3.0288,-0.4635,-0.2292,1,1,0,5,1,-0.4752
211.93,12,1188.63,1.84,2,9.78,18,0.21,5,638.0,94.06,-2.8481,0.9077,1.9525,1,1,0,8,1,-0.4989
34.89,16,3675.72,3.31,3,4.47,24,3.4,9,722.0,39.65,-2.0379,-0.4967,0.6768,1,1,0,0,1,-0.4138
215.51,3,13211.87,32.36,5,6.27,33,2.49,34,747.0,19.41,0.7707,0.1359,-0.8186,0,0,0,1,1,-0.445
339.77,8,2959.51,21.14,5,9.06,46,6.18,39,688.0,4.39,0.5708,-0.1348,-1.4655,0,0,0,1,1,-0.4535
2005.81,6,69773.52,12.68,3,0.15,49,,38,767.0,10.11,2.6275,-1.5532,0.2958,2,2,1,2,1,-0.4922
4.74,14,2164.1,5.31,2,7.82,18,2.15,12,628.0,24.09,-2.4266,-0.5328,0.2765,1,1,0,5,1,-0.4153
42.31,24,3037.79,0.63,3,5.31,32,0.98,12,637.0,34.8,-2.8932,-0.8293,0.2294,1,1,0,0,1,-0.4494
7.16,17,3763.84,12.26,1,6.83,21,6.53,14,616.0,25.96,-2.2449,-0.8299,0.7627,1,1,0,8,1,-0.4567
36.52,13,2645.64,9.52,3,8.75,25,1.63,17,728.0,22.48,-1.3926,-0.3256,-0.3552,1,1,0,5,1,-0.406
239.81,9,16151.52,44.91,4,11.02,45,1.6,64,721.0,10.33,1.4064,-0.1236,-1.7078,0,0,0,1,1,-0.4901
128.44,17,2356.98,5.5,4,8.41,27,3.65,8,616.0,25.38,-2.3693,-0.0698,0.0326,1,1,0,8,1,-0.4294
149.67,7,22642.42,23.25,1,12.76,56,14.26,18,690.0,35.21,0.6739,0.3261,0.4665,0,0,-1,1,1,-0.4984
1205.32,4,112915.84,3.47,2,1.14,51,49.57,77,833.0,3.43,4.5345,-1.9652,0.7693,2,2,1,6,-1,-0.5693
2112.92,3,147652.44,15.81,1,0.3,46,10.82,50,763.0,4.08,3.6694,-2.0178,0.8529,2,2,1,2,1,-0.4996
291.58,4,16785.79,31.16,9,8.0,35,18.2,40,,14.13,1.4315,1.3129,-0.3738,0,0,0,7,1,-0.4926
1104.59,3,113179.85,19.37,2,4.53,46,19.21,1,,2.86,2.4814,-0.8399,1.3202,2,2,-1,2,-1,-0.5573
391.52,4,11918.69,14.52,4,8.37,44,2.61,29,718.0,13.22,0.5074,-0.1694,-1.1029,0,0,0,1,1,-0.4205
311.87,8,16302.47,39.6,3,9.56,52,8.42,13,708.0,26.43,0.748,0.2605,-0.2705,0,0,0,1,1,-0.4881
314.52,7,22606.02,1.49,3,7.91,52,1.56,15,668.0,4.83,-0.2368,-0.7986,-1.3058,0,0,0,3,1,-0.453
4.64,18,1293.32,7.38,2,4.91,44,1.16,4,611.0,31.4,-2.3485,-0.9279,-0.0372,1,1,0,5,1,-0.4537
17.19,11,2914.9,1.99,3,6.74,23,3.89,13,528.0,47.27,-2.8188,0.2497,1.1739,1,1,0,5,1,-0.4451
697.49,0,49484.36,0.73,3,22.58,52,4.05,15,714.0,33.37,0.9626,1.6881,-0.3866,0,0,-1,9,1,-0.5327
155.48,6,7498.88,12.66,3,14.98,39,4.08,28,667.0,29.86,-0.4018,0.7772,-0.4611,0,0,0,1,1,-0.4324
165.67,8,17238.8,0.2,7,11.19,47,4.36,33,674.0,13.92,-0.1603,0.6193,-1.4985,0,0,0,3,1,-0.4317
31.71,7,843.12,9.04,3,5.17,18,7.05,19,620.0,66.56,-1.9574,0.6709,2.0673,1,1,0,5,1,-0.4778
1369.14,5,72239.93,106.62,3,0.68,41,2.18,50,749.0,5.49,2.9546,-1.4372,-0.2059,2,2,1,2,1,-0.5185
328.56,7,18807.79,0.05,3,10.52,52,,44,633.0,42.71,-0.019,0.3193,0.2,0,0,0,3,1,-0.4887
2352.58,2,148691.0,41.59,1,4.44,46,8.39,60,724.0,14.51,4.0673,-1.1249,0.8303,2,2,1,2,1,-0.5153
49.75,15,1690.64,8.87,1,1.86,34,1.75,24,632.0,21.77,-1.7318,-1.6912,0.032,1,1,0,8,1,-0.4263
3.82,9,2276.24,2.21,2,1.77,21,3.57,24,580.0,24.33,-2.0724,-1.1261,0.5433,1,1,0,5,1,-0.4458
1468.05,4,107650.69,45.1,4,1.16,40,1.98,106,769.0,5.92,4.1481,-1.3028,-0.2313,2,2,1,2,-1,-0.553
16.38,17,544.33,7.06,3,8.16,32,1.24,12,619.0,27.25,-2.3385,-0.3656,-0.1773,1,1,0,5,1,-0.407
84.49,1,50234.01,63.54,10,11.4,18,5.72,31,636.0,34.07,0.4101,2.563,-0.0944,0,0,-1,9,-1,-0.5567
28.2,25,650.67,3.77,3,1.19,21,0.34,11,669.0,28.52,-3.0452,-1.4312,0.3551,1,1,0,0,1,-0.4723
144.46,10,17649.39,8.31,8,11.16,51,0.68,37,732.0,47.39,-0.0703,1.4676,-0.9381,0,0,0,1,1,-0.463
21.99,19,1714.59,3.84,4,6.27,32,3.87,9,687.0,54.14,-2.3412,0.1716,0.8591,1,1,0,5,1,-0.4292
14.18,14,1478.99,3.51,4,3.06,19,1.0,13,682.0,21.65,-2.1471,-0.7823,-0.0631,1,1,0,0,1,-0.4047
40.66,12,10214.02,6.37,3,13.11,47,7.67,25,680.0,2.6,-0.3776,-0.3167,-1.312,0,0,0,3,1,-0.4569
10.45,12,1267.71,2.42,7,7.95,25,8.2,9,624.0,40.18,-2.1065,1.1051,0.4964,1,1,0,5,1,-0.4479
48.19,4,61186.21,11.26,9,13.86,20,51.34,18,690.0,49.46,0.2282,2.8771,1.5668,0,0,0,4,1,-0.5389
12.67,11,2532.81,6.83,3,6.5,18,0.15,16,701.0,44.96,-1.9675,0.0215,0.6538,1,1,0,5,1,-0.4163
54.61,15,2180.11,1.17,2,6.42,31,0.38,6,669.0,90.04,-2.6373,0.2958,1.6399,1,1,0,0,1,-0.4529
805.98,2,100323.66,13.43,4,1.14,60,23.41,67,778.0,11.47,4.199,-1.1379,0.4536,2,2,1,6,-1,-0.552
1980.79,1,91598.34,15.19,2,3.58,59,0.99,37,781.0,12.24,3.3207,-1.3102,-0.2479,2,2,1,2,1,-0.5277
2823.27,2,140897.3,19.61,1,3.21,51,31.87,73,769.0,11.64,4.7652,-1.471,1.3542,2,2,1,6,1,-0.5133
1482.02,3,45703.6,71.67,3,4.17,38,13.44,39,778.0,2.39,3.2343,-0.7861,0.3132,2,2,1,2,1,-0.5209
435.46,1,48800.25,4.05,7,11.19,34,26.79,1,681.0,35.12,0.4847,1.8635,1.2487,0,0,0,4,1,-0.5393
253.36,7,18519.03,16.51,4,6.51,26,2.48,54,729.0,21.87,0.3233,-0.3321,-0.4253,0,0,0,1,1,-0.4507
1456.24,3,117078.37,16.11,2,0.26,67,11.83,38,721.0,1.71,3.7621,-1.8548,0.2505,2,2,1,2,1,-0.5449
164.85,10,16893.51,2.99,4,14.39,31,3.46,54,721.0,17.39,-0.0642,0.2695,-0.9772,0,0,0,3,1,-0.4628
1060.91,3,87783.77,25.88,1,3.89,44,4.28,38,780.0,28.35,2.6286,-0.9899,0.806,2,2,1,2,1,-0.507
624.99,8,13940.82,2.36,4,10.24,46,4.82,53,731.0,15.83,0.8409,-0.2445,-0.9905,0,0,0,7,1,-0.4533
252.49,8,21506.95,8.9,4,13.05,34,2.36,36,753.0,12.63,0.2103,0.1636,-1.1333,0,0,0,3,1,-0.4286
15.52,17,973.29,4.59,4,9.32,26,0.58,13,647.0,32.67,-2.4355,0.0997,-0.085,1,1,0,0,1,-0.4121
218.32,7,10372.29,13.14,6,5.97,45,1.33,36,716.0,3.86,0.3274,-0.3963,-1.8247,0,0,0,1,1,-0.4213
375.86,7,16095.42,7.36,4,8.49,41,13.75,32,669.0,29.36,0.2175,0.2664,0.4653,0,0,0,3,1,-0.426
181.12,12,14748.32,42.87,11,14.03,36,7.84,8,841.0,5.51,0.8429,1.9875,-2.0339,0,0,-1,1,-1,-0.5686
687.05,7,35298.29,15.79,7,12.26,35,5.53,26,784.0,27.99,0.9271,1.2834,-0.4165,0,0,0,9,1,-0.4587
1566.51,5,103744.85,16.09,1,0.63,49,30.44,54,756.0,17.74,3.8789,-1.6248,1.8667,2,2,1,6,1,-0.5194
345.88,5,36636.4,17.14,7,12.26,43,2.16,22,700.0,53.17,0.1513,1.9251,0.0168,0,0,0,9,1,-0.4581
53.25,6,2414.03,2.85,3,7.05,29,2.51,18,622.0,3.95,-1.325,-0.7062,-0.8335,1,1,0,0,1,-0.4235
73.53,5,12076.44,6.18,4,9.16,26,1.73,28,744.0,10.39,-0.3311,-0.1782,-0.9783,0,0,0,3,1,-0.4208
808.77,7,18210.46,23.31,7,5.11,34,16.36,17,674.0,22.15,0.6475,0.6944,0.6354,0,0,0,7,1,-0.485
6.15,13,1990.47,3.62,4,0.6,25,3.24,6,729.0,19.57,-1.6931,-1.0846,-0.0713,1,1,0,0,1,-0.4294
32.46,14,1892.57,7.23,4,3.76,26,1.16,5,702.0,29.26,-1.9707,-0.5004,0.0244,1,1,0,0,1,-0.4098
220.19,7,4026.64,23.1,6,10.75,39,11.33,36,723.0,46.03,0.4099,1.4087,0.2941,0,0,0,7,1,-0.4577
241.88,11,8838.09,10.77,7,6.63,33,1.83,41,736.0,28.7,-0.2947,0.3662,-0.7742,0,0,0,1,1,-0.4236
4106.42,1,125879.41,27.64,2,0.44,49,8.25,69,797.0,7.22,4.5854,-1.7351,0.3635,2,2,1,2,1,-0.5117
4.08,17,1824.73,7.75,2,8.64,35,3.68,14,629.0,35.19,-2.1194,-0.3484,0.2785,1,1,0,5,1,-0.4219
256.66,11,20068.64,12.2,8,7.18,29,11.41,31,695.0,50.3,-0.4321,1.4265,0.87,0,0,0,7,1,-0.4589
89.16,7,18192.21,34.36,3,7.37,37,11.09,17,752.0,34.2,0.5229,0.2333,0.5143,0,0,0,1,1,-0.4717
734.75,6,11763.3,21.48,7,6.88,50,0.39,21,709.0,45.32,0.3576,1.0703,-0.372,0,0,0,7,1,-0.4847
43.62,18,720.69,7.07,2,7.87,26,1.28,5,603.0,26.91,-2.7751,-0.5762,0.1993,1,1,0,0,1,-0.4342
271.04,9,11755.35,1.46,4,5.35,49,2.57,47,696.0,11.14,0.1664,-0.9687,-1.2854,0,0,0,3,1,-0.4363
42.96,13,1438.52,10.91,5,8.22,31,3.73,15,583.0,28.97,-2.013,0.3554,-0.1212,1,1,0,8,1,-0.4107
33.35,15,1414.92,5.23,5,7.25,32,4.29,19,694.0,47.48,-1.7077,0.4456,0.3999,1,1,0,5,1,-0.4099
14.26,18,2039.18,7.94,5,1.32,28,8.8,12,652.0,36.81,-2.0662,-0.4099,0.8139,1,1,0,5,1,-0.4393
43.06,10,1172.57,3.55,1,2.75,27,2.06,12,628.0,12.85,-1.8732,-1.5506,-0.044,1,1,0,0,1,-0.4201
2198.39,3,39444.14,9.77,6,12.11,34,0.7,41,776.0,53.13,1.5193,1.5866,0.6353,0,0,0,9,1,-0.5449
1853.17,4,115534.87,113.44,2,4.6,50,13.33,76,823.0,9.0,5.176,-1.1977,0.5022,2,2,1,2,1,-0.5381
35.38,9,2142.01,3.64,2,3.5,25,4.61,7,608.0,22.44,-2.0296,-0.8837,0.4461,1,1,0,5,1,-0.4258
133.08,8,6438.27,72.37,1,10.72,37,2.31,20,733.0,11.33,0.2523,-0.4743,-0.8887,0,0,0,1,1,-0.4839
14.92,21,1808.85,0.09,3,6.59,37,6.1,11,633.0,29.97,-2.3838,-0.6391,0.222,1,1,0,5,1,-0.435
27.77,11,2218.64,3.36,3,7.95,18,2.46,13,592.0,34.64,-2.5053,0.0667,0.6007,1,1,0,0,1,-0.4191
29.17,25,1861.75,0.39,1,5.48,18,1.87,5,600.0,30.03,-3.6388,-1.2414,0.8365,1,1,0,0,1,-0.5012
177.81,8,24617.91,25.94,3,6.51,44,3.06,35,764.0,37.25,0.6481,-0.1778,-0.1402,0,0,0,1,1,-0.4545
350.98,10,21450.33,3.59,2,14.07,25,1.56,39,665.0,8.9,-0.6514,-0.268,-0.6895,1,0,0,3,1,-0.4684
11.94,23,2436.85,1.34,4,4.97,18,0.46,1,582.0,14.66,-3.5621,-0.8863,-0.1208,1,1,0,0,1,-0.4983
22.01,14,1769.17,18.25,1,2.41,22,0.07,8,704.0,32.21,-1.8742,-1.1943,0.5359,1,1,0,5,1,-0.4516
282.54,9,63044.77,16.69,12,18.76,32,6.77,21,720.0,71.33,0.0417,4.2179,0.5683,0,0,0,9,-1,-0.5897
200.99,10,14217.52,2.41,10,9.81,43,1.61,38,660.0,17.94,-0.4698,1.1497,-1.7713,0,0,0,3,1,-0.4681
4476.98,3,110614.78,96.49,1,0.74,39,20.63,101,754.0,8.21,4.8679,-1.6565,1.6189,2,2,1,6,1,-0.5368
794.37,10,15815.23,14.95,7,11.89,35,3.39,44,736.0,33.83,0.4992,1.1826,-0.4657,0,0,0,7,1,-0.4629
1947.56,2,63610.87,41.41,8,15.39,52,10.87,27,,68.9,2.6191,3.2519,1.4016,0,0,-1,9,-1,-0.5984
17.98,23,1692.51,3.2,3,8.67,38,3.84,17,562.0,48.52,-2.9542,-0.0229,0.6844,1,1,0,5,1,-0.4793
39.35,18,2932.38,3.43,1,5.17,31,0.22,10,662.0,34.01,-2.4028,-1.1103,0.3676,1,1,0,0,1,-0.4207
275.07,4,18004.47,42.49,7,10.64,55,5.44,51,786.0,18.41,2.2689,0.8894,-1.7777,0,0,0,1,1,-0.5034
163.19,12,11153.23,11.13,2,9.03,31,14.06,33,785.0,9.35,0.3342,-0.7659,-0.0466,0,0,0,7,1,-0.461
14.01,15,2406.77,0.44,8,1.67,26,1.05,12,735.0,6.76,-1.6431,-0.5194,-1.278,1,1,0,0,1,-0.4566
10.94,23,1825.95,2.08,2,4.57,29,2.97,11,736.0,11.22,-2.0918,-1.6727,-0.4134,1,1,0,0,1,-0.4467
351.57,8,76696.15,2.26,3,10.05,37,2.39,14,639.0,43.91,-0.5056,0.4381,0.936,0,0,-1,9,1,-0.4951
247.78,11,16548.32,8.89,5,12.59,29,1.14,51,727.0,17.59,-0.1203,0.2976,-1.0949,0,0,0,3,1,-0.4417
45.79,15,1157.86,1.24,2,0.38,18,5.96,9,660.0,27.07,-2.3419,-1.3536,0.9552,1,1,0,8,1,-0.438
1847.36,6,66748.44,66.31,8,22.92,38,16.63,38,689.0,26.19,2.8442,2.9573,0.4133,0,0,0,9,-1,-0.5819
1528.14,6,79436.09,58.02,1,3.94,46,22.09,56,746.0,2.24,4.0911,-1.4103,1.0361,2,2,1,6,1,-0.522
1306.47,4,103896.81,3.58,1,4.03,47,0.38,32,768.0,2.46,2.4004,-1.819,-0.1495,2,2,1,2,1,-0.5203
5.53,12,1269.75,2.45,2,3.87,26,1.9,9,632.0,14.36,-2.1291,-1.2158,-0.1389,1,1,0,0,1,-0.4108
108.0,5,6160.07,0.06,7,5.89,41,12.79,32,741.0,8.58,0.4443,0.088,-0.9176,0,0,0,3,1,-0.4535
433.08,7,12893.49,10.5,2,7.25,24,4.78,29,779.0,24.12,0.0407,-0.5328,0.2243,0,0,0,3,1,-0.4597
22.99,9,1611.06,10.92,3,3.73,26,1.69,3,697.0,21.91,-1.5505,-0.6815,-0.0857,1,1,0,5,1,-0.428
535.95,1,55650.42,10.95,11,19.2,23,10.73,34,738.0,35.29,1.158,3.46,-0.1435,0,0,0,9,-1,-0.5609
34.65,5,2804.33,2.73,3,4.68,18,3.8,13,563.0,27.93,-2.1598,-0.2354,0.6259,1,1,0,0,1,-0.4536
322.15,4,16461.81,5.31,4,8.24,19,6.93,35,681.0,10.68,-0.2319,-0.1164,-0.1578,0,0,0,3,1,-0.4466
31.0,14,2024.74,7.31,1,7.07,20,1.58,11,710.0,32.42,-1.9888,-0.7189,0.5133,1,1,0,5,1,-0.4242
33.02,15,2007.19,0.22,4,1.6,33,7.14,15,697.0,7.55,-1.3927,-1.3543,-0.452,1,1,0,8,1,-0.4249
19.56,8,1587.84,12.49,1,9.85,24,3.16,1,651.0,18.8,-1.7046,-0.3589,0.0385,1,1,0,5,1,-0.4656
13.63,20,2419.63,2.88,1,8.47,34,0.15,13,681.0,21.89,-2.2097,-1.127,-0.3422,1,1,0,0,1,-0.4285
1284.04,3,42686.41,3.14,6,24.32,35,23.48,10,717.0,49.61,1.1731,3.0569,1.6883,0,0,0,4,-1,-0.5734
50.35,19,2868.99,8.23,2,3.39,29,2.04,9,639.0,35.63,-2.4913,-0.9845,0.6048,1,1,0,8,1,-0.4135
428.08,6,23025.49,4.9,7,5.36,49,20.54,43,709.0,7.54,1.4737,0.0318,-0.3869,0,0,0,4,1,-0.4807
52.25,19,2899.05,1.32,7,3.57,32,0.8,4,563.0,19.44,-2.944,-0.2048,-0.599,1,1,0,0,1,-0.4903
410.42,7,41797.44,4.29,6,24.14,56,8.5,22,667.0,37.24,0.4364,2.289,-0.5443,0,0,0,9,1,-0.5038
108.78,10,16028.57,88.7,7,11.17,31,3.46,40,652.0,10.38,0.1194,0.8472,-1.3636,0,0,0,1,1,-0.4946
2288.77,4,124033.07,12.19,1,2.28,46,62.63,67,840.0,15.05,4.5745,-1.6213,1.5938,2,2,1,6,1,-0.5457
1758.19,4,66052.92,1.1,2,4.45,54,4.82,48,811.0,14.34,2.9013,-1.364,-0.0646,2,2,1,2,1,-0.5248
326.25,8,19045.16,23.19,6,11.52,44,2.27,45,790.0,25.02,1.0958,0.7022,-1.2793,0,0,0,1,1,-0.4559
12.66,15,1861.7,0.23,2,8.7,26,4.16,13,571.0,38.16,-2.7315,-0.1537,0.7704,1,1,0,5,1,-0.4292
204.8,7,6375.83,28.45,7,7.95,34,0.53,53,624.0,5.34,0.1181,0.2517,-1.7595,0,0,0,1,1,-0.5092
75.97,2,47807.33,24.89,8,15.74,42,5.94,2,620.0,53.63,-0.2289,2.9659,0.2538,0,0,0,9,1,-0.5389
493.15,8,32881.64,10.51,10,24.84,51,1.68,25,704.0,36.53,0.35,3.0843,-1.5357,0,0,0,9,1,-0.5055
20.34,4,1740.51,6.81,3,2.25,36,3.51,16,664.0,43.18,-1.0914,-0.3118,0.552,1,1,0,5,1,-0.435
66.9,14,1872.53,10.51,1,1.04,40,0.36,11,747.0,40.95,-1.3134,-1.369,0.3842,1,1,0,8,1,-0.4646
340.71,11,22629.06,32.84,6,13.44,30,12.87,50,705.0,1.25,1.0945,0.6375,-0.9212,0,0,0,7,1,-0.5008
15.94,10,1834.7,0.2,6,0.54,18,0.81,8,679.0,14.15,-2.0198,-0.6577,-0.4294,1,1,0,0,1,-0.4554
140.52,5,23855.78,28.17,5,10.76,26,7.11,41,663.0,11.3,0.3905,0.5052,-0.6165,0,0,0,1,1,-0.4715
130.94,7,19371.52,4.57,5,14.69,38,6.52,31,752.0,19.59,0.1948,0.8086,-0.9182,0,0,0,3,1,-0.4326
36.87,14,1995.06,0.59,1,3.05,40,6.65,12,647.0,39.95,-1.8077,-1.0675,0.8827,1,1,0,5,1,-0.4349
16.12,10,3058.9,1.27,2,9.36,18,6.86,23,619.0,31.11,-1.9197,-0.076,0.7543,1,1,0,5,1,-0.4448
452.25,11,10956.06,5.36,5,12.19,21,2.99,44,725.0,16.5,-0.3918,0.3251,-0.6567,0,0,0,3,1,-0.4615
423.38,5,8636.9,10.71,6,5.26,40,6.65,22,704.0,8.67,0.2364,-0.1105,-0.9134,0,0,0,3,1,-0.4307
2175.54,2,71986.64,14.03,3,4.68,55,,20,727.0,2.88,2.612,-0.9417,-0.133,2,2,1,2,1,-0.5197
6.84,13,2300.98,6.91,1,5.28,23,4.27,10,693.0,34.39,-1.8911,-0.8121,0.7923,1,1,0,5,1,-0.4208
1873.62,4,77619.78,25.13,1,4.85,42,,70,776.0,2.54,3.7038,-1.6214,0.0807,2,2,1,2,1,-0.5066
1013.03,4,59411.17,53.7,11,10.93,55,5.63,21,629.0,64.56,1.4504,3.2185,0.4706,0,0,-1,9,-1,-0.5953
206.87,8,20612.71,2.19,5,14.99,46,19.57,37,678.0,29.82,0.5225,1.2056,0.2999,0,0,0,3,1,-0.4827
76.56,12,2057.2,0.04,4,2.92,38,8.99,7,645.0,9.93,-1.4188,-0.956,-0.2783,1,1,0,8,1,-0.4447
4255.72,4,78355.84,10.4,1,4.88,53,2.07,66,782.0,19.73,3.253,-1.4639,0.0669,2,2,1,2,1,-0.5172
26.17,14,1313.96,4.64,6,7.51,21,0.42,13,686.0,38.23,-2.1823,0.5653,-0.0026,1,1,0,0,1,-0.4177
1277.08,3,44117.26,7.93,12,11.64,28,7.81,17,671.0,42.08,0.5726,2.9803,0.4311,0,0,0,9,1,-0.5412
1105.08,1,75790.28,12.05,1,1.68,52,42.88,75,790.0,14.37,4.1231,-1.6531,1.0103,2,2,1,6,1,-0.5363
95.88,7,1870.03,13.19,4,13.02,37,8.35,42,788.0,6.95,0.7233,0.1089,-1.3049,0,0,0,1,1,-0.4705
434.06,13,12806.9,36.04,4,9.35,44,7.65,34,696.0,26.6,0.4957,0.1991,-0.2743,0,0,0,7,1,-0.4704
2311.73,4,22621.59,43.79,1,2.9,62,28.14,75,754.0,30.94,4.1406,-0.986,1.1164,2,2,1,6,-1,-0.6033
7.73,16,2044.19,6.58,3,4.64,33,1.14,9,660.0,30.15,-2.1198,-0.707,-0.0072,1,1,0,5,1,-0.3994
394.6,4,49604.24,30.99,10,21.37,44,7.4,34,691.0,19.14,1.5257,3.0398,-1.5552,0,0,0,9,1,-0.5229
655.63,7,12468.96,38.71,8,7.04,35,3.01,48,724.0,38.15,1.038,1.2102,-0.4145,0,0,0,7,1,-0.503
29.34,17,2839.45,13.13,1,7.58,40,0.14,17,601.0,25.02,-2.003,-0.9692,-0.2735,1,1,0,5,1,-0.4603
70.28,15,3030.72,5.74,2,5.58,34,2.3,7,652.0,24.41,-1.9765,-0.8984,-0.0094,1,1,0,8,1,-0.4098
15.03,15,2767.94,14.77,1,4.82,36,11.54,27,673.0,29.8,-0.9216,-1.0257,0.7498,1,1,0,8,1,-0.4598
365.89,5,61483.21,69.06,5,22.27,33,1.64,21,693.0,43.68,0.7222,2.5728,-0.0501,0,0,0,9,1,-0.5351
4.88,9,2445.27,3.0,2,3.48,33,,14,634.0,32.53,-1.5505,-0.7292,0.6812,1,1,0,5,1,-0.421
15.86,14,3174.98,5.99,5,5.86,28,7.85,19,642.0,12.61,-1.5447,-0.3686,-0.3334,1,1,0,5,1,-0.414
11.94,14,2861.44,3.51,4,7.18,18,1.69,23,598.0,20.24,-2.3689,-0.3057,-0.1238,1,1,0,0,1,-0.42
2001.43,0,95571.15,95.68,1,0.35,48,14.47,52,767.0,7.2,4.507,-1.611,1.0156,2,2,1,2,1,-0.526
19.66,14,2359.47,1.69,2,6.56,18,2.1,11,669.0,39.55,-2.4345,-0.38,0.8299,1,1,0,0,1,-0.4146
276.28,7,23906.92,31.52,1,8.15,51,0.12,33,650.0,15.74,0.4737,-0.8356,-0.9059,0,0,0,1,1,-0.4944
46.75,10,1948.07,10.9,5,4.49,29,4.9,3,752.0,25.06,-1.0845,-0.1118,-0.1703,1,1,0,8,1,-0.445
36.37,19,2377.66,0.57,4,3.62,24,9.18,12,681.0,5.59,-1.9203,-1.1775,-0.1487,1,1,0,8,1,-0.4387
60.69,8,1449.27,1.32,1,5.67,18,0.2,9,645.0,38.46,-2.2772,-0.5361,0.8544,1,1,0,0,1,-0.4505
10.65,16,1635.76,0.25,5,2.73,34,0.91,1,641.0,45.58,-2.6417,-0.1178,0.4208,1,1,0,0,1,-0.4446
1750.8,6,40305.15,2.15,12,19.36,47,2.28,28,652.0,32.94,0.8859,3.2961,-1.044,0,0,0,9,-1,-0.589
1844.06,3,124833.71,115.82,1,4.55,41,15.89,52,793.0,40.62,4.1709,-0.406,2.3789,2,0,1,2,1,-0.5355
654.18,4,49660.26,11.14,5,12.9,22,,26,787.0,49.23,0.7076,1.55,1.1166,0,0,0,9,1,-0.4969
1032.13,3,133239.8,21.27,1,0.97,52,26.32,76,789.0,12.58,4.5409,-1.7919,1.1575,2,2,1,6,1,-0.5411
1115.62,1,129537.12,4.98,1,1.13,45,17.77,18,728.0,40.97,2.3491,-0.7748,2.7294,2,2,-1,2,-1,-0.5556
1710.59,3,105813.89,17.01,3,0.15,61,7.57,77,809.0,13.19,4.6676,-1.6948,0.0386,2,2,1,2,1,-0.5408
5038.71,4,99952.42,2.81,2,3.63,43,2.95,62,813.0,3.84,3.3582,-1.7541,-0.0872,2,2,1,2,1,-0.5318
27.64,15,2291.2,2.18,6,1.28,26,2.1,1,618.0,20.05,-2.5618,-0.5199,-0.2056,1,1,0,0,1,-0.439
5851.99,4,82801.17,40.38,1,2.97,33,33.99,71,735.0,18.01,4.0286,-1.0964,1.9392,2,2,1,6,1,-0.5417
184.56,9,19271.31,17.91,3,9.45,48,26.2,31,726.0,31.38,0.93,0.2197,0.7077,0,0,0,4,1,-0.4671
235.45,7,20706.36,0.43,7,14.25,37,11.58,52,698.0,10.87,0.5968,0.9803,-1.0413,0,0,0,3,1,-0.4883
13.65,13,3050.7,12.94,1,2.41,33,1.08,9,784.0,13.5,-0.9484,-1.7601,-0.4784,1,1,0,5,1,-0.4685
612.85,8,10923.15,41.13,2,12.15,38,2.68,16,741.0,40.0,0.4118,0.6185,0.2218,0,0,0,7,1,-0.4879
68.28,12,18395.64,14.48,7,5.58,51,1.3,25,738.0,44.98,-0.3003,0.585,-0.5943,0,0,0,1,1,-0.4653
62.1,16,2130.14,4.34,1,4.95,29,6.43,1,617.0,34.48,-2.4659,-0.8546,1.024,1,1,0,8,1,-0.4543
45.05,19,2913.56,1.75,3,2.2,37,9.45,12,732.0,19.66,-1.3878,-1.3498,0.1247,1,1,0,8,1,-0.4391
21.15,17,1382.23,4.12,3,8.17,29,0.91,9,603.0,58.13,-2.9147,0.3708,1.0368,1,1,0,0,1,-0.4345
1090.84,5,57073.49,27.31,11,15.8,23,17.66,24,756.0,17.32,2.0186,2.8145,0.1535,0,0,-1,9,-1,-0.5676
24.94,11,2158.55,1.92,1,9.61,26,1.24,8,640.0,6.05,-1.9647,-0.9421,-0.5884,1,1,0,0,1,-0.4346
27.74,18,2574.13,7.39,2,9.86,22,1.59,15,641.0,26.82,-2.4311,-0.4052,0.1265,1,1,0,5,1,-0.4258
6.64,10,2369.06,1.44,5,0.47,21,8.76,12,542.0,40.68,-2.5112,-0.0778,1.3302,1,1,0,5,1,-0.4841
826.07,6,44912.8,122.75,6,23.04,35,24.55,19,629.0,39.12,1.2668,3.0131,1.1455,0,0,0,4,-1,-0.5606
61.19,21,929.18,0.12,4,5.63,28,4.94,6,714.0,34.9,-2.3351,-0.4091,0.3895,1,1,0,8,1,-0.4458
20.61,11,2538.2,3.85,1,7.2,18,4.82,7,704.0,18.55,-1.7672,-0.8653,0.3328,1,1,0,5,1,-0.4309
1714.42,2,60584.17,21.07,3,1.21,47,3.45,80,784.0,0.3,3.7463,-1.746,-0.6949,2,2,1,2,1,-0.5364
213.1,9,21830.27,14.11,4,7.81,43,19.31,24,757.0,36.83,0.7303,0.3872,0.9788,0,0,0,7,1,-0.4649
447.85,4,15303.16,10.06,2,9.14,50,0.45,28,707.0,3.49,0.5484,-0.8476,-1.47,0,0,0,3,1,-0.4524
19.65,22,2824.92,9.47,4,1.41,23,1.66,13,679.0,42.63,-2.6128,-0.7182,0.7281,1,1,0,5,1,-0.4449
25.11,9,2786.12,6.58,1,1.19,25,10.75,19,701.0,12.03,-0.871,-1.6545,0.509,1,1,0,8,1,-0.4499
204.13,6,11715.52,27.01,3,12.7,40,5.82,30,694.0,36.43,0.2244,0.7653,-0.0622,0,0,0,1,1,-0.439
215.44,10,15643.05,20.1,4,12.22,39,8.38,23,690.0,24.71,-0.1078,0.5627,-0.2568,0,0,0,1,1,-0.4272
6.91,14,2024.78,7.89,2,8.47,37,2.16,9,598.0,48.25,-2.3143,0.0553,0.6581,1,1,0,5,1,-0.4337
75.87,19,1094.82,2.68,5,5.16,24,3.3,13,719.0,24.49,-2.0359,-0.4376,-0.1523,1,1,0,8,1,-0.4211
139.39,8,14033.65,13.68,6,13.08,46,14.98,28,722.0,36.07,0.4671,1.3956,0.0286,0,0,0,7,1,-0.4482
474.53,2,14965.6,14.37,5,10.97,33,19.92,45,714.0,26.33,1.3672,0.9672,0.641,0,0,0,4,1,-0.4684
252.89,7,13931.8,16.63,5,14.21,50,7.02,54,735.0,26.23,1.1248,0.8266,-1.0733,0,0,0,1,1,-0.455
63.75,13,2662.9,5.28,2,2.9,18,4.18,18,691.0,29.21,-1.821,-1.0139,0.6964,1,1,0,8,1,-0.4178
1314.7,7,48043.97,10.58,12,23.01,26,8.09,30,732.0,20.1,1.2315,3.4071,-0.8039,0,0,-1,9,-1,-0.5734
27.84,24,1344.5,4.55,2,1.55,35,1.3,5,671.0,34.71,-2.7168,-1.4673,0.4089,1,1,0,0,1,-0.4627
11.58,17,1434.72,3.34,1,7.03,26,2.11,3,689.0,24.01,-2.3184,-1.0139,0.1813,1,1,0,0,1,-0.4293
118.6,6,19215.65,25.5,4,11.06,28,1.7,23,699.0,8.6,-0.1253,0.1809,-1.0291,0,0,0,1,1,-0.4307
379.74,9,14898.14,2.62,4,5.22,29,16.58,41,789.0,12.94,0.7545,-0.6409,0.305,0,0,0,7,1,-0.4753
195.37,11,21300.09,8.69,5,12.72,62,11.73,20,792.0,36.27,0.7826,0.8359,-0.4575,0,0,0,1,1,-0.4921
50.35,16,1011.77,2.26,3,5.3,34,6.72,15,659.0,41.5,-1.9228,-0.3559,0.7321,1,1,0,8,1,-0.4127
157.51,9,12549.07,2.89,5,14.88,42,5.62,35,702.0,35.91,-0.3184,1.1135,-0.491,0,0,0,3,1,-0.4383
31.54,14,763.31,3.49,2,9.98,19,3.49,19,532.0,69.78,-3.1857,0.8185,1.9999,1,1,0,5,1,-0.5038
556.86,17,16610.54,40.47,4,6.09,42,12.95,23,774.0,13.82,0.9333,-0.4872,-0.1169,0,0,0,7,1,-0.5272
1526.05,6,67978.91,11.51,1,3.95,64,8.25,54,805.0,3.03,3.5918,-1.9329,-0.381,2,2,1,2,1,-0.5477
91.5,8,17440.35,23.1,7,10.16,51,0.62,24,775.0,27.83,0.4959,0.8959,-1.5221,0,0,0,1,1,-0.4631
255.3,6,61727.95,22.4,6,11.77,47,8.16,19,690.0,43.39,0.7571,1.5009,0.3119,0,0,0,9,1,-0.4732
406.69,8,13063.6,6.0,4,7.09,42,1.9,31,721.0,19.9,-0.0179,-0.3806,-0.7814,0,0,0,3,1,-0.4154
23.28,14,2394.12,3.85,1,2.83,28,2.62,9,524.0,20.02,-2.7875,-1.4014,0.4225,1,1,0,0,1,-0.4538
1314.04,6,108130.49,7.17,1,1.25,53,,39,801.0,6.57,3.1096,-2.0893,0.3748,2,2,1,2,1,-0.5241
118.88,7,13607.37,10.62,5,6.53,37,2.13,34,701.0,16.27,-0.1827,-0.2123,-0.9897,0,0,0,1,1,-0.4143
22.65,19,1545.74,8.94,4,0.93,22,0.04,8,691.0,36.01,-2.5053,-0.8309,0.4153,1,1,0,5,1,-0.4347
9.12,16,1335.02,0.29,3,2.7,18,,19,636.0,24.25,-2.2923,-0.9824,0.6924,1,1,0,5,1,-0.4408
200.58,7,10448.04,10.7,7,5.87,33,8.03,34,724.0,6.34,0.2193,0.0331,-1.0471,0,0,0,3,1,-0.4291
904.52,3,72073.71,2.18,3,13.18,29,3.48,35,794.0,37.67,1.3568,0.6628,0.7073,0,0,0,9,1,-0.5225
1668.51,3,117454.56,47.92,1,1.51,45,118.26,70,753.0,1.55,4.9246,-1.7076,1.24,2,2,1,6,1,-0.5153
13.8,8,3422.33,0.49,4,8.04,18,2.19,10,610.0,30.38,-2.2865,0.2795,0.2884,1,1,0,0,1,-0.4315
416.34,4,58376.29,7.37,5,12.3,33,12.15,3,716.0,22.22,0.446,1.0129,0.4596,0,0,0,9,1,-0.5036
368.95,5,23830.28,7.81,12,15.45,40,0.19,25,656.0,73.71,-0.6699,3.8482,-0.0766,0,0,-1,9,-1,-0.5555
17.69,12,2586.7,0.46,2,3.73,22,2.47,8,626.0,13.99,-2.2804,-1.2143,0.0386,1,1,0,0,1,-0.4156
388.52,6,56231.74,38.03,6,20.48,23,6.41,7,727.0,38.58,0.4729,2.705,0.3171,0,0,0,9,1,-0.5421
13.36,9,2475.79,8.73,5,1.9,50,1.13,5,641.0,6.17,-1.1037,-0.9424,-1.4249,1,1,0,5,1,-0.4627
5388.64,3,118404.85,23.78,2,0.34,46,12.64,34,777.0,15.89,3.5839,-1.3363,1.3449,2,2,1,2,1,-0.5122
369.19,9,10449.53,8.18,10,14.07,34,18.26,25,706.0,25.98,0.2081,2.2696,-0.16,0,0,0,7,1,-0.4726
127.1,9,12614.09,8.35,1,12.84,27,1.52,46,752.0,26.79,-0.2497,-0.2818,-0.3042,0,0,0,3,1,-0.4572
1110.22,5,67510.1,10.72,3,0.15,41,5.22,35,786.0,8.99,2.0673,-1.5584,0.0915,2,2,1,2,1,-0.4845
267.02,13,10796.87,12.39,1,7.4,43,20.0,44,744.0,1.93,0.9688,-1.391,0.0164,0,0,0,4,1,-0.4956
2314.22,5,61648.37,39.22,2,0.64,54,23.53,53,765.0,2.06,4.2063,-1.5815,0.6891,2,2,1,6,1,-0.5373
3087.7,4,84593.94,21.16,3,0.04,47,27.14,53,797.0,6.33,4.1063,-1.4365,1.0785,2,2,1,6,1,-0.5118
809.36,4,68411.45,8.73,11,24.11,53,8.39,29,741.0,12.43,2.0825,2.9014,-1.7681,0,0,0,9,-1,-0.561
283.26,14,18499.82,3.18,3,11.4,37,0.27,43,668.0,12.26,-0.687,-0.5306,-1.0704,1,0,0,3,1,-0.4526
7.36,16,1645.36,12.82,3,3.21,25,5.83,6,551.0,14.9,-2.5289,-0.9527,0.2467,1,1,0,5,1,-0.4588
1551.83,3,94473.18,2.45,2,2.01,49,1.33,54,767.0,17.57,2.8948,-1.5683,0.2685,2,2,1,2,1,-0.5192
33.48,21,1985.49,4.93,2,0.92,39,9.06,8,666.0,25.34,-1.9466,-1.5761,0.5414,1,1,0,8,1,-0.464
154.16,7,10431.97,52.99,7,8.18,38,1.18,46,615.0,40.96,-0.0023,1.2276,-0.518,0,0,0,1,1,-0.5108
173.78,6,18009.49,9.59,5,12.22,20,8.34,43,711.0,16.33,0.024,0.6153,-0.3255,0,0,0,3,1,-0.449
127.6,13,17200.53,1.85,3,10.25,36,6.6,20,752.0,10.79,-0.5188,-0.5137,-0.6627,1,0,0,3,1,-0.4382
109.72,6,13660.77,5.36,3,11.5,31,17.84,37,697.0,21.06,0.2611,0.2769,0.5173,0,0,0,3,1,-0.4494
10.78,16,2923.72,7.28,8,8.6,24,0.72,14,735.0,15.13,-1.6322,0.5067,-1.253,1,1,0,5,1,-0.4488
423.79,12,9260.81,5.59,7,13.18,43,0.5,24,720.0,51.96,-0.7501,1.6413,-0.3471,0,0,0,3,1,-0.4756
367.73,8,11231.44,1.23,9,9.31,36,0.68,44,735.0,22.95,-0.0209,0.9751,-1.4347,0,0,0,3,1,-0.4644
13.04,14,3033.86,1.73,3,9.63,18,9.18,1,660.0,11.49,-2.103,-0.2693,0.1765,1,1,0,5,1,-0.4517
5.89,15,1271.68,10.28,4,1.44,20,0.2,13,632.0,41.01,-2.5404,-0.479,0.6737,1,1,0,5,1,-0.4282
160.04,8,13887.34,8.17,3,6.42,34,5.01,42,690.0,19.35,-0.1769,-0.6369,-0.3415,0,0,0,3,1,-0.4172
67.41,11,1446.97,2.63,1,6.33,27,4.39,17,651.0,11.28,-1.5866,-1.2193,-0.127,1,1,0,8,1,-0.4212
64.25,16,1264.12,3.03,4,5.48,24,3.52,15,653.0,25.67,-2.1695,-0.4524,0.0932,1,1,0,8,1,-0.4029
195.04,11,22528.74,1.04,3,14.01,31,0.12,29,710.0,3.79,-0.6719,-0.2616,-1.326,0,0,0,3,1,-0.4507
2159.94,2,120554.46,19.05,3,0.5,49,4.47,63,814.0,11.15,4.1156,-1.5489,0.1327,2,2,1,2,1,-0.5086
21.92,10,1359.22,15.67,3,9.34,31,3.64,16,668.0,9.63,-1.0709,-0.3543,-0.7891,1,1,0,8,1,-0.4195
17.22,8,1540.73,12.82,2,2.12,18,0.44,8,630.0,15.84,-1.9414,-1.1366,0.0792,1,1,0,5,1,-0.4552
22.03,16,1602.13,10.56,4,9.45,29,1.93,9,604.0,51.07,-2.5739,0.685,0.6689,1,1,0,5,1,-0.4428
370.79,5,18085.92,19.99,4,12.85,25,21.89,46,682.0,17.69,0.9617,0.7692,0.6171,0,0,0,4,1,-0.489
47.66,15,1799.48,3.24,1,4.59,28,0.32,8,701.0,27.42,-2.0529,-1.2332,0.1797,1,1,0,0,1,-0.4185
845.73,3,46310.64,8.49,6,19.21,22,2.55,8,671.0,31.46,-0.1907,2.2581,0.1308,0,0,0,9,1,-0.5147
2164.05,2,52906.09,10.41,3,0.95,33,2.31,67,732.0,8.36,2.4183,-1.5003,0.0148,2,2,1,2,1,-0.5254
70.07,8,13841.25,15.0,5,6.11,46,1.95,34,797.0,11.59,0.6189,-0.5037,-1.5759,0,0,0,1,1,-0.4488
130.15,11,46070.52,1.73,9,16.82,34,33.29,53,735.0,46.76,0.7766,2.536,0.6474,0,0,-1,4,-1,-0.5573
102.89,11,12715.42,10.16,3,10.03,35,3.18,39,680.0,25.52,-0.599,-0.162,-0.4228,0,0,0,1,1,-0.4262
46.66,17,1929.94,0.66,1,4.1,19,3.39,21,638.0,6.22,-2.2493,-1.796,-0.0555,1,1,0,0,1,-0.4429
107.06,9,16987.81,2.55,7,5.01,41,10.27,40,712.0,21.22,0.1326,0.0982,-0.5285,0,0,0,3,1,-0.4419
3447.22,7,73422.3,12.14,3,2.02,35,6.08,74,723.0,4.17,2.7097,-1.6223,0.1795,2,2,1,2,1,-0.5284
723.66,6,6357.56,11.93,6,7.04,34,3.16,19,758.0,10.97,0.307,0.0978,-0.937,0,0,0,7,1,-0.4474
3562.76,1,107711.63,187.45,2,4.18,49,10.79,60,772.0,7.06,4.6578,-1.0886,0.4647,2,2,1,2,1,-0.514
180.95,3,13361.46,4.52,8,10.15,37,3.49,30,667.0,19.56,-0.2087,1.1279,-1.1889,0,0,0,3,1,-0.4331
778.31,3,58818.2,59.55,11,23.93,49,18.0,9,730.0,17.03,2.5011,3.5941,-0.7982,0,0,-1,9,-1,-0.6054
7.13,12,1975.45,6.95,1,1.69,34,0.97,7,580.0,38.03,-2.4107,-1.1207,0.726,1,1,0,5,1,-0.4458
1185.04,1,101102.36,37.38,2,1.33,54,0.11,9,727.0,7.31,2.6746,-1.2998,-0.1375,2,2,1,2,-1,-0.5847
219.23,8,13890.54,37.31,6,10.99,53,5.5,51,682.0,25.87,1.1544,0.8218,-1.2144,0,0,0,1,1,-0.4748
621.72,13,12476.54,91.29,4,8.67,57,1.91,25,708.0,18.52,0.7669,-0.1509,-1.186,0,0,0,7,1,-0.4913
1174.1,4,49950.66,165.38,1,1.83,39,50.29,62,753.0,15.5,3.4626,-1.2838,1.3421,2,2,1,6,1,-0.5411
5.75,19,1634.05,4.05,3,6.5,37,1.21,9,643.0,22.44,-2.2926,-0.7959,-0.4216,1,1,0,0,1,-0.4165
235.73,8,19003.41,23.61,4,11.82,35,7.7,35,770.0,26.23,0.6933,0.5221,-0.3118,0,0,0,1,1,-0.4392
608.79,1,127616.53,39.85,2,2.33,48,6.32,101,808.0,5.61,4.3264,-1.5732,-0.4256,2,2,1,2,-1,-0.5598
39.16,6,42724.93,2.79,8,24.31,36,7.08,26,688.0,28.91,-0.0829,2.6119,-0.8777,0,0,0,9,1,-0.4898
23.59,16,1067.73,5.69,4,1.38,37,6.25,19,620.0,32.76,-1.8681,-0.7819,0.3623,1,1,0,5,1,-0.4228
12.88,12,2536.84,13.72,3,7.25,28,11.56,14,678.0,21.77,-1.0882,-0.2608,0.3978,1,1,0,8,1,-0.4265
2549.19,3,111545.33,133.93,4,2.41,47,23.3,97,817.0,19.48,5.3586,-0.6164,1.2633,2,2,1,6,-1,-0.5632
33.75,11,1684.54,4.1,3,8.25,24,1.4,18,673.0,40.29,-1.879,0.0923,0.3853,1,1,0,0,1,-0.4011
1148.01,5,44950.54,4.36,10,19.52,36,7.8,46,617.0,26.72,0.9143,2.8206,-0.5468,0,0,0,9,-1,-0.5592
17.86,20,3571.43,13.29,4,9.64,24,0.16,15,636.0,45.16,-2.6153,0.3999,0.3911,1,1,0,5,1,-0.4413
222.42,5,12089.66,16.21,5,8.71,50,13.94,49,750.0,8.0,1.6287,-0.0581,-1.0208,0,0,0,7,1,-0.4593
508.46,3,12848.34,0.5,7,9.44,52,3.8,35,751.0,18.77,0.9023,0.597,-1.457,0,0,0,3,1,-0.4633
6.73,12,2003.63,2.79,1,4.58,18,2.71,11,630.0,47.15,-2.5662,-0.5475,1.3936,1,1,0,0,1,-0.4379
23.53,12,2356.05,6.04,1,6.24,23,7.8,19,623.0,2.77,-1.5979,-1.3484,-0.0537,1,1,0,5,1,-0.441
326.76,14,17970.49,51.88,2,12.29,38,14.08,36,690.0,36.34,0.5172,0.4321,0.8099,0,0,0,7,1,-0.506
10.21,16,2314.33,1.49,1,6.39,39,3.66,4,630.0,49.09,-2.4153,-0.5012,0.9545,1,1,0,5,1,-0.4509
77.34,3,19704.55,11.17,5,12.15,42,1.74,18,796.0,16.47,0.4831,0.5675,-1.4197,0,0,0,1,1,-0.4731
2776.67,4,133487.03,5.59,1,3.19,35,0.77,45,749.0,12.18,2.4196,-1.653,0.6664,2,2,1,2,1,-0.5167
292.63,10,21752.27,3.2,6,8.22,44,5.69,37,624.0,36.99,-0.5339,0.5938,-0.1037,0,0,0,3,1,-0.4529
337.23,1,62778.59,14.82,10,12.28,37,21.1,32,749.0,27.09,1.9991,2.3073,0.1987,0,0,0,4,1,-0.521
436.7,7,13537.6,3.68,11,6.37,21,,32,697.0,28.05,-0.4295,1.5457,-0.3194,0,0,0,3,1,-0.5001
2099.96,8,44158.92,28.92,7,10.99,20,25.01,26,679.0,43.0,1.3658,1.9747,2.2362,0,0,0,4,-1,-0.5726
283.61,4,53987.88,11.72,5,22.93,18,29.3,35,710.0,40.55,0.7931,2.5711,1.4015,0,0,0,4,1,-0.5365
14.54,12,2191.4,4.76,7,8.47,30,4.96,5,735.0,9.32,-1.2246,0.3243,-1.1429,1,1,0,5,1,-0.4303
370.83,6,7048.63,10.57,4,11.34,36,0.61,18,713.0,15.52,-0.3398,0.2222,-1.0249,0,0,0,3,1,-0.4271
500.45,6,15687.02,33.74,3,11.61,52,11.22,35,741.0,31.01,1.5864,0.5187,-0.0929,0,0,0,7,1,-0.4557
125.99,14,3593.46,4.6,7,7.28,40,6.91,45,766.0,11.53,0.0251,-0.1202,-1.3766,0,0,0,3,1,-0.4658
632.78,5,57513.79,29.3,8,23.76,18,10.85,20,659.0,62.43,0.2788,3.877,1.4998,0,0,0,9,-1,-0.5766
192.98,11,17974.55,8.37,2,11.67,45,6.9,36,696.0,18.62,-0.0014,-0.368,-0.5349,0,0,0,3,1,-0.4196
252.28,10,13774.98,31.96,8,8.57,47,3.63,31,680.0,13.57,0.3994,0.7246,-1.6109,0,0,0,1,1,-0.4555
459.08,5,17764.45,4.58,9,10.44,41,9.21,39,693.0,22.6,0.5655,1.3904,-0.8357,0,0,0,3,1,-0.4579
27.93,7,39714.51,40.5,4,12.21,28,2.04,41,643.0,43.11,0.0522,1.13,0.2395,0,0,0,9,1,-0.5195
1469.17,3,165432.36,48.99,5,4.32,43,34.68,70,801.0,16.0,4.995,-0.1646,1.0846,2,2,1,6,1,-0.5441
256.5,4,9506.57,14.08,2,12.05,43,3.53,41,686.0,19.84,0.3795,-0.0701,-0.783,0,0,0,1,1,-0.4447
53.64,9,8159.47,2.89,7,8.07,55,9.2,62,738.0,3.42,1.0761,-0.2,-2.0166,0,0,0,3,1,-0.4839
2124.92,1,58808.84,3.68,2,1.84,53,0.4,73,740.0,3.52,3.0537,-1.9485,-0.7503,2,2,1,2,1,-0.5443
14.22,5,2722.75,27.22,4,2.78,45,1.16,6,558.0,44.8,-1.3512,0.2054,0.2555,1,1,-1,8,1,-0.5285
1756.79,2,155384.11,34.13,1,2.25,62,24.68,52,782.0,3.78,5.1001,-1.5985,0.9018,2,2,1,6,1,-0.5272
159.6,8,14813.93,1.43,6,7.98,59,1.52,75,744.0,12.3,1.2489,-0.4312,-2.2342,0,0,0,3,1,-0.5032
148.67,7,16842.26,16.83,7,13.36,44,0.75,52,754.0,15.74,0.8425,0.8708,-1.9977,0,0,0,1,1,-0.4681
26.33,13,2589.13,3.29,2,2.35,29,2.15,10,751.0,56.4,-1.7668,-0.563,1.1802,1,1,0,0,1,-0.4524
52.32,15,1943.81,7.13,3,0.33,28,0.35,12,572.0,7.23,-2.4091,-1.6341,-0.4297,1,1,0,8,1,-0.4394
2406.68,2,128160.79,32.04,1,0.55,47,3.0,64,779.0,2.63,4.1755,-2.0761,0.0481,2,2,1,2,1,-0.5029
511.83,8,16279.55,9.7,1,9.53,49,19.65,25,803.0,28.55,1.3516,-0.3461,0.8697,0,0,0,7,1,-0.5061
19569.51,3,44774.52,71.13,6,23.95,42,1.03,46,682.0,97.12,1.8926,3.4236,0.9096,0,0,-1,9,-1,-0.6084
1020.95,4,112443.41,21.59,1,4.01,49,34.89,56,768.0,2.42,3.9829,-1.5478,0.9109,2,2,1,6,1,-0.5204
14.34,9,2387.6,0.05,3,8.29,21,1.4,2,597.0,59.98,-2.8406,0.7602,1.3848,1,1,0,0,1,-0.4693
177.07,12,18092.12,11.08,6,,22,14.26,55,667.0,30.08,-0.177,0.5043,0.6129,0,0,0,3,1,-0.4853
16.59,13,1735.97,16.72,1,4.6,19,4.73,16,627.0,60.73,-2.2489,-0.1515,1.9504,1,1,0,5,1,-0.4666
289.4,12,1395.0,2.27,2,3.25,31,0.85,22,686.0,94.49,-1.8294,-0.0604,1.7672,1,1,0,7,1,-0.4709
56.69,14,2730.36,16.81,6,8.12,33,2.3,11,673.0,3.58,-1.2698,-0.0862,-1.4124,1,1,0,8,1,-0.4446
105.66,15,2830.01,17.31,6,2.97,37,3.74,14,686.0,27.74,-1.231,-0.189,-0.3582,1,1,0,8,1,-0.4392
29.89,13,2235.36,1.01,2,6.11,18,0.37,17,685.0,44.51,-2.2884,-0.3645,0.8366,1,1,0,0,1,-0.4198
9.09,9,442.07,5.11,3,8.18,31,5.93,16,675.0,43.45,-1.4373,0.269,0.6194,1,1,0,5,1,-0.4084
926.36,9,15076.67,10.2,4,8.0,33,31.9,35,676.0,3.91,0.9083,-0.2878,0.4617,0,0,0,4,1,-0.4989
19.54,12,2120.82,4.19,3,4.08,37,4.3,1,656.0,16.71,-1.717,-0.8961,-0.2889,1,1,0,5,1,-0.4316
4.61,14,2461.23,0.7,1,6.77,24,2.3,9,668.0,41.69,-2.3733,-0.5611,0.8824,1,1,0,0,1,-0.4222
1834.3,5,35946.37,15.91,11,23.87,36,18.59,15,695.0,99.72,1.2089,4.7758,1.8927,0,0,0,9,-1,-0.6192
1875.14,3,111975.87,84.24,1,4.61,56,14.45,63,748.0,1.58,4.8315,-1.4427,0.4791,2,2,1,2,1,-0.5171
6.85,16,548.98,6.99,4,2.52,34,8.58,8,672.0,38.58,-1.8174,-0.4271,0.745,1,1,0,8,1,-0.4446
36.65,12,677.62,11.71,5,8.51,39,0.33,7,607.0,17.01,-1.7905,0.0813,-1.0245,1,1,0,8,1,-0.4435
771.92,7,57506.73,0.59,5,21.32,60,1.38,30,704.0,55.59,0.7945,2.234,-0.2034,0,0,0,9,1,-0.5385
169.86,6,55998.1,28.96,8,11.63,18,4.18,33,,16.97,0.4265,1.4004,-0.5692,0,0,0,9,1,-0.5051
5.34,14,2691.68,1.96,2,4.07,20,1.82,14,712.0,26.71,-1.987,-1.0378,0.3076,1,1,0,0,1,-0.4174
209.26,2,58725.07,33.22,10,21.83,43,2.38,31,698.0,40.83,1.2265,3.5728,-1.1507,0,0,0,9,1,-0.5333
366.27,4,59114.37,48.29,10,24.3,37,3.99,31,658.0,58.8,0.878,4.074,-0.0941,0,0,0,9,-1,-0.5692
2187.81,3,117809.18,13.75,2,4.12,50,44.67,45,835.0,3.96,4.4329,-1.2784,1.0327,2,2,1,6,1,-0.5239
3.92,21,1759.16,6.08,1,4.71,37,0.05,14,714.0,3.98,-1.7922,-2.0434,-0.9847,1,1,0,0,1,-0.4544
13.28,14,1584.15,1.88,1,5.39,23,4.41,15,659.0,14.22,-1.9723,-1.3402,0.1141,1,1,0,5,1,-0.4185
16.65,16,1207.39,5.89,5,3.41,33,8.04,12,635.0,52.89,-2.1205,0.2316,1.128,1,1,0,5,1,-0.4361
159.87,14,12161.14,4.41,2,10.18,45,8.52,44,723.0,7.89,0.0865,-0.9673,-0.8718,0,0,0,3,1,-0.4442
225.06,5,10459.6,1.52,3,12.51,39,11.7,40,673.0,6.29,0.3043,-0.0772,-0.6592,0,0,0,3,1,-0.4611
120.86,11,5519.97,1.64,5,6.79,51,0.27,31,744.0,19.05,-0.3017,-0.4476,-1.4935,0,0,0,3,1,-0.4296
161.77,7,8429.21,3.94,4,13.32,29,0.23,25,693.0,21.87,-0.9122,0.5165,-0.8032,0,0,0,3,1,-0.4226
1506.05,2,88485.69,50.42,1,2.18,39,5.69,25,761.0,2.7,3.1258,-1.4796,0.5013,2,2,1,2,1,-0.5208
18.68,14,2291.97,2.38,7,1.91,35,7.37,4,710.0,23.32,-1.485,-0.1748,-0.2747,1,1,0,5,1,-0.4522
71.92,16,1393.43,10.42,3,4.9,25,9.22,5,703.0,22.28,-1.6323,-0.6669,0.4809,1,1,0,8,1,-0.4434
251.54,15,21802.29,2.46,5,13.69,41,9.14,26,730.0,22.35,-0.3336,0.5452,-0.4932,0,0,0,3,1,-0.454
39.0,17,4321.74,5.49,4,4.89,18,2.18,13,724.0,35.02,-2.1114,-0.3515,0.4235,1,1,0,0,1,-0.4278
1371.33,3,83402.07,16.59,1,1.08,44,14.47,76,788.0,1.81,4.0593,-2.0752,0.5955,2,2,1,2,1,-0.5252
1438.1,2,92739.1,6.3,2,3.77,42,29.06,41,817.0,10.91,3.6292,-1.098,1.4175,2,2,1,6,1,-0.5232
2195.55,3,50340.29,15.0,3,2.8,61,15.32,24,753.0,9.81,2.9628,-0.9747,0.3927,2,2,1,2,1,-0.5454
52.0,11,2787.89,8.53,1,5.17,18,9.66,16,676.0,14.14,-1.3759,-1.1241,0.6074,1,1,0,8,1,-0.4431
12.17,10,2827.29,6.14,2,2.0,25,6.16,12,622.0,37.28,-1.9481,-0.7475,1.0876,1,1,0,5,1,-0.4164
182.24,16,8487.91,1.56,5,13.45,42,2.48,40,756.0,14.55,-0.391,0.0887,-1.5283,0,0,0,3,1,-0.4664
60.79,15,1514.77,1.38,1,8.7,24,0.84,16,617.0,33.9,-2.523,-0.5617,0.48,1,1,0,0,1,-0.4254
11.65,14,1328.01,2.83,4,2.31,26,1.23,1,662.0,41.82,-2.5096,-0.3588,0.6195,1,1,0,0,1,-0.4248
470.87,9,16973.56,4.78,4,8.45,31,3.29,23,724.0,17.39,-0.3644,-0.1908,-0.4164,0,0,0,3,1,-0.4188
3559.51,6,72078.61,4.19,12,13.45,42,11.84,21,667.0,83.33,1.128,3.7604,1.745,0,0,0,9,-1,-0.6109
1434.44,5,104025.15,162.33,3,2.8,49,16.96,62,774.0,21.58,4.4544,-0.7432,1.2868,2,2,1,2,1,-0.5371
125.22,11,19436.58,21.01,2,8.08,32,14.54,28,703.0,34.2,-0.0469,-0.095,1.0697,0,0,0,7,1,-0.4523
1500.66,3,147121.29,27.92,2,4.96,32,10.87,67,769.0,2.68,3.9484,-1.2004,0.7095,2,2,1,2,1,-0.5201
1810.11,3,61814.83,19.86,3,4.47,47,0.95,114,809.0,7.49,3.6462,-1.2979,-0.7797,2,2,1,2,1,-0.5275
504.51,9,5320.1,30.84,1,8.19,28,5.46,54,715.0,19.19,0.6367,-0.7663,-0.0314,0,0,0,7,1,-0.4975
10.91,14,1935.26,2.92,1,7.38,24,0.95,10,635.0,15.15,-2.3008,-1.0855,-0.1432,1,1,0,0,1,-0.4143
597.26,9,16046.85,13.45,5,6.93,56,3.65,15,671.0,25.59,0.0567,0.0725,-0.6633,0,0,0,7,1,-0.4464
4.46,19,2344.84,11.43,5,8.55,18,6.82,1,618.0,40.74,-2.8235,0.648,0.9037,1,1,0,5,1,-0.4904
14.77,18,879.06,2.9,3,9.8,28,3.01,4,705.0,19.18,-2.1276,-0.3998,-0.3696,1,1,0,0,1,-0.4281
233.14,16,22492.35,10.18,5,6.54,43,6.54,23,721.0,22.27,-0.4262,-0.2942,-0.4262,0,0,0,1,1,-0.4372
805.85,4,44770.09,25.44,13,22.82,22,14.41,20,728.0,53.58,0.9899,4.5681,0.7219,0,0,0,9,-1,-0.5931
155.79,8,12993.36,22.92,2,12.54,35,3.14,15,750.0,37.68,-0.2744,0.4782,0.059,0,0,0,1,1,-0.448
31.43,13,1965.76,13.27,2,4.46,32,8.01,17,630.0,20.65,-1.4194,-0.9335,0.2968,1,1,0,8,1,-0.4287
2262.71,3,44588.64,32.36,1,1.65,66,35.09,43,806.0,18.31,4.1743,-1.3396,0.9001,2,2,1,6,-1,-0.5762
16.43,24,1868.75,9.75,6,3.38,18,11.41,9,648.0,15.86,-2.4551,-0.4912,0.3663,1,1,0,8,1,-0.5169
424.57,10,21697.17,33.1,7,8.74,46,2.61,33,720.0,9.85,0.8621,0.3894,-1.6132,0,0,0,1,1,-0.4538
25.39,14,1619.66,2.42,4,9.22,18,1.14,15,623.0,25.86,-2.486,0.0753,-0.038,1,1,0,0,1,-0.4109
184.44,11,18432.3,27.51,3,10.91,31,2.02,39,682.0,5.54,-0.0425,-0.375,-1.0995,0,0,0,1,1,-0.4708
13.85,17,2513.11,6.64,3,8.51,26,1.99,18,698.0,48.59,-2.0881,0.1126,0.6336,1,1,0,5,1,-0.4164
189.7,7,21835.08,38.06,1,11.96,41,0.75,31,780.0,5.85,1.0821,-0.5916,-1.3621,0,0,0,1,1,-0.5015
1027.11,3,62523.06,16.08,5,14.46,18,1.73,19,695.0,28.73,0.514,1.397,0.484,0,0,0,9,1,-0.527
1623.27,1,133328.91,3.45,5,2.46,42,4.07,71,785.0,11.68,3.6532,-0.935,0.0054,2,2,1,2,1,-0.5431
144.33,4,15043.47,28.93,7,12.88,37,4.98,51,728.0,19.79,1.08,1.2398,-1.3372,0,0,0,1,1,-0.4661
14.94,14,1788.67,1.74,2,0.71,18,19.8,20,627.0,7.6,-1.4781,-1.5596,1.2239,1,1,0,8,1,-0.5122
15.16,12,1994.5,2.46,1,7.22,18,3.16,11,685.0,59.63,-2.3477,0.0118,1.678,1,1,0,5,1,-0.4469
3.59,16,1987.65,16.39,1,4.01,29,4.9,4,751.0,32.27,-1.4855,-1.0702,0.5874,1,1,0,8,1,-0.4763
172.49,9,18551.54,14.99,4,8.98,44,1.64,39,659.0,26.72,-0.1879,0.016,-0.7226,0,0,0,1,1,-0.4333
12.77,12,918.1,7.32,2,3.08,18,3.55,10,605.0,40.49,-2.5326,-0.5744,1.1892,1,1,0,5,1,-0.4323
799.13,11,15696.49,12.93,4,12.81,36,4.57,28,702.0,11.08,0.1421,0.1672,-0.7195,0,0,0,7,1,-0.4456
171.82,10,9311.86,5.7,4,6.48,29,8.84,15,731.0,9.21,-0.5897,-0.5081,-0.3254,1,0,0,3,1,-0.4177
533.23,3,48978.94,80.68,13,19.75,40,4.31,38,672.0,64.11,1.2181,4.4246,-0.2047,0,0,0,9,-1,-0.5928
260.72,9,7636.07,15.18,2,11.01,46,6.77,27,742.0,40.24,0.1068,0.1932,0.1436,0,0,0,1,1,-0.4389
37.66,19,2237.33,4.51,3,3.38,35,5.63,7,697.0,39.54,-2.0256,-0.7152,0.6347,1,1,0,8,1,-0.4255
459.97,6,14384.19,11.96,1,7.98,44,2.6,34,689.0,5.62,0.3741,-1.1645,-0.9103,0,0,0,3,1,-0.4396
14.05,15,3487.29,0.15,2,5.96,30,1.94,19,648.0,21.78,-2.0143,-1.0125,-0.119,1,1,0,0,1,-0.4131
35.2,17,2624.65,3.32,1,1.37,19,3.85,4,,28.91,-2.3921,-1.5115,0.9026,1,1,0,0,1,-0.4445
17.32,16,1772.65,12.1,3,6.42,33,4.33,5,672.0,32.72,-1.8884,-0.3305,0.2417,1,1,0,5,1,-0.4172
879.26,7,24333.46,58.33,12,14.68,26,6.18,1,,22.2,0.3916,3.0577,-0.784,0,0,-1,9,-1,-0.566
10.82,14,2044.13,12.72,4,6.68,25,0.41,9,606.0,46.39,-2.5201,0.3333,0.5971,1,1,0,5,1,-0.4289
1340.48,2,58556.36,100.88,4,4.72,31,9.06,86,742.0,0.46,3.5886,-0.744,-0.1948,2,2,1,2,-1,-0.5687
12.83,17,3430.3,0.04,4,2.54,20,6.67,16,679.0,73.89,-2.5745,0.3033,2.2196,1,1,0,5,1,-0.4827
169.96,9,18482.27,28.81,5,10.97,18,4.26,33,719.0,19.8,-0.1627,0.609,-0.3642,0,0,0,1,1,-0.4682
567.76,9,54090.41,5.63,2,22.93,18,8.24,17,616.0,45.38,-0.912,1.8057,1.5333,0,0,-1,9,-1,-0.5602
37.24,12,1998.21,1.2,4,5.37,18,2.78,18,689.0,49.91,-2.1044,0.1901,0.9725,1,1,0,0,1,-0.4302
191.55,6,6971.5,0.78,5,13.05,47,1.3,35,734.0,14.13,0.1134,0.3588,-1.7248,0,0,0,3,1,-0.4346
344.68,6,58884.08,2.77,9,15.87,33,4.46,18,672.0,33.53,-0.161,2.3269,-0.3748,0,0,0,9,1,-0.4844
26.5,17,2348.26,0.38,4,3.86,30,1.02,14,634.0,19.54,-2.333,-0.8936,-0.3671,1,1,0,0,1,-0.4043
425.42,5,11644.56,2.73,6,10.11,53,9.31,35,683.0,31.72,0.4995,0.8311,-0.4619,0,0,0,3,1,-0.4416
324.88,4,14119.66,33.83,4,8.1,46,10.69,29,748.0,14.27,1.4655,0.0634,-0.6196,0,0,0,7,1,-0.4603
8.92,15,3627.04,7.49,2,3.08,18,2.27,21,662.0,16.21,-1.9966,-1.3679,0.1002,1,1,0,5,1,-0.4227
8.93,14,2588.88,2.66,3,8.21,29,2.33,7,707.0,31.62,-1.8997,-0.2041,0.0345,1,1,0,0,1,-0.4031
183.07,8,16487.69,14.7,1,12.21,32,4.8,53,748.0,19.93,0.4934,-0.4477,-0.4175,0,0,0,1,1,-0.4613
530.78,3,56377.36,6.21,7,18.51,33,14.15,1,657.0,25.8,0.2714,2.3993,0.3764,0,0,0,9,1,-0.5429
6.12,15,1630.82,0.29,5,0.6,18,3.53,9,653.0,16.66,-2.4042,-0.9286,0.027,1,1,0,5,1,-0.4457
247.41,9,17928.39,10.67,6,10.75,28,8.27,45,695.0,24.01,-0.0089,0.7127,-0.2802,0,0,0,3,1,-0.4308
10459.0,5,41115.78,26.26,10,10.32,49,26.69,21,744.0,37.64,2.5699,2.3376,0.8152,0,0,-1,4,-1,-0.5671
28.74,15,2220.76,13.16,1,6.61,27,0.12,14,612.0,53.38,-2.4807,-0.2736,1.1148,1,1,0,5,1,-0.4414
48.0,16,719.24,2.09,3,5.66,22,2.33,21,654.0,18.33,-2.1278,-0.8791,-0.134,1,1,0,0,1,-0.4056
171.35,11,9684.5,2.16,2,12.21,53,15.89,22,778.0,11.13,0.5834,-0.4212,-0.4904,0,0,0,3,1,-0.4864
409.83,5,19488.08,8.5,1,12.75,32,1.27,37,749.0,34.2,0.1655,0.0433,0.0401,0,0,0,3,1,-0.4597
40.32,16,2847.86,1.41,2,2.26,40,2.19,9,627.0,2.61,-1.9221,-1.8923,-0.7957,1,1,0,0,1,-0.4358
345.24,12,19944.61,11.8,8,11.21,51,21.84,58,771.0,28.84,1.6593,1.1448,-0.2925,0,0,0,4,1,-0.5312
6.84,21,1764.69,1.76,2,6.53,43,2.54,7,677.0,42.98,-2.3094,-0.6596,0.3367,1,1,0,0,1,-0.447
40.73,15,1277.56,4.74,2,7.7,38,5.4,13,647.0,36.05,-1.8119,-0.396,0.3798,1,1,0,8,1,-0.4132
228.86,8,8202.05,1.08,6,13.49,52,6.09,28,696.0,13.72,0.0256,0.6803,-1.5285,0,0,0,3,1,-0.4299
375.91,7,63628.47,1.52,7,21.58,50,47.08,16,688.0,60.81,0.7204,3.2525,1.3093,0,0,0,4,-1,-0.5772
18.81,12,3491.32,1.33,1,5.39,29,1.62,3,627.0,32.93,-2.3718,-0.8256,0.5519,1,1,0,0,1,-0.4286
3414.54,8,64435.41,1.91,10,24.17,22,4.19,28,695.0,69.57,0.35,4.0036,1.3515,0,0,0,9,-1,-0.6102
177.93,6,9321.49,3.31,4,,54,0.12,31,720.0,26.56,0.0228,-0.195,-1.1675,0,0,0,3,1,-0.4271
457.94,7,59531.92,51.78,5,20.89,31,1.23,30,688.0,51.2,0.642,2.5703,0.2547,0,0,0,9,1,-0.5361
1733.4,1,43732.15,51.54,9,19.95,34,12.86,27,683.0,24.65,2.4057,3.1806,0.0231,0,0,0,9,-1,-0.5848
655.83,2,29708.02,9.44,7,14.77,48,1.29,24,688.0,40.16,0.5192,1.9256,-0.6433,0,0,0,9,1,-0.4702
10.3,20,2711.53,2.12,1,5.5,24,2.89,13,622.0,29.99,-2.7855,-1.1463,0.6349,1,1,0,0,1,-0.4323
69.03,12,1705.84,27.47,4,2.81,38,2.74,14,625.0,11.8,-1.0712,-0.8208,-0.7292,1,1,0,8,1,-0.4549
1374.57,7,174085.01,1.3,6,2.19,50,11.4,69,802.0,11.24,3.6633,-0.9118,0.1232,2,2,1,2,-1,-0.5567
11.77,9,3272.4,2.04,2,9.29,43,0.24,14,730.0,27.05,-0.9841,-0.4239,-0.6734,1,0,0,0,1,-0.4267
196.51,2,60428.08,40.27,8,21.44,38,1.22,25,751.0,22.15,1.5282,2.7348,-1.5679,0,0,0,9,1,-0.5376
9.21,17,1751.27,4.97,1,4.09,40,0.7,14,739.0,47.48,-1.7002,-1.0122,0.5034,1,1,0,0,1,-0.4495
2097.75,3,95132.6,20.13,2,0.06,52,5.5,65,792.0,8.91,3.9817,-1.8942,0.1255,2,2,1,2,1,-0.5019
26.42,8,3115.12,9.42,2,7.84,30,2.47,11,625.0,23.03,-1.6032,-0.3795,-0.0659,1,1,0,5,1,-0.407
1471.14,4,57144.68,42.48,3,4.37,67,2.95,60,850.0,19.76,4.2751,-0.9116,-0.7908,2,2,1,2,-1,-0.5844
113.49,6,15107.76,5.68,6,10.24,39,0.12,26,723.0,19.78,-0.2906,0.5113,-1.3118,0,0,0,3,1,-0.4113
511.52,8,13014.63,24.48,4,13.92,45,2.12,21,719.0,7.22,0.4877,0.33,-1.4955,0,0,0,7,1,-0.4438
978.26,1,62594.42,3.25,2,0.99,42,4.96,64,850.0,22.13,2.8372,-1.5468,0.2146,2,2,1,2,-1,-0.5605
379.34,5,64252.57,16.36,7,10.78,42,43.78,20,652.0,48.19,0.9407,1.9406,1.5211,0,0,0,4,1,-0.5185
169.84,9,19688.38,10.57,9,8.13,37,7.48,41,714.0,8.97,0.3385,0.6756,-1.4078,0,0,0,1,1,-0.4473
722.42,6,16633.23,28.23,3,8.0,32,0.84,34,808.0,26.27,1.0533,-0.1402,-0.306,0,0,0,7,1,-0.4856
20.17,15,1365.65,5.7,1,3.53,34,5.52,21,598.0,47.65,-2.1478,-0.8192,1.2215,1,1,0,5,1,-0.4335
245.19,6,12338.35,7.63,8,9.35,38,6.32,38,698.0,13.91,0.22,0.7959,-1.2503,0,0,0,3,1,-0.4273
200.64,12,16887.93,34.71,7,9.03,36,23.81,40,730.0,9.87,1.2039,0.6336,-0.3006,0,0,0,4,1,-0.5028
45.88,11,2026.08,2.03,4,1.66,23,7.63,14,654.0,18.63,-1.6769,-0.835,0.3095,1,1,0,8,1,-0.4178
807.72,4,113156.92,12.72,3,2.08,45,11.55,32,774.0,16.17,2.6175,-1.0465,0.7985,2,2,1,2,1,-0.5099
46753.37,3,72928.56,50.63,1,4.33,56,3.22,37,804.0,93.39,3.0792,0.1611,2.0784,2,0,-1,9,-1,-0.5871
11.93,10,2072.8,1.26,1,5.84,22,2.62,4,759.0,31.47,-1.6349,-0.7977,0.5036,1,1,0,0,1,-0.4694
51.93,14,787.12,4.09,3,8.74,18,0.5,23,597.0,10.96,-2.3261,-0.5743,-0.4771,1,1,0,0,1,-0.4362
2895.85,7,60308.84,4.72,10,15.31,36,34.37,17,744.0,40.22,1.758,2.8325,1.268,0,0,0,4,-1,-0.5758
491.0,4,51191.35,34.59,6,19.51,27,11.87,12,673.0,28.85,0.7658,2.4833,0.3643,0,0,0,9,1,-0.5349
1428.48,3,86264.19,1.25,4,0.46,59,13.58,54,809.0,0.98,3.8614,-1.5998,-0.0684,2,2,1,2,-1,-0.5621
9.02,16,1503.51,17.84,4,1.49,36,7.24,10,668.0,37.18,-1.5402,-0.5329,0.5682,1,1,0,8,1,-0.459
375.18,6,21904.72,7.24,11,9.22,44,3.95,40,701.0,9.75,0.5987,1.2769,-1.9824,0,0,0,3,1,-0.4804
201.5,9,73847.21,15.13,10,24.73,29,0.24,37,604.0,49.26,-0.4096,3.4718,-0.3463,0,0,-1,9,-1,-0.581
74.71,22,3094.49,0.29,2,9.06,26,1.32,14,669.0,50.34,-2.8062,-0.1879,0.8836,1,1,0,8,1,-0.4439
304.35,8,18206.19,11.01,8,14.57,44,3.48,45,769.0,17.73,0.8295,1.2811,-1.7832,0,0,0,1,1,-0.4542
9.75,14,914.57,0.35,1,0.35,33,2.54,11,734.0,23.16,-1.5962,-1.8626,0.1327,1,1,0,0,1,-0.4446
138.73,11,19123.49,10.19,8,11.73,39,2.76,37,730.0,37.07,-0.2244,1.3804,-0.8406,0,0,0,1,1,-0.4401
183.88,11,19144.18,12.81,7,9.99,39,1.23,51,751.0,34.95,0.2016,0.7997,-0.9382,0,0,0,1,1,-0.4621
1043.87,3,124720.69,19.12,4,,35,19.54,42,821.0,8.37,3.6347,-0.144,0.9696,2,2,1,2,1,-0.546
320.65,7,8890.73,22.33,5,13.43,53,5.84,44,772.0,7.16,1.4477,0.3379,-1.8987,0,0,0,1,1,-0.4662
1002.8,6,47004.67,85.33,4,21.78,36,2.06,20,580.0,50.5,0.3213,2.5888,0.6517,0,0,0,9,-1,-0.5612
740.12,2,92457.63,15.42,2,0.86,57,0.35,54,769.0,23.93,2.7583,-1.5103,-0.1739,2,2,1,2,1,-0.5318
268.57,3,8848.91,3.86,1,14.27,31,17.19,49,794.0,35.39,1.0975,0.4163,0.9115,0,0,-1,3,1,-0.5173
1776.67,2,125169.7,20.4,2,1.96,43,7.99,77,788.0,41.56,3.9888,-0.8613,1.6475,2,2,1,2,-1,-0.5505
844.34,2,44741.41,40.09,5,17.44,29,5.05,13,726.0,22.77,1.3099,1.8326,-0.1828,0,0,0,9,1,-0.5378
58.93,17,2235.64,5.24,2,8.98,18,10.11,12,638.0,54.6,-2.4724,0.3249,1.9149,1,1,0,8,1,-0.4708
1.5,5,2532.89,0.41,2,0.86,22,1.96,13,736.0,32.85,-1.3185,-1.0102,0.5466,1,1,0,0,1,-0.4681
264.71,12,10699.6,3.18,5,11.3,35,0.7,37,672.0,3.97,-0.6971,-0.1605,-1.565,0,0,0,3,1,-0.44
2078.98,0,118657.91,73.21,1,4.74,54,10.94,55,749.0,15.12,4.5544,-1.0086,0.7921,2,2,1,2,1,-0.5299
11.4,17,3363.38,10.39,5,9.29,18,11.27,12,697.0,21.13,-1.667,0.2755,0.3072,1,1,0,8,1,-0.4688
301.6,5,31416.98,37.53,8,15.17,35,6.48,32,671.0,54.91,0.5251,2.7791,0.2541,0,0,0,9,1,-0.4916
593.0,10,58291.51,8.17,10,21.13,41,15.75,34,707.0,38.31,1.049,3.2044,0.0214,0,0,0,9,1,-0.5454
155.23,11,11201.94,76.84,6,7.55,32,4.42,2,703.0,15.21,-0.445,0.4695,-0.7288,0,0,0,1,1,-0.4846
24.01,17,1941.37,0.47,1,1.41,36,3.97,14,620.0,45.71,-2.4089,-1.2345,1.1046,1,1,0,5,1,-0.4341
4634.68,7,16329.39,31.71,5,11.4,45,0.62,25,694.0,84.89,0.7717,1.9161,1.2692,0,0,-1,9,-1,-0.5646
77.46,19,2085.04,6.32,1,3.96,38,5.49,11,640.0,56.57,-2.2944,-0.6868,1.453,1,1,0,8,1,-0.4634
21.63,15,2796.8,7.66,5,8.83,26,2.94,14,661.0,36.64,-2.0384,0.4703,0.0989,1,1,0,5,1,-0.4051
38.09,20,1096.41,0.21,3,7.51,22,0.88,24,618.0,18.04,-2.6327,-0.8273,-0.2698,1,1,0,0,1,-0.4345
303.41,10,14142.79,0.26,5,5.64,62,3.37,40,737.0,10.06,0.6086,-0.8321,-1.7358,0,0,0,3,1,-0.4641
377.24,16,16042.11,12.74,4,7.41,69,,43,667.0,25.29,0.4355,-0.5369,-0.9102,0,0,0,3,1,-0.4873
7.47,17,2066.84,3.52,3,3.66,18,3.5,7,561.0,28.86,-3.1312,-0.6936,0.7465,1,1,0,5,1,-0.4432
35.88,12,1327.69,0.62,4,8.1,18,8.0,22,642.0,16.04,-1.767,-0.1852,0.0807,1,1,0,5,1,-0.4286
9.9,13,1615.04,8.85,1,7.86,27,0.79,8,653.0,24.33,-2.0563,-0.7573,0.0372,1,1,0,5,1,-0.4277
167.11,3,15671.82,17.79,5,7.75,30,28.55,43,724.0,12.14,1.217,0.2638,0.2035,0,0,0,4,1,-0.4656
17.89,10,1728.62,6.68,1,4.59,26,1.19,11,666.0,19.3,-1.7395,-1.1927,0.0056,1,1,0,5,1,-0.4104
23.82,19,1401.26,1.29,2,3.16,36,0.15,10,571.0,7.31,-2.6776,-1.7454,-0.6282,1,1,0,0,1,-0.4464
339.8,8,7221.84,11.95,2,8.4,35,0.7,32,694.0,14.93,-0.3364,-0.7077,-0.7113,1,0,0,3,1,-0.4176
597.93,10,12448.5,3.27,3,6.31,45,7.4,31,746.0,52.35,0.0595,0.0169,0.9054,0,0,0,7,1,-0.4652
3228.23,5,96365.57,38.76,2,2.9,46,10.48,70,800.0,10.38,4.4705,-1.3663,0.5246,2,2,1,2,1,-0.5159
6.35,12,3376.07,10.02,4,9.56,31,1.5,8,612.0,24.2,-2.0024,0.183,-0.3924,1,1,0,5,1,-0.4291
415.23,4,17267.86,12.22,5,12.64,37,8.23,30,711.0,14.26,0.5868,0.6892,-0.7064,0,0,0,7,1,-0.4353
4.84,8,1575.72,3.18,4,2.32,33,0.52,2,516.0,32.72,-2.6382,-0.3082,0.253,1,1,0,0,1,-0.4957
4722.93,5,120697.74,35.12,1,1.43,37,7.08,41,826.0,5.0,3.7365,-1.7736,0.7396,2,2,1,2,1,-0.5198
7.51,18,1416.82,2.36,1,8.39,29,4.48,11,653.0,44.94,-2.4587,-0.41,0.9722,1,1,0,5,1,-0.4478
22.71,16,1697.2,13.68,4,1.59,21,0.84,1,680.0,15.41,-2.1987,-1.0242,-0.2164,1,1,0,5,1,-0.4467
186.17,9,16477.79,18.91,5,7.15,28,17.86,33,757.0,29.77,0.5486,0.4271,0.8145,0,0,0,7,1,-0.475
193.98,8,10501.84,69.13,4,6.64,44,0.28,51,682.0,11.77,0.7861,-0.4762,-1.468,0,0,0,1,1,-0.4868
1194.28,3,39828.77,19.14,12,13.52,31,23.19,1,714.0,44.63,1.2005,3.5741,1.1763,0,0,-1,4,-1,-0.5843
19.53,13,1144.45,1.7,3,,25,2.84,13,662.0,24.79,-2.0164,-0.3446,-0.0221,1,1,0,0,1,-0.3931
297.33,4,43273.91,3.82,6,18.12,24,6.44,47,677.0,40.58,0.1448,2.0616,0.2026,0,0,0,9,1,-0.5074
2126.49,8,90183.91,76.36,2,3.9,49,5.49,57,748.0,12.42,3.5212,-1.2642,0.2424,2,2,1,2,1,-0.5116
267.43,8,9485.38,30.46,5,10.71,38,3.45,32,665.0,35.25,-0.0659,0.9112,-0.3383,0,0,0,1,1,-0.4533
47.77,15,1795.21,8.14,2,7.9,41,1.43,15,682.0,10.72,-1.3469,-1.05,-0.9676,1,1,0,8,1,-0.4156
3328.94,4,71770.83,64.41,1,4.42,55,2.11,36,815.0,2.74,3.6202,-1.5297,-0.5347,2,2,1,2,1,-0.5328
15.76,22,862.03,10.91,3,0.59,39,8.23,12,693.0,48.01,-1.9119,-0.9049,1.0855,1,1,0,8,1,-0.4837
211.69,12,9954.07,1.65,10,6.5,38,9.85,47,769.0,20.51,0.302,0.7618,-1.0595,0,0,0,3,1,-0.4943
91.83,22,2913.44,1.6,5,2.76,26,5.29,15,639.0,7.39,-2.3479,-1.1532,-0.4211,1,1,0,8,1,-0.4453
159.14,6,12326.16,7.31,5,10.79,45,12.62,37,690.0,11.63,0.5352,0.2916,-0.7732,0,0,0,3,1,-0.4313
62.58,16,3435.09,5.83,2,8.0,30,9.38,11,700.0,28.55,-1.531,-0.4832,0.5621,1,1,0,8,1,-0.414
688.15,4,29526.1,10.15,10,12.87,36,20.06,37,635.0,32.35,0.9456,2.4597,0.4812,0,0,0,4,1,-0.5133
1346.22,0,104389.61,6.04,7,1.04,48,13.79,86,784.0,12.84,4.3055,-0.5023,0.2364,2,2,1,2,-1,-0.5724
125.6,7,19614.53,12.86,3,14.65,51,2.45,26,,9.28,0.2264,0.1137,-1.5824,0,0,0,1,1,-0.436
42.07,15,2003.75,4.47,1,7.68,31,4.8,14,584.0,21.08,-2.2199,-0.8972,0.2189,1,1,0,8,1,-0.4307
175.11,10,43913.72,11.56,4,24.63,19,3.55,11,713.0,46.59,-0.9983,2.1727,0.5758,0,0,0,9,1,-0.5241
222.93,5,15056.74,2.1,9,9.51,43,9.71,17,661.0,6.34,-0.0898,1.0282,-1.3304,0,0,0,3,1,-0.4609
1358.49,4,60123.48,79.79,3,0.87,52,4.22,76,781.0,0.34,3.9887,-1.7098,-0.861,2,2,1,2,-1,-0.5501
9.35,21,1654.61,5.83,1,3.18,23,11.39,6,603.0,27.91,-2.6846,-1.2784,1.3649,1,1,0,8,1,-0.4948
195.24,7,17899.55,6.76,6,14.26,54,3.83,14,734.0,3.54,0.2957,0.6145,-2.0718,0,0,0,3,1,-0.4525
3518.08,3,105799.8,37.65,3,4.22,43,3.1,39,733.0,7.07,3.3561,-0.8637,0.1422,2,2,1,2,1,-0.4992
147.58,21,1310.73,3.18,3,3.43,34,1.59,11,746.0,41.69,-1.9856,-0.851,0.3936,1,1,0,8,1,-0.4446
298.19,3,60960.71,15.13,17,17.41,29,12.81,22,691.0,52.64,0.5975,3.9405,0.4912,0,0,0,9,-1,-0.559
41.9,20,1437.9,2.01,1,0.85,22,1.16,6,667.0,31.19,-2.8234,-1.6739,0.7743,1,1,0,0,1,-0.438
2728.86,3,104168.93,73.84,1,1.05,52,23.71,83,756.0,6.8,5.202,-1.7297,1.1801,2,2,1,6,1,-0.5408
473.66,6,22401.15,2.1,1,8.44,30,2.37,38,717.0,33.97,-0.1406,-0.5046,0.4551,0,0,0,3,1,-0.4462
1520.99,6,49479.2,10.38,5,10.78,39,1.84,12,730.0,46.49,0.824,1.1458,0.853,0,0,0,9,1,-0.5242
1966.54,1,104915.37,33.85,2,2.73,56,2.36,60,776.0,5.69,4.3611,-1.5094,-0.338,2,2,1,2,1,-0.5145
123.4,12,21726.46,14.11,6,13.17,30,3.86,34,647.0,5.88,-0.6228,0.5248,-1.2777,0,0,0,1,1,-0.4492
17.63,24,1564.42,12.36,6,5.42,20,5.62,12,632.0,6.08,-2.524,-0.5605,-0.5401,1,1,0,5,1,-0.4926
13.0,15,1325.76,6.22,3,4.91,26,0.24,7,543.0,9.38,-2.7862,-0.991,-0.438,1,1,0,5,1,-0.4479
27.75,3,64356.59,1.13,2,12.13,44,0.58,6,726.0,41.35,-0.1236,0.4542,0.2107,0,0,-1,9,1,-0.5161
3693.87,2,109218.93,16.49,2,4.42,41,5.51,68,746.0,7.57,3.6519,-1.3302,0.3426,2,2,1,2,1,-0.4959
54.7,2,60916.0,19.98,7,17.65,18,6.09,29,739.0,3.09,0.8371,1.6311,-1.1055,0,0,0,9,1,-0.5424
3308.79,7,38360.19,67.29,12,18.3,36,2.97,35,693.0,32.81,1.7354,3.4436,-0.8453,0,0,0,9,-1,-0.5891
78.04,13,955.71,2.57,1,3.42,22,1.26,11,672.0,32.81,-2.1948,-1.1278,0.6797,1,1,0,8,1,-0.4208
35.39,12,1293.23,3.95,3,9.37,38,1.92,17,698.0,4.67,-1.1135,-0.7252,-1.3015,1,1,0,0,1,-0.4231
75.37,7,17933.82,7.64,3,7.52,46,0.15,38,693.0,19.38,-0.0838,-0.6062,-1.0565,0,0,0,3,1,-0.4252
2700.15,3,97584.7,34.98,1,2.98,51,3.64,52,768.0,8.92,3.8457,-1.5831,0.1335,2,2,1,2,1,-0.5007
20.54,15,2620.62,5.29,3,7.23,21,6.37,14,629.0,5.43,-1.9967,-0.8074,-0.2606,1,1,0,5,1,-0.413
138.05,11,19396.63,0.04,6,10.19,56,,32,670.0,11.59,-0.0357,0.1169,-1.4261,0,0,0,3,1,-0.4402
278.66,4,17192.41,5.8,2,6.23,57,5.77,38,727.0,38.65,0.7404,-0.4532,-0.0564,0,0,0,3,1,-0.4469
240.97,5,14997.48,13.1,5,11.13,31,5.61,35,744.0,13.95,0.3977,0.4122,-0.8651,0,0,0,1,1,-0.4224
8.2,12,1074.14,0.78,2,7.45,29,7.93,9,633.0,10.19,-1.7761,-0.8325,-0.0758,1,1,0,5,1,-0.427
12.35,10,1788.32,0.52,4,8.55,28,1.8,17,625.0,51.56,-2.1632,0.6465,0.6483,1,1,0,0,1,-0.426
419.99,8,42535.12,7.41,8,15.66,23,25.8,25,795.0,44.3,0.7673,2.4561,1.1984,0,0,0,4,1,-0.5417
1753.85,5,39615.31,16.91,3,,38,0.19,10,,55.91,0.5123,0.6782,1.4504,0,0,0,9,1,-0.535
2649.21,1,126000.5,23.44,1,2.15,47,7.95,63,766.0,8.1,4.1239,-1.707,0.5758,2,2,1,2,1,-0.4966
225.72,4,7466.22,1.73,5,13.03,47,,35,734.0,24.05,0.4584,0.751,-0.9307,0,0,0,3,1,-0.4413
296.03,5,19253.52,4.84,2,12.99,37,1.87,46,709.0,8.46,0.3585,-0.3734,-1.1422,0,0,0,3,1,-0.4531
104.17,9,2772.75,3.9,2,2.76,31,0.99,7,649.0,58.7,-2.0687,-0.2491,1.3117,1,1,0,8,1,-0.4418
182.88,10,15076.29,20.21,5,11.65,33,2.85,41,780.0,34.4,0.2495,0.7191,-0.5301,0,0,0,1,1,-0.4524
145.96,7,12626.12,5.79,3,14.87,25,3.48,40,710.0,27.05,-0.458,0.5743,-0.3166,0,0,0,3,1,-0.4425
261.29,6,8605.97,23.9,5,5.04,42,4.98,26,724.0,20.54,0.3994,-0.0967,-0.6886,0,0,0,1,1,-0.4251
196.98,8,22768.84,25.43,5,6.81,52,12.57,29,744.0,18.7,1.1996,0.0272,-0.5179,0,0,0,1,1,-0.4435
36.27,14,2848.48,1.68,3,9.89,27,3.31,14,726.0,26.78,-1.6144,-0.1563,-0.1395,1,1,0,0,1,-0.4107
14.93,16,1853.49,11.13,1,8.19,32,2.64,16,568.0,12.06,-2.1897,-1.0634,-0.316,1,1,0,5,1,-0.446
1122.4,4,72391.33,25.19,6,10.72,36,1.97,32,696.0,47.39,1.4092,1.4769,0.7294,0,0,0,9,1,-0.5199
89.91,10,15330.31,5.26,7,13.21,33,2.54,32,762.0,33.84,-0.4109,1.2808,-0.8124,0,0,0,3,1,-0.4468
44.64,12,1461.52,1.26,2,8.02,22,3.02,12,680.0,41.35,-2.0886,-0.127,0.7668,1,1,0,0,1,-0.4146
43.05,17,2467.49,0.59,5,7.12,37,0.2,18,659.0,6.47,-1.8062,-0.6818,-1.3957,1,1,0,0,1,-0.4224
2062.71,3,115848.27,10.72,2,3.15,43,16.86,66,758.0,39.07,3.7226,-0.6679,2.2941,2,2,1,2,1,-0.5278
15.47,18,1318.91,1.82,4,8.4,35,1.48,14,660.0,7.46,-1.9658,-0.705,-1.1386,1,1,0,0,1,-0.4168
349.68,9,14238.59,6.88,5,7.83,30,7.52,46,750.0,29.94,0.2091,0.1806,-0.0018,0,0,0,3,1,-0.4303
84.5,11,2179.18,9.56,1,7.23,18,3.95,3,589.0,52.18,-2.6611,0.0717,1.6928,1,1,0,8,1,-0.4767
24.04,14,2425.67,0.13,4,6.56,21,7.4,14,603.0,55.44,-2.5963,0.5283,1.5454,1,1,0,5,1,-0.4385
30.33,20,1614.39,0.26,4,8.45,20,0.97,5,688.0,7.8,-2.5632,-0.6588,-0.7278,1,1,0,0,1,-0.4433
1605.43,5,54553.18,112.65,8,10.05,44,8.52,24,733.0,52.94,2.2597,2.1601,1.0063,0,0,-1,9,-1,-0.5616
17.43,14,1677.72,5.02,4,5.38,29,1.49,5,717.0,57.01,-2.1053,0.2899,0.8592,1,1,0,0,1,-0.4391
420.47,2,47092.93,24.39,6,22.17,31,11.98,32,695.0,61.09,0.9155,3.2881,1.1147,0,0,0,9,1,-0.5314
6.56,17,77.44,1.11,1,,18,0.49,13,618.0,23.41,-2.8535,-0.9265,0.2675,1,1,0,0,1,-0.4606
32.81,22,1870.67,4.4,3,0.58,20,0.11,1,635.0,40.66,-3.3495,-1.0277,0.939,1,1,0,0,1,-0.4719
1329.87,4,115994.83,23.54,1,3.77,38,14.35,53,721.0,13.6,3.3061,-1.2505,1.4575,2,2,1,2,1,-0.5114
132.95,5,16546.99,5.2,2,12.48,53,13.78,48,717.0,28.37,1.0407,0.0934,-0.1037,0,0,0,3,1,-0.4635
37.92,21,2775.23,12.1,3,5.63,25,1.25,15,561.0,20.55,-2.8464,-0.8391,-0.0142,1,1,0,8,1,-0.4482
96.62,9,16677.19,24.46,12,12.76,42,9.27,23,733.0,16.97,0.484,2.2874,-1.6868,0,0,0,1,1,-0.484
672.5,12,18394.69,1.64,9,12.14,48,4.87,40,688.0,36.92,0.0604,1.5651,-0.7615,0,0,0,3,1,-0.486
14.19,11,2337.44,4.41,4,1.86,29,11.51,5,717.0,21.69,-1.178,-0.6973,0.4682,1,1,0,8,1,-0.4481
1035.85,3,147420.81,33.28,4,3.09,51,14.96,83,845.0,6.24,5.024,-1.035,0.0274,2,2,1,2,-1,-0.5639
368.42,12,13428.64,8.8,5,5.23,27,5.96,46,654.0,13.48,-0.4824,-0.5169,-0.3474,1,0,0,3,1,-0.4616
1014.12,4,53413.16,40.93,8,24.23,44,2.45,27,724.0,48.55,1.7607,3.3151,-0.3305,0,0,0,9,1,-0.5457
157.94,13,11854.13,5.85,5,10.32,40,6.99,48,712.0,21.19,-0.0909,0.0753,-0.7672,0,0,0,3,1,-0.4338
241.17,2,30273.38,32.5,13,23.24,45,18.96,17,782.0,47.47,1.793,4.4428,-0.2502,0,0,-1,9,-1,-0.6137
26.74,21,1621.74,0.22,6,2.3,28,2.65,13,616.0,33.81,-2.8351,-0.3687,0.1764,1,1,0,0,1,-0.4424
346.51,7,18114.64,8.28,7,8.29,35,23.74,37,793.0,14.75,1.2876,0.5866,-0.0456,0,0,0,4,1,-0.4747
364.96,7,16727.27,18.23,4,12.76,37,6.88,37,719.0,22.87,0.5158,0.5555,-0.464,0,0,0,1,1,-0.4162
1238.45,3,103631.78,166.63,3,0.57,59,10.36,62,766.0,14.34,4.4397,-1.2663,0.2795,2,2,1,2,1,-0.5439
1549.68,4,56447.97,5.29,4,23.41,38,2.06,33,723.0,63.45,1.1855,2.4848,1.1281,0,0,0,9,-1,-0.5599
556.73,2,50506.27,42.48,8,19.89,40,7.51,20,730.0,36.07,1.6399,3.0238,-0.4433,0,0,0,9,1,-0.5291
29.77,19,1795.66,0.65,4,4.18,37,2.63,21,633.0,54.61,-2.3993,-0.1642,0.757,1,1,0,0,1,-0.4395
99.97,18,2001.8,3.16,5,9.63,25,3.39,5,611.0,18.18,-2.5849,0.1102,-0.3427,1,1,0,8,1,-0.4467
577.56,5,11355.13,5.23,4,7.92,35,4.43,48,749.0,15.88,0.7264,-0.3197,-0.6795,0,0,0,3,1,-0.4366
514.59,6,13438.91,2.91,4,7.18,50,6.49,43,760.0,15.01,1.0354,-0.5191,-0.9292,0,0,0,3,1,-0.4439
409.55,8,7456.84,21.45,7,6.47,49,32.57,38,608.0,30.8,0.6394,0.8894,0.4438,0,0,0,4,1,-0.5165
38.48,11,1371.67,3.97,2,8.66,22,1.65,15,718.0,55.05,-1.8769,0.2516,1.036,1,1,0,0,1,-0.4392
1751.03,4,66765.14,81.55,1,0.59,56,7.22,46,786.0,9.23,3.7676,-1.7913,0.1442,2,2,1,2,1,-0.5278
309.29,11,13308.14,10.98,4,7.76,51,0.93,61,731.0,5.67,0.8058,-0.948,-1.8771,0,0,0,3,1,-0.4702
21.37,11,2211.42,1.44,4,3.3,18,3.13,8,706.0,9.73,-1.7706,-0.8998,-0.3211,1,1,0,0,1,-0.4286
10.52,18,1797.43,2.83,5,4.94,21,1.27,15,646.0,26.56,-2.5545,-0.3492,-0.0608,1,1,0,0,1,-0.4229
577.36,7,34371.15,31.57,6,11.16,36,22.49,28,732.0,37.35,1.4696,1.5097,1.0795,0,0,0,4,1,-0.4861
2632.13,2,96805.77,9.51,1,0.32,54,14.3,86,767.0,3.66,4.4169,-2.2023,0.6225,2,2,1,2,1,-0.5306
3325.98,5,27213.5,1.65,13,23.58,18,8.06,18,726.0,41.84,0.4053,4.0461,0.2354,0,0,0,9,-1,-0.6037
5.78,21,1929.06,17.4,2,2.73,35,2.66,17,558.0,28.84,-2.5115,-1.2194,0.3158,1,1,0,8,1,-0.4643
19.82,10,1796.84,2.99,3,8.83,24,5.06,19,597.0,25.38,-1.9542,-0.0502,0.2055,1,1,0,5,1,-0.4104
15.53,15,2401.45,0.02,3,6.55,20,0.7,17,638.0,42.64,-2.6197,-0.1727,0.6782,1,1,0,0,1,-0.4073
11.93,22,2988.61,10.93,8,2.18,32,11.51,11,637.0,24.73,-2.0006,0.0189,0.1139,1,1,0,8,1,-0.4991
22.5,13,1643.06,10.21,4,5.76,38,1.02,9,656.0,15.65,-1.5816,-0.5825,-0.8441,1,1,0,5,1,-0.4188
1100.28,3,114543.09,19.29,4,3.06,47,14.98,91,798.0,0.24,4.4486,-1.2274,0.0563,2,2,1,2,1,-0.5419
1539.71,5,51957.84,24.04,7,13.93,23,21.51,32,663.0,33.49,1.7518,2.1152,1.734,0,0,0,4,-1,-0.5585
132.18,8,13258.2,6.14,8,10.45,45,11.9,44,740.0,18.48,0.7167,0.921,-1.0587,0,0,0,3,1,-0.443
2503.08,7,37072.13,4.7,5,16.06,29,20.92,19,717.0,61.0,0.953,2.3298,2.642,0,0,0,4,-1,-0.583
16.04,10,472.53,5.4,3,0.11,31,1.9,11,704.0,37.59,-1.5772,-0.901,0.4407,1,1,0,0,1,-0.4163
6.66,22,2370.7,1.95,4,7.61,18,2.74,14,614.0,15.42,-2.9503,-0.589,-0.178,1,1,0,0,1,-0.445
1925.87,3,123343.53,14.53,3,1.97,40,15.36,58,800.0,24.03,3.8815,-0.889,1.6324,2,2,1,2,1,-0.5193
37.7,12,1554.3,0.91,1,0.52,26,6.75,23,657.0,11.84,-1.5122,-1.9366,0.276,1,1,0,8,1,-0.4398
85.6,3,72785.1,21.01,6,22.06,35,23.02,36,760.0,18.22,2.1061,2.226,-0.0391,0,0,0,4,-1,-0.5598
37.44,22,2285.34,1.44,4,1.58,34,2.54,10,663.0,16.2,-2.3645,-1.3965,-0.3897,1,1,0,0,1,-0.432
910.62,1,77454.69,11.37,2,,38,13.47,21,757.0,19.7,2.0748,-0.256,1.0584,2,2,1,2,1,-0.5169
243.74,7,6304.2,45.94,2,7.29,18,0.81,26,756.0,15.27,0.0426,-0.4866,-0.3529,0,0,0,1,1,-0.5017
763.85,5,19359.99,15.98,6,11.3,32,1.06,26,758.0,8.85,0.6814,0.5497,-1.226,0,0,0,7,1,-0.4524
12.69,16,1083.77,3.56,4,4.1,24,6.85,21,565.0,12.03,-2.3058,-0.8418,-0.0164,1,1,0,5,1,-0.4358
651.39,6,5610.88,43.2,7,11.22,28,6.94,38,744.0,42.44,0.9025,1.7619,0.1382,0,0,0,7,1,-0.4974
547.22,1,68135.32,24.77,5,1.54,57,15.34,26,766.0,8.64,2.833,-0.595,-0.1354,2,2,-1,2,1,-0.5443
34.97,22,2028.35,1.52,1,7.9,34,2.07,13,622.0,45.06,-2.8241,-0.6562,0.7576,1,1,0,0,1,-0.4475
60.31,12,1611.4,2.77,3,6.72,32,2.2,21,649.0,8.34,-1.4996,-0.9046,-0.8095,1,1,0,0,1,-0.4064
42.77,6,13485.96,16.39,7,6.91,41,9.2,34,817.0,12.11,1.0625,0.256,-1.2322,0,0,0,1,1,-0.4825
38.79,18,2034.96,9.65,2,4.92,33,4.76,10,712.0,23.27,-1.6466,-1.0944,0.0497,1,1,0,8,1,-0.4246
1737.96,0,124060.9,18.57,1,3.21,48,39.55,56,771.0,11.1,4.4747,-1.309,1.5148,2,2,1,6,1,-0.5128
5.72,11,2044.13,7.18,3,4.05,31,2.07,15,627.0,17.84,-1.739,-0.8738,-0.3053,1,1,0,5,1,-0.3981
50.33,10,12565.75,16.64,3,13.6,44,22.03,29,702.0,7.98,0.6085,0.1746,-0.2423,0,0,0,4,1,-0.4851
9.87,13,2287.51,3.31,4,7.86,19,0.5,17,609.0,14.43,-2.3413,-0.326,-0.4605,1,1,0,0,1,-0.4229
9.22,14,437.34,3.0,2,2.6,22,4.36,14,684.0,27.44,-1.9955,-1.1345,0.5527,1,1,0,5,1,-0.4113
216.83,4,15070.05,22.61,7,6.12,48,4.62,52,700.0,12.46,1.1732,0.1728,-1.5603,0,0,0,1,1,-0.4678
237.12,6,26238.71,11.2,9,10.56,28,39.81,45,779.0,5.5,1.4461,1.1474,-0.5538,0,0,0,4,1,-0.5132
191.41,7,12103.46,4.89,8,,42,15.68,29,734.0,40.02,0.3272,1.3103,0.2925,0,0,0,3,1,-0.4449
18.32,14,2368.12,0.94,5,3.27,25,3.11,3,714.0,20.52,-1.945,-0.5485,-0.2195,1,1,0,0,1,-0.4288
225.33,5,16517.36,11.06,2,11.61,54,7.77,37,657.0,50.13,0.2551,0.5645,0.4414,0,0,0,1,1,-0.4661
477.05,12,16339.03,17.9,5,9.69,41,7.8,13,750.0,6.97,0.2313,-0.0041,-0.8968,0,0,0,7,1,-0.4516
36.8,14,484.95,2.5,1,0.04,29,2.87,21,736.0,54.66,-1.7044,-1.1821,1.3379,1,1,0,0,1,-0.4525
196.03,6,14901.45,5.6,9,7.38,58,2.71,18,723.0,11.14,0.311,0.6329,-2.11,0,0,0,3,1,-0.4492
194.22,8,9164.19,12.05,3,7.62,43,7.07,30,730.0,36.87,0.0288,-0.0379,0.1245,0,0,0,1,1,-0.4072
2.32,15,2651.54,19.13,5,9.82,18,0.83,17,620.0,50.45,-2.3892,1.031,0.6292,1,1,0,5,1,-0.4734
2556.59,7,130216.6,18.67,3,2.44,44,59.5,53,782.0,3.25,3.9908,-1.3266,1.1568,2,2,1,6,1,-0.5195
2490.58,5,96399.6,43.78,2,1.04,46,45.6,82,794.0,1.56,5.0855,-1.6836,0.9224,2,2,1,6,1,-0.5301
279.6,11,18795.0,8.3,6,10.35,63,9.67,13,705.0,6.6,0.3937,0.1731,-1.5097,0,0,0,3,1,-0.4541
13.58,13,2466.04,7.59,1,8.8,31,1.0,26,739.0,41.48,-1.2748,-0.457,0.2737,1,0,0,5,1,-0.4194
9.75,15,1355.38,8.78,3,5.36,24,1.75,1,586.0,4.54,-2.5547,-0.9945,-0.5019,1,1,0,5,1,-0.4515
15.86,13,1915.75,2.93,1,4.56,35,5.57,5,635.0,15.15,-1.8554,-1.349,0.0403,1,1,0,5,1,-0.4205
850.72,6,78788.25,2.01,3,21.05,34,24.55,25,777.0,16.91,1.9395,1.2906,0.8236,0,0,-1,4,-1,-0.5708
109.81,6,12328.64,20.09,5,11.72,34,4.54,36,743.0,33.59,0.2298,0.9183,-0.4447,0,0,0,1,1,-0.4341
806.12,7,20220.7,18.35,7,13.54,41,1.88,31,699.0,22.01,0.581,1.2772,-1.064,0,0,0,7,1,-0.4509
5.98,22,1849.0,5.53,1,6.09,26,4.36,9,667.0,7.21,-2.3614,-1.646,-0.2012,1,1,0,5,1,-0.4546
24.87,24,2894.58,0.79,3,9.28,24,0.75,12,668.0,25.52,-2.8526,-0.5587,-0.1231,1,1,0,0,1,-0.4579
4.43,16,2499.62,1.73,2,8.47,41,13.01,2,668.0,42.51,-1.7159,-0.0702,1.087,1,1,0,8,1,-0.5006
122.66,3,10743.7,5.47,2,7.18,38,10.6,37,654.0,34.65,-0.0707,-0.1561,0.6275,0,0,0,3,1,-0.4472
243.33,6,12360.97,4.21,2,10.07,51,4.87,32,740.0,14.39,0.4805,-0.5959,-1.0048,0,0,0,3,1,-0.4234
297.88,12,12654.61,26.74,4,9.78,46,3.97,32,676.0,25.36,0.0143,0.1337,-0.6656,0,0,0,1,1,-0.4372
15.53,8,2104.93,2.13,1,1.46,36,1.09,8,677.0,30.57,-1.5582,-1.3222,0.2602,1,1,0,0,1,-0.4254
74.89,19,2853.2,4.68,3,8.75,36,5.92,13,705.0,22.05,-1.6053,-0.5305,-0.2429,1,1,0,8,1,-0.4169
98.46,5,20996.19,16.13,7,6.45,49,8.15,24,775.0,12.29,0.9839,0.2661,-1.2907,0,0,0,1,1,-0.4723
577.29,2,53338.22,12.95,7,21.67,29,2.86,21,,49.66,0.3237,3.096,0.181,0,0,0,9,1,-0.5014
702.75,1,88164.95,11.49,2,3.25,49,2.51,104,755.0,7.99,3.0955,-1.6481,-0.6408,2,2,1,2,1,-0.5207
174.45,10,13766.54,21.3,6,7.31,35,4.48,33,781.0,7.49,0.4595,-0.1194,-1.3351,0,0,0,1,1,-0.4465
492.52,6,48060.46,7.42,7,10.9,39,28.67,4,710.0,20.47,0.7422,1.2829,0.5728,0,0,0,4,1,-0.5035
9.1,19,1041.46,3.06,4,0.63,27,2.15,14,597.0,35.03,-2.826,-0.8937,0.5245,1,1,0,0,1,-0.427
220.39,9,17604.07,30.46,5,8.48,32,2.87,24,845.0,13.14,0.7821,0.0246,-1.111,0,0,0,1,1,-0.4751
140.09,15,16388.91,37.23,4,7.62,32,24.13,37,799.0,7.87,1.2129,-0.3556,0.0468,0,0,0,4,1,-0.5258
85.62,19,1255.0,16.67,1,7.34,34,1.71,16,561.0,27.88,-2.3971,-0.8679,0.2018,1,1,0,8,1,-0.4781
51.94,13,2204.32,1.25,3,7.13,30,5.66,14,614.0,48.57,-2.2066,0.1642,1.0186,1,1,0,8,1,-0.4156
5.81,16,1371.96,7.67,3,9.56,25,,9,622.0,16.94,-2.1309,-0.2558,0.0325,1,1,0,5,1,-0.4386
532.47,4,12548.44,14.45,5,5.42,38,1.27,38,697.0,37.96,0.2355,0.2679,-0.1115,0,0,0,7,1,-0.4522
352.46,7,20745.64,3.01,4,5.38,33,0.88,10,737.0,7.46,-0.4667,-0.7182,-0.8445,1,0,0,3,1,-0.4273
371.39,6,13294.83,18.9,6,,42,1.73,50,698.0,32.01,0.5344,0.519,-0.7701,0,0,0,1,1,-0.4539
944.23,3,43736.51,11.1,10,21.49,34,22.68,15,765.0,52.3,1.4686,4.0154,1.042,0,0,0,4,-1,-0.5706
32.83,13,2034.1,4.71,3,0.58,39,5.27,14,642.0,26.97,-1.5957,-1.1608,0.1849,1,1,0,5,1,-0.4211
231.21,6,21032.89,19.72,4,11.51,62,1.46,30,707.0,31.38,0.7105,0.466,-1.1556,0,0,0,1,1,-0.4551
1222.92,5,80317.07,3.04,1,1.66,50,21.43,94,837.0,2.18,4.1732,-2.1866,0.6575,2,2,1,6,-1,-0.5753
23.63,12,1624.98,4.06,3,0.73,36,0.4,1,640.0,22.9,-2.0717,-1.187,-0.1634,1,1,0,0,1,-0.4422
